﻿0,교촌치킨-안국점,4.7,서울특별시 종로구 화동 138-7 138-7 1층,rb**님,5.0,일주일 전,교촌레드순살 제일 맛있어요👍
1,교촌치킨-안국점,4.7,서울특별시 종로구 화동 138-7 138-7 1층,da**님,5.0,2022년 4월 12일,맛있어요~~^^^^
2,교촌치킨-안국점,4.7,서울특별시 종로구 화동 138-7 138-7 1층,ha**님,5.0,2022년 4월 10일,콥보반반 최애 메뉴입니다. 안국점 좋아요.
3,교촌치킨-안국점,4.7,서울특별시 종로구 화동 138-7 138-7 1층,ku**님,5.0,2022년 4월 9일,"맛있어요! 
근데 순살시켰은데 뼈가 두어개 나왔습니다…"
4,교촌치킨-안국점,4.7,서울특별시 종로구 화동 138-7 138-7 1층,ba**님,5.0,2022년 4월 9일,맛있게잘먹었습니다
5,교촌치킨-안국점,4.7,서울특별시 종로구 화동 138-7 138-7 1층,la**님,5.0,2022년 4월 8일,집근처 매장보다 여기가 더맛있어서 멀어도 여기서 시켜요~~
6,교촌치킨-안국점,4.7,서울특별시 종로구 화동 138-7 138-7 1층,k3**님,5.0,2022년 4월 8일,배송도 빠르고 맛있게 넘넘 잘 먹었습니다.나중에 또 주문하려고요~^^^
7,교촌치킨-안국점,4.7,서울특별시 종로구 화동 138-7 138-7 1층,rb**님,5.0,2022년 4월 6일,역시 교느님이 최고예요
8,교촌치킨-안국점,4.7,서울특별시 종로구 화동 138-7 138-7 1층,mi**님,3.3333333333333335,2022년 4월 4일,양이 적고 많이 식어서 도착했습니다.
9,교촌치킨-안국점,4.7,서울특별시 종로구 화동 138-7 138-7 1층,   손님,5.0,2022년 4월 2일,배달 신속하고 음식 맛이 좋았습니다.
10,교촌치킨-안국점,4.7,서울특별시 종로구 화동 138-7 138-7 1층,se**님,5.0,2022년 4월 1일,항상 맛있게 잘먹고있습니다 ^^
11,교촌치킨-안국점,4.7,서울특별시 종로구 화동 138-7 138-7 1층,ri**님,5.0,2022년 3월 31일,맛있어요… 반반콤보가 진리
12,교촌치킨-안국점,4.7,서울특별시 종로구 화동 138-7 138-7 1층,rb**님,5.0,2022년 3월 30일,교촌치킨 레드순살이 제일 맛나요
13,교촌치킨-안국점,4.7,서울특별시 종로구 화동 138-7 138-7 1층,92**님,3.0,2022년 3월 28일,역시 교촌. 맛있어요.
14,교촌치킨-안국점,4.7,서울특별시 종로구 화동 138-7 138-7 1층,ki**님,4.0,2022년 3월 26일,항상 그렇듯이 괜찮네요
15,교촌치킨-안국점,4.7,서울특별시 종로구 화동 138-7 138-7 1층,ha**님,5.0,2022년 3월 25일,배달 오래 걸리지 않았고 맛도 좋았어요.
16,교촌치킨-안국점,4.7,서울특별시 종로구 화동 138-7 138-7 1층,rb**님,4.0,2022년 3월 23일,"오늘은 치킨 껍질이 너무 딱딱해서 먹고나니 입 아프네요 ㅜㅜ 
배달하시는 분은 문자도 없이 가시고 ㅜㅜ"
17,교촌치킨-안국점,4.7,서울특별시 종로구 화동 138-7 138-7 1층,yo**님,5.0,2022년 3월 22일,맛나게 잘먹았습니다
18,교촌치킨-안국점,4.7,서울특별시 종로구 화동 138-7 138-7 1층,se**님,5.0,2022년 3월 19일,항상 맛있게 잘먹고있습니다 ^^
19,교촌치킨-안국점,4.7,서울특별시 종로구 화동 138-7 138-7 1층,rb**님,5.0,2022년 3월 18일,양도 많고 좋아요. 레드순살 추천요.
20,교촌치킨-안국점,4.7,서울특별시 종로구 화동 138-7 138-7 1층,kn**님,3.6666666666666665,2022년 3월 14일,"평소에는 안국에서 포장 자주했어요..
이번에는 요기요로 주문해봤는데 매번 맛있게 잘 먹었는데 이날은 치킨색부터 좀 진하다 싶었는데 좀 많이 짜더라구요.. 이날이 대통령선거날이라 바빠서 그런건지 배달도 70분이라고 되었었는데 보통은 그거보다 더 빨리 오는데 그날은 정확하게 70분 걸리더라구요… 다음에는 바쁘더라도 조금 신경을 써주시면 좋을것 같아요~"
21,교촌치킨-안국점,4.7,서울특별시 종로구 화동 138-7 138-7 1층,rb**님,3.3333333333333335,2022년 3월 12일,"배달 완료될 경우 앱 알람이나 문자 등이 없어서, 배달 완료된 줄도 모르고 있다가 ㅜㅜ 한참 지나서 현관문 열어보고 다 식은 치킨 먹었네요 ㅜㅠ"
22,교촌치킨-안국점,4.7,서울특별시 종로구 화동 138-7 138-7 1층,fx**님,5.0,2022년 3월 10일,안국잠이근방중제일맛나다
23,교촌치킨-안국점,4.7,서울특별시 종로구 화동 138-7 138-7 1층,ri**님,5.0,2022년 3월 10일,"한시간 반 기다려서 먹었지만
대선푸드로 … 잘먹었습니다"
24,교촌치킨-안국점,4.7,서울특별시 종로구 화동 138-7 138-7 1층,03**님,5.0,2022년 3월 9일,배송도빠르고 치킨도 바삭하고 맛있었어요
25,교촌치킨-안국점,4.7,서울특별시 종로구 화동 138-7 138-7 1층,st**님,4.666666666666667,2022년 3월 8일,생각만큼 바삭하지는 않았는데 역시 교촌이 맛있어요
26,교촌치킨-안국점,4.7,서울특별시 종로구 화동 138-7 138-7 1층,se**님,5.0,2022년 3월 6일,항상 맛있게 잘먹고있습니다 ^^
27,교촌치킨-안국점,4.7,서울특별시 종로구 화동 138-7 138-7 1층,po**님,5.0,2022년 3월 6일,약간 식었는데도 바삭바삭하고 맛있네요
28,교촌치킨-안국점,4.7,서울특별시 종로구 화동 138-7 138-7 1층,rb**님,5.0,2022년 3월 2일,레드순살 금요일마다 먹어요. 중독 돼서 ㅜㅜ
29,교촌치킨-안국점,4.7,서울특별시 종로구 화동 138-7 138-7 1층,po**님,5.0,2022년 3월 1일,맛있어요 레드콤보는 처음 먹어봤는데 별로 맵지않고 맛있네요
30,교촌치킨-안국점,4.7,서울특별시 종로구 화동 138-7 138-7 1층,ha**님,4.666666666666667,2022년 2월 20일,맛은 있는데 예번보다 짠 듯 해요. 조금 덜 짜면 좋을 것 같아요.
31,교촌치킨-안국점,4.7,서울특별시 종로구 화동 138-7 138-7 1층,ys**님,5.0,2022년 2월 16일,맛있어요 좋아요 ㅎㅎ
32,교촌치킨-안국점,4.7,서울특별시 종로구 화동 138-7 138-7 1층,da**님,4.666666666666667,2022년 2월 13일,"따뜻하고 맛있어요 
감사합니다 ^^"
33,교촌치킨-안국점,4.7,서울특별시 종로구 화동 138-7 138-7 1층,ri**님,5.0,2022년 2월 13일,역시교촌 콤보반반bbbb
34,교촌치킨-안국점,4.7,서울특별시 종로구 화동 138-7 138-7 1층,lk**님,5.0,2022년 2월 11일,튀김옷이 좀 많아서 살짝 느끼하긴 한데 그래도 맛있어요
35,교촌치킨-안국점,4.7,서울특별시 종로구 화동 138-7 138-7 1층,lo**님,4.666666666666667,2022년 2월 8일,맛있었고 따뜻하게 배달받아서 감사했습니다~
36,교촌치킨-안국점,4.7,서울특별시 종로구 화동 138-7 138-7 1층,ah**님,5.0,2022년 2월 6일,배달 빠르고 맛있어요
37,교촌치킨-안국점,4.7,서울특별시 종로구 화동 138-7 138-7 1층,wh**님,3.6666666666666665,2022년 2월 2일,배달 개늦게 왔습니다 주문하고 60분 찍힌건 당연 이해하는데 배달 중 치킨이 다 식어서 왔어요 평안좋은 배달기사는 안쓰셨으면하는 마음에 배달에 별1개 드립니다
38,교촌치킨-안국점,4.7,서울특별시 종로구 화동 138-7 138-7 1층,03**님,5.0,2022년 2월 2일,맛있었어요  항상 깔끔한포장 감사합니다
39,교촌치킨-안국점,4.7,서울특별시 종로구 화동 138-7 138-7 1층,se**님,5.0,2022년 1월 29일,너무 맛있게 잘먹었습니다 ~^^
40,교촌치킨-안국점,4.7,서울특별시 종로구 화동 138-7 138-7 1층,12**님,5.0,2022년 1월 28일,맛있어요 트러플치킨
41,교촌치킨-안국점,4.7,서울특별시 종로구 화동 138-7 138-7 1층,ne**님,5.0,2022년 1월 27일,맛있어요~~~~~~
42,교촌치킨-안국점,4.7,서울특별시 종로구 화동 138-7 138-7 1층,po**님,5.0,2022년 1월 25일,예상시간보다 더 일찍왔어요 식지도않고 바삭하고맛있네요
43,교촌치킨-안국점,4.7,서울특별시 종로구 화동 138-7 138-7 1층,ye**님,4.0,2022년 1월 21일,살짝 식고 눅눅했지만 나름 맛있었어요...!
44,교촌치킨-안국점,4.7,서울특별시 종로구 화동 138-7 138-7 1층,03**님,5.0,2022년 1월 20일,맛있어 바로 다 먹었어요
45,교촌치킨-안국점,4.7,서울특별시 종로구 화동 138-7 138-7 1층,tj**님,5.0,2022년 1월 16일,너무맛나요~♥~♥ ㅎㅎ
46,교촌치킨-안국점,4.7,서울특별시 종로구 화동 138-7 138-7 1층,kj**님,5.0,2022년 1월 16일,배달도 빠르고 맛있어요
47,교촌치킨-안국점,4.7,서울특별시 종로구 화동 138-7 138-7 1층,zk**님,5.0,2022년 1월 16일,"넘 맛있네요!! 소스도 두개나 주시구, 트러플사워소스가 맛있네용!! 글구 치킨무 빼달라구 요청드렸는데, 들어주셔서 감사합니당!!! 치킨무 빼고 콜라 2개를..ㅠㅠ 넘 감동이에여!! 맛도 서비스도 배달도 전부 만족스러웠습니당ㅎㅎㅎ"
48,교촌치킨-안국점,4.7,서울특별시 종로구 화동 138-7 138-7 1층,kd**님,5.0,2022년 1월 16일,자주시켜먹는곳! 맛있어요!
49,교촌치킨-안국점,4.7,서울특별시 종로구 화동 138-7 138-7 1층,tu**님,2.3333333333333335,2022년 1월 15일,다 식어서 오고 소스가 너무 얼룩덜룩 ㅠ
50,교촌치킨-안국점,4.7,서울특별시 종로구 화동 138-7 138-7 1층,ha**님,5.0,2022년 1월 14일,잘 먹었습니다. 할인 4천원 받으려고 잘 먹지 않는 치즈볼을 시켜서 남기긴 했네요.
51,교촌치킨-안국점,4.7,서울특별시 종로구 화동 138-7 138-7 1층,mu**님,5.0,2022년 1월 14일,"동대문점만 이용하다가 안국점 이용해봤는대
 앞으론 안국점만 이용해야갰어요 만족입니다"
52,교촌치킨-안국점,4.7,서울특별시 종로구 화동 138-7 138-7 1층,au**님,5.0,2022년 1월 14일,빨리오고 튀김도 좋아요
53,교촌치킨-안국점,4.7,서울특별시 종로구 화동 138-7 138-7 1층,yh**님,4.333333333333333,2022년 1월 13일,때때로 교촌치킨이 먹고 싶을때마다 시켜먹는 곳인데 이번 적양배추무피클은 오래 된건디 너무 물렁하고 피클이라는 아삭한 식감이 하나도 없었네요..다음번엔 싱싱하고 아삭한 피클로 보내주시기 바랄게요!
54,교촌치킨-안국점,4.7,서울특별시 종로구 화동 138-7 138-7 1층,dp**님,5.0,2022년 1월 12일,맛있어요~~👍🏻👍🏻👍🏻 치킨은 여기서 시켜 먹을게용ㅎㅎ
55,교촌치킨-안국점,4.7,서울특별시 종로구 화동 138-7 138-7 1층,jo**님,5.0,2022년 1월 9일,맛있습니다!!!!!!
56,교촌치킨-안국점,4.7,서울특별시 종로구 화동 138-7 138-7 1층,kd**님,5.0,2022년 1월 9일,자주 사먹는곳인데 이번에도 맛있어요!
57,교촌치킨-안국점,4.7,서울특별시 종로구 화동 138-7 138-7 1층,ra**님,5.0,2022년 1월 1일,배달  빠르고 맛있게 잘 먹었습니다
58,교촌치킨-안국점,4.7,서울특별시 종로구 화동 138-7 138-7 1층,jp**님,4.0,2021년 12월 27일,배달시간이 생각보다 빨랐고 맛도 굿!!
59,교촌치킨-안국점,4.7,서울특별시 종로구 화동 138-7 138-7 1층,s9**님,5.0,2021년 12월 26일,배달도 빠르고 맛있어요
60,교촌치킨-안국점,4.7,서울특별시 종로구 화동 138-7 138-7 1층,le**님,5.0,2021년 12월 25일,전마탱 맛있음...
61,교촌치킨-안국점,4.7,서울특별시 종로구 화동 138-7 138-7 1층,go**님,5.0,2021년 12월 24일,"항상 맛있게..
잘 먹었습니다"
62,교촌치킨-안국점,4.7,서울특별시 종로구 화동 138-7 138-7 1층,mo**님,5.0,2021년 12월 23일,좋아요 ~~~ 잘먹었습니다 ~~~~
63,교촌치킨-안국점,4.7,서울특별시 종로구 화동 138-7 138-7 1층,lo**님,5.0,2021년 12월 20일,"배달도 빨랐고 예전처럼 뒷맛이 쓴맛 날줄 알고 걱정했었는데 이번엔 허니콤보, 레드윙 모두 최고였습니다!"
64,교촌치킨-안국점,4.7,서울특별시 종로구 화동 138-7 138-7 1층,mi**님,5.0,2021년 12월 20일,예상시간보다 빨리 와서 잘 먹었어요.
65,교촌치킨-안국점,4.7,서울특별시 종로구 화동 138-7 138-7 1층,   손님,5.0,2021년 12월 14일,배달이빠른가 뜨겁게 도착 했는가 상자를 열었을때 맛있어 보이는가 한입 베어물면 바삭한 식감이 한 번 츄르륵 육즙이 두번 놀라게하는가 모든 질문에 고개를 끄덕인다 그것이 교촌이니까 #식후감
66,교촌치킨-안국점,4.7,서울특별시 종로구 화동 138-7 138-7 1층,03**님,4.0,2021년 12월 12일,배달이빠르고 좋아요
67,교촌치킨-안국점,4.7,서울특별시 종로구 화동 138-7 138-7 1층,x_**님,5.0,2021년 12월 11일,"역시 교촌허니콤보는 진리네요
너무맛잇어요"
68,교촌치킨-안국점,4.7,서울특별시 종로구 화동 138-7 138-7 1층,mi**님,4.666666666666667,2021년 12월 10일,약간 식어서 그런건지 다른 때보다 짜게 느껴졌어요. 오리지널 치킨에 튀김 찌꺼기자 좀 있었어요.
69,교촌치킨-안국점,4.7,서울특별시 종로구 화동 138-7 138-7 1층,gr**님,4.666666666666667,2021년 12월 7일,치킨은 따뜻하게 먹어야하는데 배달이 늦어 그러나 식어서 와서 아쉬웠네요ㅠㅜ
70,교촌치킨-안국점,4.7,서울특별시 종로구 화동 138-7 138-7 1층,va**님,4.666666666666667,2021년 12월 6일,맛있게 잘^^~먹었습니다.
71,교촌치킨-안국점,4.7,서울특별시 종로구 화동 138-7 138-7 1층,li**님,5.0,2021년 12월 6일,"별점보고 주문했는데 
정말 맛있어요!
두부김치 잘먹었습니다!
감사합니다 ~
다음에 또 부탁드립니다 ^^"
72,교촌치킨-안국점,4.7,서울특별시 종로구 화동 138-7 138-7 1층,gs**님,4.0,2021년 12월 4일,완전 바삭하고 맛있습니당
73,교촌치킨-안국점,4.7,서울특별시 종로구 화동 138-7 138-7 1층,kc**님,5.0,2021년 11월 29일,"배달도 빨리오고 사장님이 너무 친절하셨오요!
맛은 뭐 당연히 허니콤본데 ㅎㅎ 꿀맛"
74,교촌치킨-안국점,4.7,서울특별시 종로구 화동 138-7 138-7 1층,wj**님,5.0,2021년 11월 28일,바삭하고 넘 맛있어요
75,교촌치킨-안국점,4.7,서울특별시 종로구 화동 138-7 138-7 1층,ji**님,5.0,2021년 11월 24일,맛있게 잘 먹었습니다
76,교촌치킨-안국점,4.7,서울특별시 종로구 화동 138-7 138-7 1층,lo**님,5.0,2021년 11월 21일,"주말인데 빠른 배송 감사합니다.
바삭한 것도 잘 유지되어 너무 맛있게 먹었어요~♡"
77,교촌치킨-안국점,4.7,서울특별시 종로구 화동 138-7 138-7 1층,yi**님,4.333333333333333,2021년 11월 21일,맛있었어요!  배달도 예상시간보다 빠르게 배달해주셨네요
78,교촌치킨-안국점,4.7,서울특별시 종로구 화동 138-7 138-7 1층,mo**님,5.0,2021년 11월 21일,.
79,교촌치킨-안국점,4.7,서울특별시 종로구 화동 138-7 138-7 1층,s9**님,5.0,2021년 11월 17일,배달도 빠르고 맛있어용
80,교촌치킨-안국점,4.7,서울특별시 종로구 화동 138-7 138-7 1층,ha**님,5.0,2021년 11월 14일,교촌치킨 반반이 제 스타일이라 좋아요.
81,교촌치킨-안국점,4.7,서울특별시 종로구 화동 138-7 138-7 1층,ho**님,4.666666666666667,2021년 11월 12일,굿이에요~~~~~~~~~~
82,교촌치킨-안국점,4.7,서울특별시 종로구 화동 138-7 138-7 1층,dk**님,5.0,2021년 11월 9일,언제나 맛있는 치킨
83,교촌치킨-안국점,4.7,서울특별시 종로구 화동 138-7 138-7 1층,mi**님,5.0,2021년 11월 9일,맛있게 잘 먹었습니다!
84,교촌치킨-안국점,4.7,서울특별시 종로구 화동 138-7 138-7 1층,da**님,5.0,2021년 11월 9일,맛있어요.교촌은 허니콤보죠
85,교촌치킨-안국점,4.7,서울특별시 종로구 화동 138-7 138-7 1층,ho**님,3.6666666666666665,2021년 11월 8일,웻지감자와 치킨은 차갑게 식어서 십분넘게 늦게 왔습니다
86,교촌치킨-안국점,4.7,서울특별시 종로구 화동 138-7 138-7 1층,la**님,5.0,2021년 11월 8일,교촌치킨은 항상 맛있어요~~
87,교촌치킨-안국점,4.7,서울특별시 종로구 화동 138-7 138-7 1층,lp**님,5.0,2021년 11월 1일,"너ㅜ 맛있어요,다음번 또 시킬게요"
88,교촌치킨-안국점,4.7,서울특별시 종로구 화동 138-7 138-7 1층,ha**님,5.0,2021년 10월 29일,교촌치킨 반반이 제일 좋아요.
89,교촌치킨-안국점,4.7,서울특별시 종로구 화동 138-7 138-7 1층,ji**님,4.666666666666667,2021년 10월 26일,"치즈볼 넘 맛있고 치킨역시 꿀맛
닭은 사이즈 ㅠㅠㅠㅠㅠ 그래도 맛있게 먹었습니다"
90,교촌치킨-안국점,4.7,서울특별시 종로구 화동 138-7 138-7 1층,   손님,5.0,2021년 10월 26일,배달이 빨라서 그런지 음식이 따뜻하고 맛있었습니다.
91,교촌치킨-안국점,4.7,서울특별시 종로구 화동 138-7 138-7 1층,fo**님,5.0,2021년 10월 25일,맛있어용 맛나요 맛나
92,교촌치킨-안국점,4.7,서울특별시 종로구 화동 138-7 138-7 1층,kj**님,5.0,2021년 10월 25일,레드는 처음 주문했는데 맛있네요😄
93,교촌치킨-안국점,4.7,서울특별시 종로구 화동 138-7 138-7 1층,dk**님,5.0,2021년 10월 23일,아주 맛이 좋았습니다. 다음에도 시켜먹을게요
94,교촌치킨-안국점,4.7,서울특별시 종로구 화동 138-7 138-7 1층,bo**님,4.0,2021년 10월 15일,"사장님, 다좋은데 너무 튀겨서 건조하고 딱딱해서 이이상 먹지도 못했네요
돈아까워요....ㅜㅜ"
95,교촌치킨-안국점,4.7,서울특별시 종로구 화동 138-7 138-7 1층,mi**님,5.0,2021년 10월 13일,다른 때보다 배달 빨라서 좋았어요. 콤보 맛있어요.
96,교촌치킨-안국점,4.7,서울특별시 종로구 화동 138-7 138-7 1층,so**님,5.0,2021년 10월 13일,맛있었습니다ㅎㅎㅎㅎ
97,교촌치킨-안국점,4.7,서울특별시 종로구 화동 138-7 138-7 1층,se**님,5.0,2021년 10월 4일,언제나 진릐 훠니컴버
98,교촌치킨-안국점,4.7,서울특별시 종로구 화동 138-7 138-7 1층,sw**님,4.0,2021년 10월 1일,"카사바칩 진짜 맛있어요
계속 손이 가요"
99,교촌치킨-안국점,4.7,서울특별시 종로구 화동 138-7 138-7 1층,je**님,5.0,2021년 9월 28일,배달업체 실수로 오래 기다렸지만 업체측의 차분하고 책임있는 대응으로 맛있게 잘 먹었습니다. 번창하시길 바랍니다.
100,교촌치킨-안국점,4.7,서울특별시 종로구 화동 138-7 138-7 1층,ke**님,5.0,2021년 9월 19일,배달기시님이 친절하셨어요! 바삭하게 튀겨진 닭에 매콤소스도 짭짤간장소스치킨도 아주 맛있게 잘 먹었습니다!!!
101,교촌치킨-안국점,4.7,서울특별시 종로구 화동 138-7 138-7 1층,go**님,5.0,2021년 9월 17일,"맛있아요. 허니콤보!!!!!!!!!!!
맛있어서 먹다가 생각나서 사진 찍었네요..ㅋ"
102,교촌치킨-안국점,4.7,서울특별시 종로구 화동 138-7 138-7 1층,na**님,5.0,2021년 9월 13일,"저희 집 까지 배달되는 교촌 집 중에서 안국점이 제일 맛있어서 배달비 감안하고 항상 안국점에서 시켜먹어요 !! 
오늘도 역시나 맛있었습니당"
103,교촌치킨-안국점,4.7,서울특별시 종로구 화동 138-7 138-7 1층,se**님,5.0,2021년 9월 12일,예상보다 빠른 배달 고마워요
104,교촌치킨-안국점,4.7,서울특별시 종로구 화동 138-7 138-7 1층,go**님,5.0,2021년 9월 11일,"맛있어요.
맛있어요."
105,교촌치킨-안국점,4.7,서울특별시 종로구 화동 138-7 138-7 1층,go**님,5.0,2021년 9월 8일,맛있어요. 매운맛은 먹다보니 점점 맵네요.
106,교촌치킨-안국점,4.7,서울특별시 종로구 화동 138-7 138-7 1층,rh**님,4.666666666666667,2021년 9월 8일,"역시 교촌치킨은 레드오리지널!!
우리 부모님 입맛을 사로잡은 유일한 치킨!
달지않은 매콤한 양념이 적당히 절여져있어서 너무너무 좋아요!!!"
107,교촌치킨-안국점,4.7,서울특별시 종로구 화동 138-7 138-7 1층,ch**님,5.0,2021년 9월 6일,잘먹엇습니다 교촌은 배신이 없내요
108,교촌치킨-안국점,4.7,서울특별시 종로구 화동 138-7 138-7 1층,se**님,5.0,2021년 9월 4일,"마감하실때 배달해주셔서 너무 감사합니다
맛있게 잘 먹었습니다^^"
109,교촌치킨-안국점,4.7,서울특별시 종로구 화동 138-7 138-7 1층,so**님,5.0,2021년 9월 1일,존맛탱존맛탱 맛있게 잘 먹었습니다아
110,교촌치킨-안국점,4.7,서울특별시 종로구 화동 138-7 138-7 1층,kh**님,4.666666666666667,2021년 8월 30일,"배달 빨리와서 넘 좋았음!!!! 맛이 시원했음,,"
111,교촌치킨-안국점,4.7,서울특별시 종로구 화동 138-7 138-7 1층,wl**님,5.0,2021년 8월 29일,"정말 맛있습니다.
거의 매주먹는 듯..ㅎㅎ"
112,교촌치킨-안국점,4.7,서울특별시 종로구 화동 138-7 138-7 1층,mo**님,5.0,2021년 8월 28일,배달도 빠르고 맛잇게 먹엇습니다
113,교촌치킨-안국점,4.7,서울특별시 종로구 화동 138-7 138-7 1층,sp**님,5.0,2021년 8월 20일,너무 매너있어서 좋았어오~~~
114,교촌치킨-안국점,4.7,서울특별시 종로구 화동 138-7 138-7 1층,03**님,5.0,2021년 8월 15일,"맛있게 잘 먹었습니다 ~~
사진은 먹느라 정신팔려 못찍었어요 ㅠ"
115,교촌치킨-안국점,4.7,서울특별시 종로구 화동 138-7 138-7 1층,mo**님,5.0,2021년 8월 14일,좋아요 ~~잘먹겠습니다 ~~~
116,교촌치킨-안국점,4.7,서울특별시 종로구 화동 138-7 138-7 1층,yi**님,5.0,2021년 8월 12일,넘 맛있어요 !! 어쩌다 비오는 날만 시켜서 죄송하지만 너무 맛있어요 ㅎ 번창하세요~~ ^-^
117,교촌치킨-안국점,4.7,서울특별시 종로구 화동 138-7 138-7 1층,mo**님,5.0,2021년 8월 10일,좋아요 ~~ 잘먹었습니다 ~~~
118,교촌치킨-안국점,4.7,서울특별시 종로구 화동 138-7 138-7 1층,sk**님,5.0,2021년 8월 8일,하 배구보면서 먹었는데 배구는 졌지만 치킨은 이겼습니다 후 슬픈데 맛있었어요
119,교촌치킨-안국점,4.7,서울특별시 종로구 화동 138-7 138-7 1층,ke**님,5.0,2021년 8월 4일,볶음밥이 약간 밍밍했지만 믿음의 교촌👍
120,교촌치킨-안국점,4.7,서울특별시 종로구 화동 138-7 138-7 1층,mi**님,4.666666666666667,2021년 8월 3일,배달이 1시간13분 걸렸네요.
121,교촌치킨-안국점,4.7,서울특별시 종로구 화동 138-7 138-7 1층,cl**님,5.0,2021년 8월 3일,맛있게 잘 먹었습니다 :)
122,교촌치킨-안국점,4.7,서울특별시 종로구 화동 138-7 138-7 1층,ew**님,5.0,2021년 8월 3일,맛있게 잘 먹었습니다.
123,교촌치킨-안국점,4.7,서울특별시 종로구 화동 138-7 138-7 1층,yi**님,5.0,2021년 8월 2일,바사삭 하니 너무 맛있어요 잘 먹었어요
124,교촌치킨-안국점,4.7,서울특별시 종로구 화동 138-7 138-7 1층,lh**님,5.0,2021년 7월 30일,배달도 빠르고 맛있게 먹었습니다!
125,교촌치킨-안국점,4.7,서울특별시 종로구 화동 138-7 138-7 1층,bg**님,4.0,2021년 7월 29일,치킨이 촉촉하지않고 너무 뻣뻣했어요 ㅜ
126,교촌치킨-안국점,4.7,서울특별시 종로구 화동 138-7 138-7 1층,22**님,5.0,2021년 7월 28일,항상 맛있네요..잘 먹었습니다^^
127,교촌치킨-안국점,4.7,서울특별시 종로구 화동 138-7 138-7 1층,st**님,4.333333333333333,2021년 7월 25일,"배송이 늦어져서 그런지 많이 식어서왔어요,,^^
그래도 기름도 적당히 빠져서 맛은 나쁘지않았어요.
따뜻하면 더 맛있을꺼같아요"
128,교촌치킨-안국점,4.7,서울특별시 종로구 화동 138-7 138-7 1층,22**님,5.0,2021년 7월 25일,"""잘 먹었습니다"""
129,교촌치킨-안국점,4.7,서울특별시 종로구 화동 138-7 138-7 1층,wa**님,4.333333333333333,2021년 7월 23일,맛있게 잘 먹었엉ㅛ 치즈볼 굿
130,교촌치킨-안국점,4.7,서울특별시 종로구 화동 138-7 138-7 1층,ad**님,5.0,2021년 7월 21일,맛있게 잘 먹었습니다
131,교촌치킨-안국점,4.7,서울특별시 종로구 화동 138-7 138-7 1층,pa**님,5.0,2021년 7월 18일,빠르고 맛납니다잉 따뜻하고 바삭하게왓어용
132,교촌치킨-안국점,4.7,서울특별시 종로구 화동 138-7 138-7 1층,mo**님,5.0,2021년 7월 18일,좋아요 ~~  잘먹을께요 ~~~
133,교촌치킨-안국점,4.7,서울특별시 종로구 화동 138-7 138-7 1층,ar**님,5.0,2021년 7월 18일,허니콤보 맛있어요!
134,교촌치킨-안국점,4.7,서울특별시 종로구 화동 138-7 138-7 1층,bl**님,3.0,2021년 7월 13일,살짝 싱거워서  양념을  조금 더  바르면  좋겠네요..  많이식어왔어요.  퀵배달 등록되면 좋겠습니다
135,교촌치킨-안국점,4.7,서울특별시 종로구 화동 138-7 138-7 1층,fp**님,5.0,2021년 7월 12일,"교촌 엄청 좋아합니다
항상 배고프고 힘든 하루 저에게 교촌은 늘 힘이 됩니다!
치킨 일단 너무 맛있게 빠르게 따뜻하게 와서 맛있게 왔어요! 
감사합니다

그리고 배달해주신 분..! 
저 배달 받았을때 이렇게 빠르게 오고!
이렇게 친절하시고 착하신분 처음이에요!
엄청 목소리도 좋고 친절하시더라구요..! 
빠르게 안전하게 친절하게 배달해주셔서 너무 감사합니다. 젊으신 분 같으신데 더운날 고생많으세요! 
늘 항상 안전 운전하세요! :) 

그리고 당연히 교촌치킨 사랑해요!"
136,교촌치킨-안국점,4.7,서울특별시 종로구 화동 138-7 138-7 1층,mo**님,5.0,2021년 7월 10일,좋아요~~~  잘먹었습니다 ~~~
137,교촌치킨-안국점,4.7,서울특별시 종로구 화동 138-7 138-7 1층,mo**님,5.0,2021년 7월 7일,좋아요 ~~ 잘먹었습니다 ~~~
138,교촌치킨-안국점,4.7,서울특별시 종로구 화동 138-7 138-7 1층,tj**님,5.0,2021년 7월 4일,배달 빠르고 좋아요
139,교촌치킨-안국점,4.7,서울특별시 종로구 화동 138-7 138-7 1층,h8**님,5.0,2021년 6월 25일,"맛있게 잘먹었습니다.
교촌은 왠만해서는 평균이상의 맛은 유지하는듯
치킨버거를  첨 시켜봤는데
생각보다 특이한 소스맛도 느껴지고 맛있게 잘먹었습니다."
140,교촌치킨-안국점,4.7,서울특별시 종로구 화동 138-7 138-7 1층,mo**님,5.0,2021년 6월 19일,좋아요~~~~~~~~
141,교촌치킨-안국점,4.7,서울특별시 종로구 화동 138-7 138-7 1층,lw**님,5.0,2021년 6월 14일,양도 푸짐하고 맛있었습니다 :)
142,교촌치킨-안국점,4.7,서울특별시 종로구 화동 138-7 138-7 1층,jo**님,5.0,2021년 6월 13일,음식 잘 받았습니다. 배달하시는분이 너무 불편하실 것 같아요. 호텔 로비에서 받으면 되는데 밖에서 기다리셔서 제가 최대한 빨리가도 좀 늦더라고요 . 아무튼 정말 배달하시는분들 고생많으십니다!!
143,교촌치킨-안국점,4.7,서울특별시 종로구 화동 138-7 138-7 1층,pa**님,5.0,2021년 6월 12일,잘 먹었습니다! 트러팔 오이루치킨 맛있어요
144,교촌치킨-안국점,4.7,서울특별시 종로구 화동 138-7 138-7 1층,db**님,5.0,2021년 6월 9일,허니콤보 맛있게 잘 먹었습니다!!
145,교촌치킨-안국점,4.7,서울특별시 종로구 화동 138-7 138-7 1층,mo**님,5.0,2021년 6월 4일,좋아요~~  아이들이 좋아하네요~~~
146,교촌치킨-안국점,4.7,서울특별시 종로구 화동 138-7 138-7 1층,eu**님,5.0,2021년 6월 3일,맛나네요~~^^~~
147,교촌치킨-안국점,4.7,서울특별시 종로구 화동 138-7 138-7 1층,ua**님,4.0,2021년 5월 30일,Best of Best
148,교촌치킨-안국점,4.7,서울특별시 종로구 화동 138-7 138-7 1층,mo**님,5.0,2021년 5월 28일,"레드순살과 허니순살 좋아하는데
오늘온 허니는 바삭한데 레드가 느끼하네요..아쉽지만 잘먹겠습니다"
149,교촌치킨-안국점,4.7,서울특별시 종로구 화동 138-7 138-7 1층,07**님,5.0,2021년 5월 27일,"맛있게 잘 먹었습니다
배고파서 사진은 찍지 못했네요~~"
150,교촌치킨-안국점,4.7,서울특별시 종로구 화동 138-7 138-7 1층,rl**님,5.0,2021년 5월 25일,배달도 빠르고 맛도좋습니다!!!
151,교촌치킨-안국점,4.7,서울특별시 종로구 화동 138-7 138-7 1층,gt**님,4.666666666666667,2021년 5월 25일,배송이 좀 늦긴했지만 맛있게해주시네요 맛있게 잘 먹었습니다
152,교촌치킨-안국점,4.7,서울특별시 종로구 화동 138-7 138-7 1층,mo**님,5.0,2021년 5월 23일,잘먹겠습니다 ~~~~~~
153,교촌치킨-안국점,4.7,서울특별시 종로구 화동 138-7 138-7 1층,na**님,5.0,2021년 5월 22일,맛 좋~~~~~다!
154,교촌치킨-안국점,4.7,서울특별시 종로구 화동 138-7 138-7 1층,kd**님,5.0,2021년 5월 22일,"배달도 빠르고 맛있어요!
자주시켜먹는데 맛있고 좋아요!"
155,교촌치킨-안국점,4.7,서울특별시 종로구 화동 138-7 138-7 1층,su**님,5.0,2021년 5월 20일,"간만에 교촌 먹어봅니다. 배달도 빠르고~^^
회사 당직하면서 먹는건데, 아주 맛있네요^^
튀김옷도 두껍지도 않으면서 달달한 맛♡
속살도 넘 깨끗하고 좋구요~! 아주 잘 먹었어요. 어린어이들도 아주 좋아할맛이예요. 맵지않고 달달해서요.
넘 만족스러워요. 따끈하게 잘 먹었습니다.
감사합니다"
156,교촌치킨-안국점,4.7,서울특별시 종로구 화동 138-7 138-7 1층,bl**님,5.0,2021년 5월 20일,"오랜만에 먹은 교촌 반반 콤보.
역시 맛납니다."
157,교촌치킨-안국점,4.7,서울특별시 종로구 화동 138-7 138-7 1층,84**님,4.666666666666667,2021년 5월 14일,역시 겨촌은  사랑입니다
158,교촌치킨-안국점,4.7,서울특별시 종로구 화동 138-7 138-7 1층,   손님,4.666666666666667,2021년 5월 10일,치킨 맛있게 먹었습니다
159,교촌치킨-안국점,4.7,서울특별시 종로구 화동 138-7 138-7 1층,po**님,2.3333333333333335,2021년 5월 5일,맛도모든것들이갈시간이 갈수록 실망입니다ᆢ
160,교촌치킨-안국점,4.7,서울특별시 종로구 화동 138-7 138-7 1층,hy**님,5.0,2021년 5월 4일,치킨은 역시 교촌이죠. 늘 맛있는것 같아요.
161,교촌치킨-안국점,4.7,서울특별시 종로구 화동 138-7 138-7 1층,57**님,5.0,2021년 5월 1일,ggggggggggg
162,교촌치킨-안국점,4.7,서울특별시 종로구 화동 138-7 138-7 1층,yu**님,4.0,2021년 4월 27일,아주 잘 먹었습니다
163,교촌치킨-안국점,4.7,서울특별시 종로구 화동 138-7 138-7 1층,me**님,5.0,2021년 4월 26일,정말 맛있어요. 양도 좋아요.
164,교촌치킨-안국점,4.7,서울특별시 종로구 화동 138-7 138-7 1층,mo**님,5.0,2021년 4월 25일,"좋아요~~~~
잘먹겠습니다 ~~~~"
165,교촌치킨-안국점,4.7,서울특별시 종로구 화동 138-7 138-7 1층,kd**님,4.666666666666667,2021년 4월 24일,"자주 사먹는데 오늘은 치킨색이 좀 어두운색이였어요ㅠ
맛은 있어요! 배송도 빨리왔어요!"
166,교촌치킨-안국점,4.7,서울특별시 종로구 화동 138-7 138-7 1층,57**님,5.0,2021년 4월 24일,gggggggggg
167,교촌치킨-안국점,4.7,서울특별시 종로구 화동 138-7 138-7 1층,na**님,5.0,2021년 4월 21일,넘 맛잇어요 ^^. 또 시킬게요
168,교촌치킨-안국점,4.7,서울특별시 종로구 화동 138-7 138-7 1층,ho**님,5.0,2021년 4월 19일,"마시써요
잘튀기네요 굿굿"
169,교촌치킨-안국점,4.7,서울특별시 종로구 화동 138-7 138-7 1층,57**님,5.0,2021년 4월 18일,gggggggggg
170,교촌치킨-안국점,4.7,서울특별시 종로구 화동 138-7 138-7 1층,mi**님,5.0,2021년 4월 16일,교촌은 역쉬 ㅡ 윙이 미니 사이즈지만 ㅡ 양을 넉넉히 주셔서 감사합니다
171,교촌치킨-안국점,4.7,서울특별시 종로구 화동 138-7 138-7 1층,57**님,5.0,2021년 4월 15일,ggggggggggggg
172,교촌치킨-안국점,4.7,서울특별시 종로구 화동 138-7 138-7 1층,bi**님,5.0,2021년 4월 13일,치킨 뜨거울때 배달와서 너무 맛있었어요.
173,교촌치킨-안국점,4.7,서울특별시 종로구 화동 138-7 138-7 1층,ng**님,5.0,2021년 4월 12일,정말    맛있어요
174,교촌치킨-안국점,4.7,서울특별시 종로구 화동 138-7 138-7 1층,eu**님,4.0,2021년 4월 11일,"교촌이야 아는 맛이고^^
토욜인데도 배달 빨리 왔어요~~"
175,교촌치킨-안국점,4.7,서울특별시 종로구 화동 138-7 138-7 1층,72**님,3.0,2021년 4월 11일,같은 교촌인데 가맹점마다 맛이 왜 다를까요?
176,교촌치킨-안국점,4.7,서울특별시 종로구 화동 138-7 138-7 1층,la**님,5.0,2021년 4월 10일,너무 맛있게 잘 먹었습니다
177,교촌치킨-안국점,4.7,서울특별시 종로구 화동 138-7 138-7 1층,zh**님,5.0,2021년 4월 2일,맛있어요!!!!!!!!
178,교촌치킨-안국점,4.7,서울특별시 종로구 화동 138-7 138-7 1층,gk**님,5.0,2021년 3월 29일,이 날은 기름맛이 몬가몬가..흠...
179,교촌치킨-안국점,4.7,서울특별시 종로구 화동 138-7 138-7 1층,gk**님,4.333333333333333,2021년 3월 29일,트러플치킨은 잘 모르겠네..
180,교촌치킨-안국점,4.7,서울특별시 종로구 화동 138-7 138-7 1층,mo**님,5.0,2021년 3월 29일,좋아요~~~~~~~~~
181,교촌치킨-안국점,4.7,서울특별시 종로구 화동 138-7 138-7 1층,ji**님,5.0,2021년 3월 28일,바삭하고 양념도 잘 되어 있고 너무 맛있게 잘 먹었습니다! 배달도 예상 시간 내에 도착했어요~ 따뜻할 때 잘 먹었어요ㅎㅎ
182,교촌치킨-안국점,4.7,서울특별시 종로구 화동 138-7 138-7 1층,57**님,5.0,2021년 3월 27일,맛있어요 굿굿굿굿굿
183,교촌치킨-안국점,4.7,서울특별시 종로구 화동 138-7 138-7 1층,jj**님,3.6666666666666665,2021년 3월 27일,다른건교촌 좋아해서 퍼펙인데 맛은 그냥 닭가슴살... 평일에 맨날 먹어서 못먹겟어요 진짜..... 안먹을거에요ㅠㅠㅠㅠ
184,교촌치킨-안국점,4.7,서울특별시 종로구 화동 138-7 138-7 1층,mi**님,5.0,2021년 3월 24일,반반콤보가 날개랑 닭다리 골고루 먹을 수 있어서 좋아요.
185,교촌치킨-안국점,4.7,서울특별시 종로구 화동 138-7 138-7 1층,57**님,5.0,2021년 3월 20일,ggggggggggg
186,교촌치킨-안국점,4.7,서울특별시 종로구 화동 138-7 138-7 1층,gn**님,5.0,2021년 3월 20일,역시 허니콤보는 사랑이예요ㅠㅠㅠㅠㅠㅠㅠㅠ진짜 바삭하고 달콤하네요❤️
187,교촌치킨-안국점,4.7,서울특별시 종로구 화동 138-7 138-7 1층,ku**님,3.6666666666666665,2021년 3월 13일,빠른 배달 고맙습니다.
188,교촌치킨-안국점,4.7,서울특별시 종로구 화동 138-7 138-7 1층,ka**님,5.0,2021년 3월 12일,역시 교촌 허니콤보 정말 맛있습니다~
189,교촌치킨-안국점,4.7,서울특별시 종로구 화동 138-7 138-7 1층,je**님,4.0,2021년 3월 6일,맛있게 잘먹었습니다
190,교촌치킨-안국점,4.7,서울특별시 종로구 화동 138-7 138-7 1층,h_**님,5.0,2021년 3월 2일,맛있게 잘 먹었습니다😊
191,교촌치킨-안국점,4.7,서울특별시 종로구 화동 138-7 138-7 1층,vh**님,5.0,2021년 3월 1일,"정신없이 먹다가 찍었네요ㅋㅋ
허니순살 넘 맛있어요 배달도 식지않게 빨리왔어요
안국점 칭찬합니다~~"
192,교촌치킨-안국점,4.7,서울특별시 종로구 화동 138-7 138-7 1층,mp**님,5.0,2021년 2월 26일,"사장님~~  신뢰 짱입니다  약속을 잊지 않으셨네요
항상 교촌은 안국점입니다
잊지 않고 약속 지켜주셔서 고맙습니다"
193,교촌치킨-안국점,4.7,서울특별시 종로구 화동 138-7 138-7 1층,01**님,4.666666666666667,2021년 2월 25일,교촌치킨 주문하면 항상 여기서 주문해서 먹어요. 모자랄것 같아서 레드순살도 처음으로 주문해봤는데 역시나.. 울 가족 입맛엔 오리지널이 더 맛나네요 ㅋㅋ 허니도 맛나는뎁.. 담엔 둘을 짬뽕해서 시켜보까나.. 사이드로 감자를 주문하까 하다가 치즈볼했눈뎁... 음..음... 저 치즈볼 조아라하능대 교촌 치즈볼과 저는 좀 맞지 않는듯요..ㅎ 암튼 맛나게 먹었어요
194,교촌치킨-안국점,4.7,서울특별시 종로구 화동 138-7 138-7 1층,wl**님,5.0,2021년 2월 24일,너무 맛있게 먹었어요~~
195,교촌치킨-안국점,4.7,서울특별시 종로구 화동 138-7 138-7 1층,so**님,4.333333333333333,2021년 2월 22일,간장맛이 좀 싱거운게 아쉬움
196,교촌치킨-안국점,4.7,서울특별시 종로구 화동 138-7 138-7 1층,mo**님,5.0,2021년 2월 22일,좋아요~~ 잘먹을께요~~~
197,교촌치킨-안국점,4.7,서울특별시 종로구 화동 138-7 138-7 1층,vh**님,5.0,2021년 2월 22일,"역시 허니콤보 단짠단짠 맛나요~~
배달도 정말 빠르고 요청사항도 잘 전달이 됐네요
맛있게 잘 먹었습니다~~"
198,교촌치킨-안국점,4.7,서울특별시 종로구 화동 138-7 138-7 1층,cc**님,4.0,2021년 2월 22일,간만에 간장인데 레드가 잔리인듯
199,교촌치킨-안국점,4.7,서울특별시 종로구 화동 138-7 138-7 1층,ed**님,4.0,2021년 2월 22일,"여기교촌은 최악입니다.
 앙은 많으나 양념이 골고루 묻지도 않고 닭을 튀기다
말았더군요.

배달하는분은 베트남분이셨습니다. 고생하시내요"
200,교촌치킨-안국점,4.7,서울특별시 종로구 화동 138-7 138-7 1층,na**님,5.0,2021년 2월 21일,안국점 순살이 진짜 맛있어요 !!
201,교촌치킨-안국점,4.7,서울특별시 종로구 화동 138-7 138-7 1층,je**님,4.333333333333333,2021년 2월 20일,맛있게 잘먹었습니다
202,교촌치킨-안국점,4.7,서울특별시 종로구 화동 138-7 138-7 1층,mi**님,5.0,2021년 2월 19일,반반콤보 맛있어요.
203,교촌치킨-안국점,4.7,서울특별시 종로구 화동 138-7 138-7 1층,mi**님,4.666666666666667,2021년 2월 19일,음식도 빨리 오고 좋은데 배달원분께서 요청사항만 제대로 확인해주셨으면 좋겠습니다.
204,교촌치킨-안국점,4.7,서울특별시 종로구 화동 138-7 138-7 1층,mo**님,5.0,2021년 2월 16일,좋아요~~~ 잘먹었습니다 ~~~
205,교촌치킨-안국점,4.7,서울특별시 종로구 화동 138-7 138-7 1층,sn**님,5.0,2021년 2월 15일,요거 세트 맘에 드네요~
206,교촌치킨-안국점,4.7,서울특별시 종로구 화동 138-7 138-7 1층,so**님,5.0,2021년 2월 13일,맛나고 정말 좋아요
207,교촌치킨-안국점,4.7,서울특별시 종로구 화동 138-7 138-7 1층,gr**님,5.0,2021년 2월 12일,쵝오 맛나뇨 할 말이없음
208,교촌치킨-안국점,4.7,서울특별시 종로구 화동 138-7 138-7 1층,yi**님,5.0,2021년 2월 9일,맛있게 잘먹었어요
209,교촌치킨-안국점,4.7,서울특별시 종로구 화동 138-7 138-7 1층,wl**님,5.0,2021년 2월 8일,너무 맛있게 먹었어요~~
210,교촌치킨-안국점,4.7,서울특별시 종로구 화동 138-7 138-7 1층,se**님,4.333333333333333,2021년 2월 7일,"오랜만에 교촌치킨이 생각나서 시켰는데 맛있었어요!;)
배달이 좀 오래 걸리기는 했지만 달콤하고 바삭하고 딱 맛있는 교촌 허니콤보맛. 양도 생각보다 많아서 남기고 다음날 또 먹었습니다,,(교촌은 양이 많이 적다고 생각했는데 말이죠)"
211,교촌치킨-안국점,4.7,서울특별시 종로구 화동 138-7 138-7 1층,je**님,4.666666666666667,2021년 2월 6일,맛있게 잘먹었습니다~
212,교촌치킨-안국점,4.7,서울특별시 종로구 화동 138-7 138-7 1층,ha**님,5.0,2021년 2월 2일,잘먹고있습니다 감사해요
213,교촌치킨-안국점,4.7,서울특별시 종로구 화동 138-7 138-7 1층,ke**님,5.0,2021년 2월 1일,잘먹었습니다. 감사합니다
214,교촌치킨-안국점,4.7,서울특별시 종로구 화동 138-7 138-7 1층,we**님,3.0,2021년 1월 31일,치킨이 너무 딱딱한게 튀김상태가 진짜 별로였어요
215,교촌치킨-안국점,4.7,서울특별시 종로구 화동 138-7 138-7 1층,gk**님,5.0,2021년 1월 30일,역시 반반 맛있네요 ㅠㅠ잘 먹었습니다!!!
216,교촌치킨-안국점,4.7,서울특별시 종로구 화동 138-7 138-7 1층,   손님,5.0,2021년 1월 28일,별 다섯개와 사장님 화이팅을 잊을뻔
217,교촌치킨-안국점,4.7,서울특별시 종로구 화동 138-7 138-7 1층,po**님,5.0,2021년 1월 27일,"종로점 대학로점보다ᆢ
좋습니다ᆢ"
218,교촌치킨-안국점,4.7,서울특별시 종로구 화동 138-7 138-7 1층,   손님,5.0,2021년 1월 26일,"사장님 허니 오리지널 주문했는데 간장양념으로 잘못왔어요 달콤한 허니 양념이 아니라 온통 검은색 짭쪼름한 간장양념이 발라져있었어요

바쁘셔서 그런가보다하고 그냥 먹었는데 다음&에는 주문한 메뉴에 조금만 더 신경써주세요 일회용품도 요청했는데 받지 못했어요"
219,교촌치킨-안국점,4.7,서울특별시 종로구 화동 138-7 138-7 1층,tk**님,5.0,2021년 1월 26일,배달 빠르고 맛있었어요
220,교촌치킨-안국점,4.7,서울특별시 종로구 화동 138-7 138-7 1층,ae**님,5.0,2021년 1월 25일,교촌은 진리이고 사랑입니다
221,교촌치킨-안국점,4.7,서울특별시 종로구 화동 138-7 138-7 1층,   손님,3.6666666666666665,2021년 1월 23일,배달이 느려용ㅠㅠ 그래두 허니콤보는 진리인거 같아용♡
222,교촌치킨-안국점,4.7,서울특별시 종로구 화동 138-7 138-7 1층,je**님,4.333333333333333,2021년 1월 23일,맛있게 잘먹었습니다~
223,교촌치킨-안국점,4.7,서울특별시 종로구 화동 138-7 138-7 1층,su**님,5.0,2021년 1월 22일,존맛탱 또 시켜먹을게요
224,교촌치킨-안국점,4.7,서울특별시 종로구 화동 138-7 138-7 1층,pa**님,5.0,2021년 1월 19일,맛있 빠름 친절 정시도착
225,교촌치킨-안국점,4.7,서울특별시 종로구 화동 138-7 138-7 1층,so**님,5.0,2021년 1월 17일,맛있고 좋네요 잘 먹었습니다
226,교촌치킨-안국점,4.7,서울특별시 종로구 화동 138-7 138-7 1층,ju**님,4.666666666666667,2021년 1월 15일,"치킨은 교촌 레드윙!!!
다른 지점보다 훨씬 맛있어서 저는 여기만 주문합니다.
3번째에요 ㅎㅎㅎ"
227,교촌치킨-안국점,4.7,서울특별시 종로구 화동 138-7 138-7 1층,be**님,5.0,2021년 1월 15일,맛있어요~~!!!!
228,교촌치킨-안국점,4.7,서울특별시 종로구 화동 138-7 138-7 1층,vv**님,5.0,2021년 1월 14일,"신속 정확 감사합니다
잘 먹었습니다"
229,교촌치킨-안국점,4.7,서울특별시 종로구 화동 138-7 138-7 1층,vv**님,5.0,2021년 1월 14일,"신속, 참 맛있었어요 감사합니다"
230,교촌치킨-안국점,4.7,서울특별시 종로구 화동 138-7 138-7 1층,ho**님,5.0,2021년 1월 7일,배달 빠르고 치킨도 따뜻하게 배달 됐어요!
231,교촌치킨-안국점,4.7,서울특별시 종로구 화동 138-7 138-7 1층,wl**님,5.0,2021년 1월 7일,먹어본 교촌중에 여기가 젤좋아요 다음에도 여기서 시킬려고요
232,교촌치킨-안국점,4.7,서울특별시 종로구 화동 138-7 138-7 1층,sa**님,5.0,2021년 1월 6일,매장 깔끔하고 음식도 맛있어요
233,교촌치킨-안국점,4.7,서울특별시 종로구 화동 138-7 138-7 1층,   손님,3.6666666666666665,2021년 1월 6일,튀김이 눅눅햐서 좀 아쉬웠어요
234,교촌치킨-안국점,4.7,서울특별시 종로구 화동 138-7 138-7 1층,db**님,5.0,2021년 1월 5일,허니콤보는 말 할 것도 없고 리얼후라이드는 퍽퍽살도 너무 부드러워서 맛있게 먹었습니다!!!
235,교촌치킨-안국점,4.7,서울특별시 종로구 화동 138-7 138-7 1층,po**님,5.0,2021년 1월 5일,오늘도 무가 맛있었습니다ᆢ
236,교촌치킨-안국점,4.7,서울특별시 종로구 화동 138-7 138-7 1층,po**님,5.0,2021년 1월 5일,닭고기보다 무가 맛있었습ㄴㅣ다
237,교촌치킨-안국점,4.7,서울특별시 종로구 화동 138-7 138-7 1층,go**님,5.0,2021년 1월 5일,"자주 시켜먹어요~
술안주 짱!"
238,교촌치킨-안국점,4.7,서울특별시 종로구 화동 138-7 138-7 1층,   손님,2.3333333333333335,2021년 1월 3일,볶음밥 너무 맛없어요 사장님~~
239,교촌치킨-안국점,4.7,서울특별시 종로구 화동 138-7 138-7 1층,gi**님,5.0,2021년 1월 3일,역시 맛있었습니다!:)
240,교촌치킨-안국점,4.7,서울특별시 종로구 화동 138-7 138-7 1층,87**님,5.0,2021년 1월 3일,허니오리지날 아주 맛있어요
241,교촌치킨-안국점,4.7,서울특별시 종로구 화동 138-7 138-7 1층,mo**님,5.0,2021년 1월 2일,좋아요~~~  잘먹을께요~~^^
242,교촌치킨-안국점,4.7,서울특별시 종로구 화동 138-7 138-7 1층,so**님,4.666666666666667,2021년 1월 2일,처음보다 맛이 좋아졌어요~
243,교촌치킨-안국점,4.7,서울특별시 종로구 화동 138-7 138-7 1층,il**님,4.666666666666667,2020년 12월 31일,"오늘은 주문이 밀려서 그런가 좀 눅눅하네요ㅠ
맛은 있습니다. 평소의 바삭함이 아쉬울뿐...ㅠㅠ"
244,교촌치킨-안국점,4.7,서울특별시 종로구 화동 138-7 138-7 1층,sn**님,5.0,2020년 12월 31일,"맛있게 먹었어요~ 
버거 아이들이 다 먹어서 맛도 못봤네요..ㅎ"
245,교촌치킨-안국점,4.7,서울특별시 종로구 화동 138-7 138-7 1층,cl**님,4.666666666666667,2020년 12월 30일,교촌맛이 어디 가나요👍👍👍
246,교촌치킨-안국점,4.7,서울특별시 종로구 화동 138-7 138-7 1층,re**님,4.0,2020년 12월 30일,"맛있어요 
배달이늦음
살짝 짜증이났네요
그래도 맛ㆍ양이 최고라
풀렸네요~아이들이 맛있다고
넘 좋아하네요~~"
247,교촌치킨-안국점,4.7,서울특별시 종로구 화동 138-7 138-7 1층,eu**님,5.0,2020년 12월 30일,"넘 맛있게 허니콤보 만들어 주셔서 감사합니다!! 지점마다 허니콤보 맛이 다른데 안국점 허니콤보 최고네요,, 앞으로 여기서만 시켜먹을게요😊❤️"
248,교촌치킨-안국점,4.7,서울특별시 종로구 화동 138-7 138-7 1층,ar**님,4.666666666666667,2020년 12월 29일,역시 치킨은 교촌허니콤보!!
249,교촌치킨-안국점,4.7,서울특별시 종로구 화동 138-7 138-7 1층,je**님,4.333333333333333,2020년 12월 28일,맛있게 잘 먹었습니다 !-!
250,교촌치킨-안국점,4.7,서울특별시 종로구 화동 138-7 138-7 1층,ca**님,5.0,2020년 12월 28일,"따끈따끈한 상태로 바루 보내 주셔서 너무 
맛있게 잘먹었습니다.기사님두 엄청 친절하세요."
251,교촌치킨-안국점,4.7,서울특별시 종로구 화동 138-7 138-7 1층,ry**님,5.0,2020년 12월 26일,"아이가 허니치킨이 너무 맛있다고 해서 이틀 연속 주문했어요 만족합니다 
무도×2 넉넉하게 주시고,배송도 빨라요"
252,교촌치킨-안국점,4.7,서울특별시 종로구 화동 138-7 138-7 1층,we**님,4.0,2020년 12월 26일,"교촌에서 처음 배달했는데 맛있었어요.
윙부분만 선택해서 먹을 수 있어서 좋았어요.
근데 매운맛보다는 역시 간장맛이 낫네요.
교촌은 닭이 작으니 양이 조금더 넉넉했으면...
오랜만의 카사바칩 너무 맛있었어요. 이것도 양을 조금 더 주셨으면^^;
배달은 적정시간내로 왔어요."
253,교촌치킨-안국점,4.7,서울특별시 종로구 화동 138-7 138-7 1층,lo**님,3.6666666666666665,2020년 12월 26일,저번과 다르게 기름기 많은 껍질이 엄청 많고 살도 질기고 잘못 처리하신 것 같네요...앞으로 교촌순살은 피할듯
254,교촌치킨-안국점,4.7,서울특별시 종로구 화동 138-7 138-7 1층,ke**님,4.333333333333333,2020년 12월 25일,허니콤보가 역시 제일 맛나요~
255,교촌치킨-안국점,4.7,서울특별시 종로구 화동 138-7 138-7 1층,ry**님,4.666666666666667,2020년 12월 25일,"오리지널 양념 허니 모두 맛있어요 
배달도 빨라요 ~"
256,교촌치킨-안국점,4.7,서울특별시 종로구 화동 138-7 138-7 1층,sk**님,3.6666666666666665,2020년 12월 24일,바뻐서 그런지 식어서오고 바삭거리지 않네요
257,교촌치킨-안국점,4.7,서울특별시 종로구 화동 138-7 138-7 1층,hh**님,5.0,2020년 12월 24일,굿입니다 잘먹을께요ㅎㅎ
258,교촌치킨-안국점,4.7,서울특별시 종로구 화동 138-7 138-7 1층,qu**님,3.6666666666666665,2020년 12월 24일,물론 신경쓰시고 조리하셨겠지만 덜 튀겨진건지 닭다리먹는데 육즙?이 뚝 떨어지네요 평소보다 덜 뜨겁고 덜익은건 아닌데..전체적으로 눅눅함이 ...약간 아쉽습니다~ 애들이 한명씩 떨어져나가 저만 치킨앞에 앉아있는데 아무래도 저녁때 에어프라이어로 한번 더 튀겨서 맛있게 먹어 보겠습니다~~
259,교촌치킨-안국점,4.7,서울특별시 종로구 화동 138-7 138-7 1층,il**님,4.333333333333333,2020년 12월 22일,맛있게 잘 먹었습니다
260,교촌치킨-안국점,4.7,서울특별시 종로구 화동 138-7 138-7 1층,vh**님,4.333333333333333,2020년 12월 21일,순살이라 먹기 편하고 맛있어요 배달도 생각보다  빨랐어요
261,교촌치킨-안국점,4.7,서울특별시 종로구 화동 138-7 138-7 1층,wo**님,4.333333333333333,2020년 12월 21일,좀 더 튀겨졌으면 좋았을 것 같아요~
262,교촌치킨-안국점,4.7,서울특별시 종로구 화동 138-7 138-7 1층,so**님,5.0,2020년 12월 20일,아주 맛있고 좋았어요
263,교촌치킨-안국점,4.7,서울특별시 종로구 화동 138-7 138-7 1층,ta**님,5.0,2020년 12월 19일,허니콤보 지점마다 좀 차이나는데 여기는 맛있었어요
264,교촌치킨-안국점,4.7,서울특별시 종로구 화동 138-7 138-7 1층,lo**님,5.0,2020년 12월 18일,순살은 처음 먹어보는데 정말 맛있네요! 안국점 주변에 추천 많이 하려구요!!!
265,교촌치킨-안국점,4.7,서울특별시 종로구 화동 138-7 138-7 1층,lo**님,4.333333333333333,2020년 12월 17일,교촌은 지점에 따라 구워진 정도가 다른데 안국점 처음 시켰는데 정말 맛있게 만들어서 보내주셨습니다~ 감사합니다
266,교촌치킨-안국점,4.7,서울특별시 종로구 화동 138-7 138-7 1층,pe**님,3.0,2020년 12월 16일,"먹을수록 맛이....기름맛인지... 
고기 일부분도 엄청 질겨서...
이전 허니콤보는 맛있었는데 이건 정말...
순살만 그런건가해서 다른 리뷰도 봤는데...
좀 실망스러워여~ㅜㅠ"
267,교촌치킨-안국점,4.7,서울특별시 종로구 화동 138-7 138-7 1층,jm**님,5.0,2020년 12월 16일,맛있게 잘먹었어용.
268,교촌치킨-안국점,4.7,서울특별시 종로구 화동 138-7 138-7 1층,wa**님,4.333333333333333,2020년 12월 16일,맛있게 잘 먹었습니다
269,교촌치킨-안국점,4.7,서울특별시 종로구 화동 138-7 138-7 1층,   손님,5.0,2020년 12월 16일,역시 교촌. 맛있습니다
270,교촌치킨-안국점,4.7,서울특별시 종로구 화동 138-7 138-7 1층,wl**님,4.666666666666667,2020년 12월 15일,울산에서 이사와서 교촌맛을 찾으려 주문했어요 맛있고 좋았는데 약간 눅눅한?느낌이...거리를 몰라서 이해합니다 담에도 맛나게 부탁드립니다
271,교촌치킨-안국점,4.7,서울특별시 종로구 화동 138-7 138-7 1층,br**님,4.333333333333333,2020년 12월 13일,맛나게 잘 먹었습니다
272,교촌치킨-안국점,4.7,서울특별시 종로구 화동 138-7 138-7 1층,   손님,4.333333333333333,2020년 12월 13일,"교촌은 진리~
양은 살짝 아니 늘 부족한듯 아쉅네여~ 다리는 크고 날게는 넘작고.. ㅋ"
273,교촌치킨-안국점,4.7,서울특별시 종로구 화동 138-7 138-7 1층,ji**님,5.0,2020년 12월 12일,가능하시면 소스 2개 챙겨주시면 감사하겠다고 말씀 드렸더니 2개 챙겨주셨구요ㅎㅎ 배달도 예상 시간 내에 왔습니다! 요 신메뉴는 지점마다 평이 좀 갈리는 것 같던데 안국점은 바삭하고 맛있게 정말 잘 튀겨주셨습니다! 감자튀김도 맛있었고 소스도 잘 챙겨주셨었어요ㅎㅎ
274,교촌치킨-안국점,4.7,서울특별시 종로구 화동 138-7 138-7 1층,ok**님,4.333333333333333,2020년 12월 9일,닭에서 냄새나요ㅜㅜ..튀김은 잘튀기셨는데 본사 닭이 문젠듯..
275,교촌치킨-안국점,4.7,서울특별시 종로구 화동 138-7 138-7 1층,re**님,5.0,2020년 12월 7일,생각보다 정말 맛있어여 ㅎㅎ
276,교촌치킨-안국점,4.7,서울특별시 종로구 화동 138-7 138-7 1층,gk**님,5.0,2020년 12월 7일,감자튀김 ㄹㅇ부실ㅋㅋ
277,교촌치킨-안국점,4.7,서울특별시 종로구 화동 138-7 138-7 1층,ba**님,3.6666666666666665,2020년 12월 7일,"살은 너무 질기고 느끼해서 그많은 양 다 남겼어요 ㅡㅡ 
교촌 정말 좋아하는데 뭐가 문젠지 정말 실망입니다!!"
278,교촌치킨-안국점,4.7,서울특별시 종로구 화동 138-7 138-7 1층,   손님,5.0,2020년 12월 7일,"감사합니다
맛나게먹엇습니다"
279,교촌치킨-안국점,4.7,서울특별시 종로구 화동 138-7 138-7 1층,da**님,5.0,2020년 12월 7일,역시 교촌은 레허반반입니다👍
280,교촌치킨-안국점,4.7,서울특별시 종로구 화동 138-7 138-7 1층,in**님,4.666666666666667,2020년 12월 6일,"애정하는 교촌인데 지점마다 맛이 조금씩 다른 게 느껴지네요. 레드는 괜찮은데 오리지널은 소스가 너무 박하신 것 같아요. 사실 양념맛땜에 교촌시키는 건데 소스를 바르다 만듯한 아쉬움이 있었습니다. 좀더 많이 넣어주시면 좋겠습니다.
레드랑 웨지감자는 맛있었어요."
281,교촌치킨-안국점,4.7,서울특별시 종로구 화동 138-7 138-7 1층,ca**님,5.0,2020년 12월 6일,교촌 후라이드 맛있네요. 감자튀김도 맛있습니다. 소스가 안왔었는데 문의드리자 바로 갖다주셨어요. 맛있고 친절합니다.
282,교촌치킨-안국점,4.7,서울특별시 종로구 화동 138-7 138-7 1층,go**님,5.0,2020년 12월 4일,10잠 박고 갑니다
283,교촌치킨-안국점,4.7,서울특별시 종로구 화동 138-7 138-7 1층,go**님,5.0,2020년 12월 4일,존맛 10자제한 짱남
284,교촌치킨-안국점,4.7,서울특별시 종로구 화동 138-7 138-7 1층,so**님,5.0,2020년 12월 4일,"후라이드가 정말 바삭했고, 허니치킨도 괜찮았슨다. 다만 좀 느끼하네요. 양념메뉴 추가되면 더 좋을거같아요"
285,교촌치킨-안국점,4.7,서울특별시 종로구 화동 138-7 138-7 1층,il**님,5.0,2020년 12월 4일,맛있게  잘 먹었습니다.
286,교촌치킨-안국점,4.7,서울특별시 종로구 화동 138-7 138-7 1층,rl**님,4.666666666666667,2020년 11월 30일,배달도 친절하고 맛났어요
287,교촌치킨-안국점,4.7,서울특별시 종로구 화동 138-7 138-7 1층,st**님,5.0,2020년 11월 26일,오늘도 맛있었습니다
288,교촌치킨-안국점,4.7,서울특별시 종로구 화동 138-7 138-7 1층,wa**님,4.0,2020년 11월 26일,맛있게 잘 먹었습니다
289,교촌치킨-안국점,4.7,서울특별시 종로구 화동 138-7 138-7 1층,ar**님,5.0,2020년 11월 25일,배달도 빠르고 맛있습니다 ㅎㅎㅎ역시 교촌
290,교촌치킨-안국점,4.7,서울특별시 종로구 화동 138-7 138-7 1층,go**님,5.0,2020년 11월 24일,늘 맛있습니다 감사합니다
291,교촌치킨-안국점,4.7,서울특별시 종로구 화동 138-7 138-7 1층,sm**님,5.0,2020년 11월 22일,배송 엄청 빨랐어요 맛있습니다
292,교촌치킨-안국점,4.7,서울특별시 종로구 화동 138-7 138-7 1층,th**님,5.0,2020년 11월 17일,늘먹던맛 입니당!!!!
293,교촌치킨-안국점,4.7,서울특별시 종로구 화동 138-7 138-7 1층,re**님,5.0,2020년 11월 14일,"직포장이 양이 더 많은 것 같네요~^^
여튼, 시간약속 정확하고, 맛있고. 좋아요."
294,교촌치킨-안국점,4.7,서울특별시 종로구 화동 138-7 138-7 1층,cm**님,4.333333333333333,2020년 11월 10일,잘 받았습니다 감사합니다
295,교촌치킨-안국점,4.7,서울특별시 종로구 화동 138-7 138-7 1층,   손님,5.0,2020년 11월 10일,정말 맛있어요. 일주일에 네번 시켰어요. 애들이 너무 좋아해요
296,교촌치킨-안국점,4.7,서울특별시 종로구 화동 138-7 138-7 1층,ch**님,5.0,2020년 11월 7일,양도 많구 잘 먹었어요오
297,교촌치킨-안국점,4.7,서울특별시 종로구 화동 138-7 138-7 1층,ho**님,3.0,2020년 11월 5일,맛은 괜찮은데 닭 크기가 좀 작습니다.
298,교촌치킨-안국점,4.7,서울특별시 종로구 화동 138-7 138-7 1층,   손님,3.6666666666666665,2020년 11월 5일,"교촌은 언제나 맛있지요~
배달하시는 분이 저희 집을 찾기가 어려우셨는지 전화를 하셨는데, '아이씨' 라고 하셔서 기분이 조금 나빳습니다."
299,교촌치킨-안국점,4.7,서울특별시 종로구 화동 138-7 138-7 1층,st**님,5.0,2020년 11월 3일,맛있고 훌륭한 치킨이었습니다. 교촌은 앞으로도 여기서 시킬 것 같네요.
300,교촌치킨-안국점,4.7,서울특별시 종로구 화동 138-7 138-7 1층,my**님,5.0,2020년 11월 2일,"jmt에요. 요구사항도 잘들어주시고. 
기부니조크등여♡"
301,교촌치킨-안국점,4.7,서울특별시 종로구 화동 138-7 138-7 1층,   손님,5.0,2020년 10월 30일,너무 맛있었습니다.
302,교촌치킨-안국점,4.7,서울특별시 종로구 화동 138-7 138-7 1층,ki**님,5.0,2020년 10월 28일,굿너무낙잇어욧용ㅎㅎ
303,교촌치킨-안국점,4.7,서울특별시 종로구 화동 138-7 138-7 1층,ko**님,4.666666666666667,2020년 10월 25일,허니콤보 맛있었서요!!
304,교촌치킨-안국점,4.7,서울특별시 종로구 화동 138-7 138-7 1층,xf**님,5.0,2020년 10월 24일,맛있어요ㅇㅇㅇㅇㅇㅇㅇㅇ
305,교촌치킨-안국점,4.7,서울특별시 종로구 화동 138-7 138-7 1층,mi**님,5.0,2020년 10월 23일,빠른배달 감사함니다. 치킨도 맛있네요~~
306,교촌치킨-안국점,4.7,서울특별시 종로구 화동 138-7 138-7 1층,om**님,5.0,2020년 10월 23일,짱 짱 맛있어요^^~
307,교촌치킨-안국점,4.7,서울특별시 종로구 화동 138-7 138-7 1층,sk**님,5.0,2020년 10월 21일,항상 콤보만 먹다가 윙봉 먹었는데 와 존맛 다리도 좋지만 다리보다 윙봉만 있는게 더 좋아요 맛있어요
308,교촌치킨-안국점,4.7,서울특별시 종로구 화동 138-7 138-7 1층,fr**님,4.0,2020년 10월 20일,소스가 있었으면 더욱 좋았을거 같아여
309,교촌치킨-안국점,4.7,서울특별시 종로구 화동 138-7 138-7 1층,   손님,4.333333333333333,2020년 10월 19일,깔끔하고 맛있는 치킨이었습니다! 너무 맛있어서 금방먹어서 아쉽네요 ㅜㅜ 배달도 따끈할때 잘 가져다 주셨어요. ^^
310,교촌치킨-안국점,4.7,서울특별시 종로구 화동 138-7 138-7 1층,   손님,5.0,2020년 10월 16일,늘 만족합니다 최고의 맛
311,교촌치킨-안국점,4.7,서울특별시 종로구 화동 138-7 138-7 1층,ai**님,4.666666666666667,2020년 10월 15일,"배달은 빨랐는데, 튀김 옷이 너무 두꺼워요. 개선이 필요할 듯 해요."
312,교촌치킨-안국점,4.7,서울특별시 종로구 화동 138-7 138-7 1층,si**님,5.0,2020년 10월 12일,언제나 맛있어 내사랑 교촌 🤍
313,교촌치킨-안국점,4.7,서울특별시 종로구 화동 138-7 138-7 1층,   손님,4.0,2020년 10월 11일,"원래 시키던곳 말고 가까운 곳에서 시켜봤는데 배달은 빨랐는데 원래 교촌 특징인 맛있고 양적음이
양많고 맛없음으로..  뻣뻣하고 닭냄새 나는것도 몇조각 있어요. 주말이라 주문이 많아서 그런건지 ㅠ"
314,교촌치킨-안국점,4.7,서울특별시 종로구 화동 138-7 138-7 1층,kk**님,5.0,2020년 10월 11일,배달이 무척 빠릅니다
315,교촌치킨-안국점,4.7,서울특별시 종로구 화동 138-7 138-7 1층,ge**님,5.0,2020년 10월 10일,멀리 잘 배달해 주셔서 감사드립니다
316,교촌치킨-안국점,4.7,서울특별시 종로구 화동 138-7 138-7 1층,   손님,5.0,2020년 10월 7일,오늘은 교촌 안먹어요? 안먹긴 왜 안먹어! 당장 주문 진행해!! 온 가족이 식탁에 모여서 정말 맛있게 잘 먹었습니다 언제 먹어도 행복한맛 감사합니다
317,교촌치킨-안국점,4.7,서울특별시 종로구 화동 138-7 138-7 1층,ma**님,5.0,2020년 10월 6일,치킨은 무조건 교촌
318,교촌치킨-안국점,4.7,서울특별시 종로구 화동 138-7 138-7 1층,gk**님,3.6666666666666665,2020년 10월 5일,교촌의 양은 정말 가슴이 웅장해진다..
319,교촌치킨-안국점,4.7,서울특별시 종로구 화동 138-7 138-7 1층,ds**님,4.666666666666667,2020년 10월 3일,"항상 교촌은 맛있지만 좀 짭니다
매장에서 먹을 때도 배달을 시킬 때도
항상 많이 짠데 왜그런지 모르겠네요"
320,교촌치킨-안국점,4.7,서울특별시 종로구 화동 138-7 138-7 1층,mo**님,5.0,2020년 10월 2일,좋아요~~~~~~~~~
321,교촌치킨-안국점,4.7,서울특별시 종로구 화동 138-7 138-7 1층,se**님,5.0,2020년 10월 2일,늘 그렇듯이 맛있었습니다. 배달도 친절하셨구요. 감사합니다~
322,교촌치킨-안국점,4.7,서울특별시 종로구 화동 138-7 138-7 1층,wa**님,4.0,2020년 9월 30일,맛있게 잘 먹었어요
323,교촌치킨-안국점,4.7,서울특별시 종로구 화동 138-7 138-7 1층,sa**님,5.0,2020년 9월 29일,과배기 쫀득 촉촉 맛있어요. 치킨도순살이라 먹기좋았어요
324,교촌치킨-안국점,4.7,서울특별시 종로구 화동 138-7 138-7 1층,he**님,5.0,2020년 9월 29일,"교촌이
교촌했네 
맛나용"
325,교촌치킨-안국점,4.7,서울특별시 종로구 화동 138-7 138-7 1층,wa**님,4.0,2020년 9월 25일,오랜만에 먹으니 맛있넹ㅅ
326,교촌치킨-안국점,4.7,서울특별시 종로구 화동 138-7 138-7 1층,   손님,5.0,2020년 9월 22일,가족들이랑 정말 맛있게 먹었습니다 튀김옷도 바삭함과 쫄깃함과 달콤하고 뻑살도 아주 부드럽게 찢어지고 새콤달콤한 닭무가 입안에서 아삭아삭!! 매일 주문해먹고 싶지만 지갑아 살좀쪄봐... 허니 오리지널 중독
327,교촌치킨-안국점,4.7,서울특별시 종로구 화동 138-7 138-7 1층,tk**님,5.0,2020년 9월 17일,마시써용! 항상잘먹고있답니당
328,교촌치킨-안국점,4.7,서울특별시 종로구 화동 138-7 138-7 1층,so**님,4.0,2020년 9월 15일,맛있어용!교촌은 그냥
329,교촌치킨-안국점,4.7,서울특별시 종로구 화동 138-7 138-7 1층,ds**님,5.0,2020년 9월 13일,"메이저 햄버거 주문 하려다가 교촌버거가 생각나서 주문을 했는데 일단 교촌버거 자체가 맛이 있습니다.
소스나 토마토.. 뻑뻑하지 않았구요 크기도 크고 
웨지감자도 짜지 않고 맛있었고 마라볶음밥도 먹을만 했어요 한 곳에서 다양한 메뉴를 먹을 수 있다는게 엄청난 장점 같아요 햄버거를 주문하면서 볶음밥을 먹을 수 있고 치킨무도 추가 할수 있어요 진심 오늘 맛없는거 먹고 개빡치면 가뜩이나 주말 마무리가 좀 그랬을텐데 기분이 좋아집니다 다음에 또 주문할게요!"
330,교촌치킨-안국점,4.7,서울특별시 종로구 화동 138-7 138-7 1층,to**님,3.3333333333333335,2020년 9월 11일,"너무 식어서 왔네요;; 따뜻한 기운이 전혀없어요..  그리고 오리지날인데 왜 양념이 전혀없는거죠? 그동안 대학로점에서 주문하다 안국역점이 더 가까운것 같아 주문했는데.. 양념 맛은 거의없고, 따뜻하지도 않고, 지금까지 교촌치킨 주문하면서 실망하긴 처음이네요.. 앞으로 대학로점 다시 이용하겠습니다.."
331,교촌치킨-안국점,4.7,서울특별시 종로구 화동 138-7 138-7 1층,   손님,5.0,2020년 9월 9일,매일 주문해먹고싶다 치킨은 살 안찌니까 내가찌지 (봉인 스티커 좀 꽉 눌러서 붙이면 더 좋을거같아요 스티커 열려있고 튀김 부스러기 스티커 안쪽에 붙어있으니까 아닌줄 알면서도 기분 다운돼요 하지만 치킨이 맛있어서 기분업)
332,교촌치킨-안국점,4.7,서울특별시 종로구 화동 138-7 138-7 1층,   손님,5.0,2020년 9월 9일,최고의 맛. 언제나 믿고 먹는 교촌.
333,교촌치킨-안국점,4.7,서울특별시 종로구 화동 138-7 138-7 1층,kd**님,5.0,2020년 9월 7일,말이 필요 없습니다.
334,교촌치킨-안국점,4.7,서울특별시 종로구 화동 138-7 138-7 1층,th**님,5.0,2020년 9월 4일,맛있어서 자주 주문합니다. 오늘도 맛있었어요!
335,교촌치킨-안국점,4.7,서울특별시 종로구 화동 138-7 138-7 1층,   손님,5.0,2020년 9월 1일,배달도 예상시간보다 훨씬 빨리 오고 음식도 따듯하고 스티커 붙여 와서 안심했어요~또 이용할게요
336,교촌치킨-안국점,4.7,서울특별시 종로구 화동 138-7 138-7 1층,   손님,5.0,2020년 9월 1일,교촌은 정말 최고에요 집근처에 지점이생겨서 너무좋아요 허니오리지날짱짜 최고 코카콜라 최고
337,교촌치킨-안국점,4.7,서울특별시 종로구 화동 138-7 138-7 1층,mo**님,5.0,2020년 9월 1일,잘 먹엇습니다~~~~
338,교촌치킨-안국점,4.7,서울특별시 종로구 화동 138-7 138-7 1층,ki**님,4.0,2020년 8월 31일,비가 많이왔는데 고생많으셨습니다
339,교촌치킨-안국점,4.7,서울특별시 종로구 화동 138-7 138-7 1층,pu**님,2.3333333333333335,2020년 8월 28일,"배달 예상시간보다 40분 늦었구요 안온다고 전화드렸더니 출발한지 10분 넘었다고 말해준 시간보다 25분 늦게 왔네요
물론 배달 대행이라 완전한 책임은 아니겠지만 저는 이곳에서 결제하고 주문 한거라 어쩔수 없네요
배달이 여기저기 들렸으니 늦게 온것일거고 그러다 배달 온 치킨은 다 식고 눅눅하고 겉포장지는 다 찢어져서 오고...
음식받고 먹기도 전에 기분이 상했는데 한입 먹었는데 다 식어빠진 치킨을 먹은 저로서는 좋은 리뷰를 할 수가 없네요...
부디 배달대행 쪽에 컴플레인이라도 하셔서 다시는 이렇게 배달 안되길 바랄께요..."
340,교촌치킨-안국점,4.7,서울특별시 종로구 화동 138-7 138-7 1층,sj**님,5.0,2020년 8월 28일,맛있게 잘 먹었습니다!!
341,교촌치킨-안국점,4.7,서울특별시 종로구 화동 138-7 138-7 1층,cy**님,4.666666666666667,2020년 8월 25일,교촌이 최고입니다.
342,교촌치킨-안국점,4.7,서울특별시 종로구 화동 138-7 138-7 1층,t_**님,5.0,2020년 8월 23일,맛있어요 굿 정성스론 포장도 좋았어요
343,교촌치킨-안국점,4.7,서울특별시 종로구 화동 138-7 138-7 1층,   손님,4.666666666666667,2020년 8월 22일,오리지널만 먹다가 시켜봤는데 순살인데도 맛있게 잘 먹었어요.
344,교촌치킨-안국점,4.7,서울특별시 종로구 화동 138-7 138-7 1층,gi**님,5.0,2020년 8월 21일,항상 만족스럽습니다!!
345,교촌치킨-안국점,4.7,서울특별시 종로구 화동 138-7 138-7 1층,wo**님,4.666666666666667,2020년 8월 13일,넘 맛있어요~ 바삭바삭하니 쵝오입니다.
346,교촌치킨-안국점,4.7,서울특별시 종로구 화동 138-7 138-7 1층,ds**님,4.333333333333333,2020년 8월 9일,"항상 느끼는 거지만 매장에서 먹을 때랑 
배달은 맛이 조금 달라요 배달이 식어서 그런지 
좀 더 짜요 그래도 다른데 시키는 것보다 맛보장이
되니 시켯어요"
347,교촌치킨-안국점,4.7,서울특별시 종로구 화동 138-7 138-7 1층,   손님,5.0,2020년 7월 25일,맛있었어요! 또 시켜먹을꼬얌!ㅋ
348,교촌치킨-안국점,4.7,서울특별시 종로구 화동 138-7 138-7 1층,jj**님,5.0,2020년 7월 19일,예상시간보다 빠르게 배달해주셔서 좋습니다. 기사님도 친절♡
