﻿0,네네치킨-종로점,4.9,서울 종로구 낙원동 150-1 파고다빌딩 1층,wl**님,5.0,10시간 전,바삭바삭 잘먹었습니다!!
1,네네치킨-종로점,4.9,서울 종로구 낙원동 150-1 파고다빌딩 1층,ni**님,5.0,11시간 전,늦은시간 따뜻한 치킨 맛있게 먹었습니다
2,네네치킨-종로점,4.9,서울 종로구 낙원동 150-1 파고다빌딩 1층,ek**님,5.0,19시간 전,좋아요 죠아요 죠아요
3,네네치킨-종로점,4.9,서울 종로구 낙원동 150-1 파고다빌딩 1층,86**님,5.0,19시간 전,맛있어요 ~또 주문 할게요
4,네네치킨-종로점,4.9,서울 종로구 낙원동 150-1 파고다빌딩 1층,do**님,5.0,20시간 전,매번 시켜먹을때마다 감탄하네요
5,네네치킨-종로점,4.9,서울 종로구 낙원동 150-1 파고다빌딩 1층,ks**님,5.0,어제,파닭은 네네가 진리입니다 정말 바삭바삭 맛있어요
6,네네치킨-종로점,4.9,서울 종로구 낙원동 150-1 파고다빌딩 1층,go**님,5.0,어제,맛있게잘먹었어요!!!
7,네네치킨-종로점,4.9,서울 종로구 낙원동 150-1 파고다빌딩 1층,gy**님,5.0,어제,양도 푸짐하고 맛도 있고 다음에 또 이용할게요
8,네네치킨-종로점,4.9,서울 종로구 낙원동 150-1 파고다빌딩 1층,ju**님,5.0,어제,치즈스노윙 많이 뿌려달라했는데 넉넉히 주셔서 맛잇게 잘먹었습니다~~
9,네네치킨-종로점,4.9,서울 종로구 낙원동 150-1 파고다빌딩 1층,ju**님,5.0,어제,반반시켯는데 맛잇어요 치킨
10,네네치킨-종로점,4.9,서울 종로구 낙원동 150-1 파고다빌딩 1층,hu**님,5.0,어제,양도많고 맛있습니다.
11,네네치킨-종로점,4.9,서울 종로구 낙원동 150-1 파고다빌딩 1층,sh**님,5.0,어제,요청사항 반영해주셔서 맛있게 먹을 수 있었습니다.
12,네네치킨-종로점,4.9,서울 종로구 낙원동 150-1 파고다빌딩 1층,sh**님,5.0,어제,빠른 배달로 따뜻하게 잘 먹었습니다.
13,네네치킨-종로점,4.9,서울 종로구 낙원동 150-1 파고다빌딩 1층,bp**님,4.333333333333333,어제,"맛있었습니다!
조금 오래 기다려서 먹어서 바로 먹느라 사진을 찍지 못했네요 정말 맛있고 양도 많더라고요!
사진도 찍을 겸 또 주문하겠습니다"
14,네네치킨-종로점,4.9,서울 종로구 낙원동 150-1 파고다빌딩 1층,zh**님,4.0,2일 전,무난한 간장치킨 잘먹었어요!
15,네네치킨-종로점,4.9,서울 종로구 낙원동 150-1 파고다빌딩 1층,cj**님,5.0,2일 전,맛있습니다~~~굿굿
16,네네치킨-종로점,4.9,서울 종로구 낙원동 150-1 파고다빌딩 1층,ha**님,5.0,2일 전,약간 딱딱하긴 했지만 맛있었어요
17,네네치킨-종로점,4.9,서울 종로구 낙원동 150-1 파고다빌딩 1층,is**님,5.0,2일 전,순살은 역시 네네치킨!!
18,네네치킨-종로점,4.9,서울 종로구 낙원동 150-1 파고다빌딩 1층,ju**님,1.0,2일 전,닭비린내가 유달리 심햇어요.
19,네네치킨-종로점,4.9,서울 종로구 낙원동 150-1 파고다빌딩 1층,yu**님,5.0,2일 전,배고파서허겁지겁 먹었네요ㅜㅋㅋㅋㅋ 스노윙들 많이 먹는데 전 후라이드도 정말좋더라구요ㅎㅎ
20,네네치킨-종로점,4.9,서울 종로구 낙원동 150-1 파고다빌딩 1층,jg**님,5.0,3일 전,맛도 양도 훌륭한 네네치킨
21,네네치킨-종로점,4.9,서울 종로구 낙원동 150-1 파고다빌딩 1층,ha**님,4.666666666666667,3일 전,"항상 만족하며 먹었는데 이번에 특히 치킨도 좀 아쉽고 감자튀김은 다 탔어요
그리고 쿠폰은 언제는 주고 언제는 안주나요? 이번이 벌써 3번째 쿠폰안왔는데,,,"
22,네네치킨-종로점,4.9,서울 종로구 낙원동 150-1 파고다빌딩 1층,cu**님,3.3333333333333335,3일 전,"매번 시켜먹는데 양많고 맛있어요~~!!
강추합니다ㅎㅎ"
23,네네치킨-종로점,4.9,서울 종로구 낙원동 150-1 파고다빌딩 1층,mi**님,5.0,3일 전,배달도 빠르게오고 따뜻하고 맛있어요!
24,네네치킨-종로점,4.9,서울 종로구 낙원동 150-1 파고다빌딩 1층,zk**님,5.0,3일 전,맛있어요 좋아요!  자주먹어야죠!
25,네네치킨-종로점,4.9,서울 종로구 낙원동 150-1 파고다빌딩 1층,oi**님,5.0,3일 전,역시 진짜찐짜 맛나쥬~~~~
26,네네치킨-종로점,4.9,서울 종로구 낙원동 150-1 파고다빌딩 1층,dl**님,5.0,3일 전,양 엄청나요! 엄청 자극적이에요! 근데 치즈볼은 좀 딱딱해요
27,네네치킨-종로점,4.9,서울 종로구 낙원동 150-1 파고다빌딩 1층,in**님,5.0,3일 전,맛있게 잘 먹었습니다
28,네네치킨-종로점,4.9,서울 종로구 낙원동 150-1 파고다빌딩 1층,a3**님,5.0,3일 전,다음에 또 주문하겠습니다!
29,네네치킨-종로점,4.9,서울 종로구 낙원동 150-1 파고다빌딩 1층,rl**님,5.0,3일 전,역시 치킨은 네네~!! 치즈스노잉은 순살이 진리입니다요… 너무 맛있게 잘먹었습니다!! 감사합니다~👍👍
30,네네치킨-종로점,4.9,서울 종로구 낙원동 150-1 파고다빌딩 1층,ju**님,5.0,3일 전,"배달도 빠르고 따뜻한 치킨을 먹을 수 있어서 정말 좋아요~ 지난번 주문때 작은 이슈가 있었는데 친절하게 대응해 주셔서 믿고 재주문 했어요. 여러 브랜드 치킨 먹어봤지만 네네치킨 종로점은 항상 따뜻한 치킨 먹을 수 있어서 좋은거 같아요. 바삭바삭한 식감도 더불어 좋고요~ 떡볶이에 진심인 첫째아이는 네네치킨이 떡볶이 맛집이라네요^^ 앞으로도 계속 애용할게요~ 번창하세요♡ 
#식후감"
31,네네치킨-종로점,4.9,서울 종로구 낙원동 150-1 파고다빌딩 1층,he**님,5.0,3일 전,치즈스노윙은 늘 옳습니다...💕👍👍
32,네네치킨-종로점,4.9,서울 종로구 낙원동 150-1 파고다빌딩 1층,uu**님,5.0,3일 전,맛있게 잘 먹었습니다~ 네네치킨 이렇게 맛있는 치킨인 줄 몰랐네요!!
33,네네치킨-종로점,4.9,서울 종로구 낙원동 150-1 파고다빌딩 1층,gu**님,5.0,3일 전,맛있게 잘먹었습니다! 다만 오늘은 껍질이 좀 많긴했어요 힝힝ㅠㅠ
34,네네치킨-종로점,4.9,서울 종로구 낙원동 150-1 파고다빌딩 1층,53**님,5.0,3일 전,매콤하고 맛있었어요~
35,네네치킨-종로점,4.9,서울 종로구 낙원동 150-1 파고다빌딩 1층,ro**님,5.0,3일 전,맛있게 먹었습니다~
36,네네치킨-종로점,4.9,서울 종로구 낙원동 150-1 파고다빌딩 1층,le**님,5.0,3일 전,맛있게 잘 먹었습니다. 양도 많고 늘 맛있어요. 서비스도 좋습니다.
37,네네치킨-종로점,4.9,서울 종로구 낙원동 150-1 파고다빌딩 1층,ih**님,5.0,3일 전,맛있게 먹겠습니다 배달 시간 정확히 지켜주셨습니다
38,네네치킨-종로점,4.9,서울 종로구 낙원동 150-1 파고다빌딩 1층,se**님,5.0,3일 전,맛있어요! 잘 먹었습니다.
39,네네치킨-종로점,4.9,서울 종로구 낙원동 150-1 파고다빌딩 1층,gs**님,3.3333333333333335,3일 전,"네네는 추가양념을 넉넉하게 주는 게 너무 좋네요.
치킨도 맛있게 잘 먹었습니다!"
40,네네치킨-종로점,4.9,서울 종로구 낙원동 150-1 파고다빌딩 1층,ga**님,5.0,4일 전,믿고 먹는 네네치킨 종로점! 따끈한 치킨 맛있기 잘 먹었습니다 떡볶이랑 같이 먹으면 더 맛있어요 서비스 콜라 주셔서 감사해요
41,네네치킨-종로점,4.9,서울 종로구 낙원동 150-1 파고다빌딩 1층,lh**님,5.0,4일 전,따뜻하게 잘 먹었어요
42,네네치킨-종로점,4.9,서울 종로구 낙원동 150-1 파고다빌딩 1층,sh**님,5.0,4일 전,마늘치킨 넘 맛있게 잘 먹었어용 ㅎㅎ
43,네네치킨-종로점,4.9,서울 종로구 낙원동 150-1 파고다빌딩 1층,xi**님,5.0,4일 전,따듯한 치킨 맛있게 먹었어요
44,네네치킨-종로점,4.9,서울 종로구 낙원동 150-1 파고다빌딩 1층,km**님,5.0,4일 전,치킨 맛있게 잘먹었습니다 ~!
45,네네치킨-종로점,4.9,서울 종로구 낙원동 150-1 파고다빌딩 1층,lk**님,5.0,4일 전,맛있어요~ 양이 진짜 많네요
46,네네치킨-종로점,4.9,서울 종로구 낙원동 150-1 파고다빌딩 1층,al**님,5.0,4일 전,원래 퍽퍽살 좋아해서 맛있게 먹었습니다 ㅎㅎ
47,네네치킨-종로점,4.9,서울 종로구 낙원동 150-1 파고다빌딩 1층,im**님,5.0,4일 전,놀러와서 시켰는데 예상보다 빨리왔어요. 남산에서 이것저것먹고와서 반반시켜달란거 아예 두마리시켜서 남겨서 내일까지 잘 먹을께요.
48,네네치킨-종로점,4.9,서울 종로구 낙원동 150-1 파고다빌딩 1층,jj**님,5.0,4일 전,넘넘 맛나게 먹었어요 ㅎㅎ 따끈따끈한 치킨 오랜만이어서 좋았습니다
49,네네치킨-종로점,4.9,서울 종로구 낙원동 150-1 파고다빌딩 1층,sw**님,5.0,4일 전,맛있어요 양도 많구요 다음날 먹으면 더 맛있어요
50,네네치킨-종로점,4.9,서울 종로구 낙원동 150-1 파고다빌딩 1층,su**님,5.0,4일 전,입에서 불이나네요 맛있게 잘먹었어요
51,네네치킨-종로점,4.9,서울 종로구 낙원동 150-1 파고다빌딩 1층,wo**님,5.0,4일 전,맵고 달고 간간한게 잘 어우러져서 맛있게 먹었습니다ㅎㅎ
52,네네치킨-종로점,4.9,서울 종로구 낙원동 150-1 파고다빌딩 1층,he**님,5.0,4일 전,양도 맛도 어디 빠지지않습니다! 강력추천
53,네네치킨-종로점,4.9,서울 종로구 낙원동 150-1 파고다빌딩 1층,ga**님,5.0,4일 전,오랜만에 맛있게 잘 먹었습니다
54,네네치킨-종로점,4.9,서울 종로구 낙원동 150-1 파고다빌딩 1층,ma**님,5.0,4일 전,매번 맛잇고 배달도 빨라요>_<
55,네네치킨-종로점,4.9,서울 종로구 낙원동 150-1 파고다빌딩 1층,da**님,5.0,5일 전,진짜너무너무맛있습니다
56,네네치킨-종로점,4.9,서울 종로구 낙원동 150-1 파고다빌딩 1층,to**님,4.666666666666667,5일 전,할인쿠폰 + 할인 시간 + 비닐장갑(요청)까지 해서 13000원에 주문했는데 가성비 좋은 치킨임. 맛도 괜찮았지만 청양마요 인삼 냄새와 맛은 호불호임. 배달도 괜찮은 편. 비닐 장갑이 어딨는지 안 보였는데 알고보니 콜라 밑에 깔려있었음. 잘 먹었어요~!!!
57,네네치킨-종로점,4.9,서울 종로구 낙원동 150-1 파고다빌딩 1층,ki**님,3.0,5일 전,항상 맛있네요ㅎㅎ 감사합니다
58,네네치킨-종로점,4.9,서울 종로구 낙원동 150-1 파고다빌딩 1층,tv**님,5.0,5일 전,양이 엄청많네요 매콤한게 맛납니다
59,네네치킨-종로점,4.9,서울 종로구 낙원동 150-1 파고다빌딩 1층,mm**님,5.0,5일 전,배달도 빠르고 맛있게 잘먹었습니다
60,네네치킨-종로점,4.9,서울 종로구 낙원동 150-1 파고다빌딩 1층,sk**님,5.0,5일 전,맛있게 잘먹었어요~
61,네네치킨-종로점,4.9,서울 종로구 낙원동 150-1 파고다빌딩 1층,mi**님,3.3333333333333335,5일 전,맛있어서 다음날 또 시켰습니다!!
62,네네치킨-종로점,4.9,서울 종로구 낙원동 150-1 파고다빌딩 1층,pi**님,5.0,5일 전,항상 맛잇는 치킨 빠르게 보내주셔서 잘 먹고 잇습니다
63,네네치킨-종로점,4.9,서울 종로구 낙원동 150-1 파고다빌딩 1층,la**님,5.0,5일 전,배달이 신기하게 빠르네요 15분걸림
64,네네치킨-종로점,4.9,서울 종로구 낙원동 150-1 파고다빌딩 1층,cu**님,5.0,5일 전,진짜 맛있어요 다음에 또 주문할게용!
65,네네치킨-종로점,4.9,서울 종로구 낙원동 150-1 파고다빌딩 1층,gh**님,5.0,5일 전,처음에 한 시간 기다려야 하는 줄 알았는데 훨씬 빨리 와서 좋았어요! 부위도 골고루 푸짐했어요~ 치킨도 감자도 바삭하고 따끈해서 넘 맛있게 먹었습니다!
66,네네치킨-종로점,4.9,서울 종로구 낙원동 150-1 파고다빌딩 1층,zo**님,5.0,5일 전,허겁지겁 먹다가 사진을 늦게 찍었네요 ㅎㅎ
67,네네치킨-종로점,4.9,서울 종로구 낙원동 150-1 파고다빌딩 1층,rl**님,5.0,5일 전,양이 굉장히 많네요 따듯하게 잘 왔습니다 또 시킬게요:)
68,네네치킨-종로점,4.9,서울 종로구 낙원동 150-1 파고다빌딩 1층,jk**님,5.0,6일 전,항상 맛있게 잘 먹고있습니다 감사합니다~~
69,네네치킨-종로점,4.9,서울 종로구 낙원동 150-1 파고다빌딩 1층,se**님,4.0,6일 전,맛있게 잘 먹었어요
70,네네치킨-종로점,4.9,서울 종로구 낙원동 150-1 파고다빌딩 1층,a0**님,5.0,6일 전,너무너무너무 맛있게 먹었어요
71,네네치킨-종로점,4.9,서울 종로구 낙원동 150-1 파고다빌딩 1층,ch**님,5.0,6일 전,되게 맵네요ㅋㅋㅋ 암튼맛나요
72,네네치킨-종로점,4.9,서울 종로구 낙원동 150-1 파고다빌딩 1층,al**님,5.0,6일 전,적당히 매콤하고 맛있어요
73,네네치킨-종로점,4.9,서울 종로구 낙원동 150-1 파고다빌딩 1층,ki**님,5.0,6일 전,순살 체고🐳🐳🐳🙌🙌🙌🙌
74,네네치킨-종로점,4.9,서울 종로구 낙원동 150-1 파고다빌딩 1층,mi**님,3.3333333333333335,6일 전,정말 맛있고 양파가 있어서 물리지 않네요.
75,네네치킨-종로점,4.9,서울 종로구 낙원동 150-1 파고다빌딩 1층,da**님,5.0,6일 전,네네치킨은 첫 시도였는데 너무 성공적이었어요! 양도 푸짐하고 존맛탱🙃 짭쪼롬한 치즈볼은 처음이었는데 너무 맛있더라고요ㅎ 소이갈릭 추천입니다~
76,네네치킨-종로점,4.9,서울 종로구 낙원동 150-1 파고다빌딩 1층,eh**님,3.3333333333333335,6일 전,맛있게 잘 먹었습니다
77,네네치킨-종로점,4.9,서울 종로구 낙원동 150-1 파고다빌딩 1층,wh**님,5.0,6일 전,요구사항도 잘 들어주시고 배달도 빠르고 굿이에요 구웃~!!
78,네네치킨-종로점,4.9,서울 종로구 낙원동 150-1 파고다빌딩 1층,ys**님,5.0,6일 전,청양마요 치킨맛잇네요!!소스도빠짐없이 챙겨주시고 잘먹었습니당
79,네네치킨-종로점,4.9,서울 종로구 낙원동 150-1 파고다빌딩 1층,mk**님,5.0,6일 전,"파닭도 맛있네요
잘 먹었습니다"
80,네네치킨-종로점,4.9,서울 종로구 낙원동 150-1 파고다빌딩 1층,se**님,5.0,6일 전,"맛있게 잘 먹었습니다 
주문할때 가끔씩 떡이 같이 올때도 있던데
 어떨때 주시는건가요?"
81,네네치킨-종로점,4.9,서울 종로구 낙원동 150-1 파고다빌딩 1층,km**님,5.0,6일 전,맛있게 잘 먹었습니다.
82,네네치킨-종로점,4.9,서울 종로구 낙원동 150-1 파고다빌딩 1층,yo**님,3.3333333333333335,6일 전,맛나게 잘먹었습니다.
83,네네치킨-종로점,4.9,서울 종로구 낙원동 150-1 파고다빌딩 1층,la**님,5.0,6일 전,소스는 겨자향이 진해서 취향은 아닌데 맛있어요
84,네네치킨-종로점,4.9,서울 종로구 낙원동 150-1 파고다빌딩 1층,kt**님,5.0,6일 전,"날개매니아여서 다른곳에서도 윙봉메뉴 많이시켜먹는데 
네네 후라이드 날개는 처음시켜본건데 고기상태나 맛 양 다 만족했어요 날개메뉴 퀄리티 이렇게 좋은줄은 몰랐네요
앞으로 후라이드윙은 네네에서먹을듯
요청사항도 잘 확인해주셨어요"
85,네네치킨-종로점,4.9,서울 종로구 낙원동 150-1 파고다빌딩 1층,ps**님,3.3333333333333335,6일 전,양도 많고 너무 맛있게 먹었어요@
86,네네치킨-종로점,4.9,서울 종로구 낙원동 150-1 파고다빌딩 1층,ko**님,5.0,6일 전,파도 싱싱 맛도 일품
87,네네치킨-종로점,4.9,서울 종로구 낙원동 150-1 파고다빌딩 1층,gd**님,5.0,일주일 전,맛있게 잘 먹었습니다
88,네네치킨-종로점,4.9,서울 종로구 낙원동 150-1 파고다빌딩 1층,gd**님,5.0,일주일 전,맛있게 잘 먹었습니다.
89,네네치킨-종로점,4.9,서울 종로구 낙원동 150-1 파고다빌딩 1층,gd**님,5.0,일주일 전,맛있게 잘 먹었습니다
90,네네치킨-종로점,4.9,서울 종로구 낙원동 150-1 파고다빌딩 1층,su**님,5.0,일주일 전,친구랑 반 나눠먹어서 사진에 보이는게 절반 양인데 양도 진짜 많고 맛있어요!! 특히 어니언스노윙 넘 맛있게 잘 먹었습니다
91,네네치킨-종로점,4.9,서울 종로구 낙원동 150-1 파고다빌딩 1층,gy**님,5.0,일주일 전,"양도 많고 맛도 좋고 리뷰이벤트로 콜라서비스 주시니 혜자네요 다음에 또 이용할게요
잘 먹었습니다"
92,네네치킨-종로점,4.9,서울 종로구 낙원동 150-1 파고다빌딩 1층,hy**님,5.0,일주일 전,너무너무 맛있고 양도 많아요~~ 양념인데도 도착했을 때 튀김이 여전히 바삭해서 맛있게 먹었네요. 다음에 또 주문할게요^^
93,네네치킨-종로점,4.9,서울 종로구 낙원동 150-1 파고다빌딩 1층,da**님,5.0,일주일 전,감사합니다 잘먹었습니다
94,네네치킨-종로점,4.9,서울 종로구 낙원동 150-1 파고다빌딩 1층,xi**님,5.0,2022년 4월 13일,따듯한 치킨 맛있게 먹었어요
95,네네치킨-종로점,4.9,서울 종로구 낙원동 150-1 파고다빌딩 1층,ze**님,5.0,2022년 4월 13일,정말 맛있게 먹었습니다
96,네네치킨-종로점,4.9,서울 종로구 낙원동 150-1 파고다빌딩 1층,dl**님,5.0,2022년 4월 13일,치킨은 네네치킨!!!
97,네네치킨-종로점,4.9,서울 종로구 낙원동 150-1 파고다빌딩 1층,sa**님,5.0,2022년 4월 12일,넘 맛있습니다! 양도 짱 많고 만족스러워요!
98,네네치킨-종로점,4.9,서울 종로구 낙원동 150-1 파고다빌딩 1층,st**님,5.0,2022년 4월 12일,배달도 빠르고 맛도 좋아요
99,네네치킨-종로점,4.9,서울 종로구 낙원동 150-1 파고다빌딩 1층,se**님,5.0,2022년 4월 12일,맛있게 잘 먹었습니다
100,네네치킨-종로점,4.9,서울 종로구 낙원동 150-1 파고다빌딩 1층,a3**님,5.0,2022년 4월 12일,"요청사항 들어주셔서 감사합니다!
맛있어요!"
101,네네치킨-종로점,4.9,서울 종로구 낙원동 150-1 파고다빌딩 1층,yi**님,5.0,2022년 4월 12일,맛집입니다
102,네네치킨-종로점,4.9,서울 종로구 낙원동 150-1 파고다빌딩 1층,th**님,5.0,2022년 4월 12일,언제나 푸짐하고 깔끔한 맛 정말 좋아요
103,네네치킨-종로점,4.9,서울 종로구 낙원동 150-1 파고다빌딩 1층,js**님,5.0,2022년 4월 12일,맛있었어여 ㅎㅎㅎㅎ
104,네네치킨-종로점,4.9,서울 종로구 낙원동 150-1 파고다빌딩 1층,my**님,5.0,2022년 4월 11일,맛있게 잘 먹었습니당ㅎㅎ
105,네네치킨-종로점,4.9,서울 종로구 낙원동 150-1 파고다빌딩 1층,ka**님,5.0,2022년 4월 10일,치킨은 역시.네네치킨
106,네네치킨-종로점,4.9,서울 종로구 낙원동 150-1 파고다빌딩 1층,ri**님,5.0,2022년 4월 10일,배달도 빠르고 맛있어요! 좋은 하루 되세용
107,네네치킨-종로점,4.9,서울 종로구 낙원동 150-1 파고다빌딩 1층,wo**님,5.0,2022년 4월 10일,믿고 먹는 네네치킨
108,네네치킨-종로점,4.9,서울 종로구 낙원동 150-1 파고다빌딩 1층,la**님,5.0,2022년 4월 10일,요청사항에 치킨무 빼고 다빼달라했는데 치킨무만 빠짐
109,네네치킨-종로점,4.9,서울 종로구 낙원동 150-1 파고다빌딩 1층,tm**님,5.0,2022년 4월 10일,맛있습니다
110,네네치킨-종로점,4.9,서울 종로구 낙원동 150-1 파고다빌딩 1층,ta**님,5.0,2022년 4월 9일,빠른 배송에 맛있게 잘먹었습니다!
111,네네치킨-종로점,4.9,서울 종로구 낙원동 150-1 파고다빌딩 1층,ki**님,5.0,2022년 4월 9일,맛있어요 간치!🥰🥰🥰🥰
112,네네치킨-종로점,4.9,서울 종로구 낙원동 150-1 파고다빌딩 1층,we**님,5.0,2022년 4월 8일,맛있어요 다음에도 주문할게요
113,네네치킨-종로점,4.9,서울 종로구 낙원동 150-1 파고다빌딩 1층,mi**님,5.0,2022년 4월 8일,양도많고 서비스도 감사합니다!
114,네네치킨-종로점,4.9,서울 종로구 낙원동 150-1 파고다빌딩 1층,dl**님,5.0,2022년 4월 8일,맛있기는 한데 혼자서 먹다보니 조금 질리는 감이 있었어요
115,네네치킨-종로점,4.9,서울 종로구 낙원동 150-1 파고다빌딩 1층,gu**님,5.0,2022년 4월 8일,믿고 먹는 네네치킨 맛있어용
116,네네치킨-종로점,4.9,서울 종로구 낙원동 150-1 파고다빌딩 1층,qk**님,5.0,2022년 4월 7일,요청사항도 잘 들어주시구 양과 맛도 제가먹은 네네중에 제일 훌륭했습니다 ^^ 다음에 기회되서 종로오면 또 시켜 먹을게요 !
117,네네치킨-종로점,4.9,서울 종로구 낙원동 150-1 파고다빌딩 1층,sh**님,5.0,2022년 4월 7일,잘먹었습니다. 따뜻해서 좋아요
118,네네치킨-종로점,4.9,서울 종로구 낙원동 150-1 파고다빌딩 1층,m3**님,5.0,2022년 4월 7일,맛있어요 닭다리가 3개라서 좋아요
119,네네치킨-종로점,4.9,서울 종로구 낙원동 150-1 파고다빌딩 1층,ju**님,5.0,2022년 4월 5일,양파를 좋은 걸 쓰시는 것 같아요 진짜 맛있었어용!
120,네네치킨-종로점,4.9,서울 종로구 낙원동 150-1 파고다빌딩 1층,se**님,5.0,2022년 4월 5일,"치즈볼 정말 맛있네요.
혹시 쿠폰 다 모으면 전화주문시에만 사용가능한가요?
아니면 요기요로도 가능할까요?"
121,네네치킨-종로점,4.9,서울 종로구 낙원동 150-1 파고다빌딩 1층,do**님,5.0,2022년 4월 5일,전에 소이갈릭 먹고 감동해서 스노윙도 시켜봤는데 진짜 최고에요!
122,네네치킨-종로점,4.9,서울 종로구 낙원동 150-1 파고다빌딩 1층,as**님,3.6666666666666665,2022년 4월 5일,맛있었어요!! 배달도 생각보다 빨리 왔어요!! 기름을 좀 더 빼주시면 좋을것 같아요!!
123,네네치킨-종로점,4.9,서울 종로구 낙원동 150-1 파고다빌딩 1층,es**님,3.3333333333333335,2022년 4월 5일,포장 주문햇는데 엄청 빨랏구 양 진짜 많구 맛잇엇어요!!
124,네네치킨-종로점,4.9,서울 종로구 낙원동 150-1 파고다빌딩 1층,an**님,5.0,2022년 4월 5일,잘먹었습니다!!!!
125,네네치킨-종로점,4.9,서울 종로구 낙원동 150-1 파고다빌딩 1층,na**님,5.0,2022년 4월 4일,맛있었지만 소스양 조절을 잘못했는지 콜라에도 다묻고 박스가 많이 젖었어요
126,네네치킨-종로점,4.9,서울 종로구 낙원동 150-1 파고다빌딩 1층,cu**님,3.3333333333333335,2022년 4월 4일,"맛있었습니다~!!
항상 자주 애용하는데 기대를 저버린적은 없는거같아요
다음번에도 사용하겠습니다~!! ㅎㅎ"
127,네네치킨-종로점,4.9,서울 종로구 낙원동 150-1 파고다빌딩 1층,ly**님,5.0,2022년 4월 4일,짭쪼롬하도 가루양 개많이줌 치즈볼도 바삭
128,네네치킨-종로점,4.9,서울 종로구 낙원동 150-1 파고다빌딩 1층,ne**님,5.0,2022년 4월 3일,항상 맛있는 치킨 보내주셔서 감사합니다
129,네네치킨-종로점,4.9,서울 종로구 낙원동 150-1 파고다빌딩 1층,xi**님,5.0,2022년 4월 3일,따듯한 치킨 맛있게 먹었어요
