﻿0,네네치킨-광화문점,4.5,서울특별시 종로구 내수동 95 경희궁 파크팰리스 95 경희궁 파크팰리스 B101호,03**님,5.0,2일 전,사장님이 나쁜분은 아니신것 같아서 안좋은 평점을 드리진 않았는데… 죄송하지만 치킨 맛을 조금 더 연구해보심이 어떠실지 조심스레 의견 남겨 봅니다🥺 제가 왠만한 치킨은 맛있어하면서 다 먹구 좀 별로여도 군말없이 먹는편이라 광화문점 안좋은 리뷰들을 보고도 시킨건데 정말 그 리뷰들 말처럼 실망스러워서 슬펐습니다 치킨이 되게 건조하고 육즙이 없어요ㅜ 이부분 보완하시면 다른 손님들도 훨씬 맛있게 즐길 수 있을 듯 합니다…!
1,네네치킨-광화문점,4.5,서울특별시 종로구 내수동 95 경희궁 파크팰리스 95 경희궁 파크팰리스 B101호,pa**님,5.0,3일 전,간장맛과 마늘맛이 잘 어울러진 치킨이에요
2,네네치킨-광화문점,4.5,서울특별시 종로구 내수동 95 경희궁 파크팰리스 95 경희궁 파크팰리스 B101호,se**님,3.3333333333333335,3일 전,항상 맛있게 잘먹고있습니다 ^^
3,네네치킨-광화문점,4.5,서울특별시 종로구 내수동 95 경희궁 파크팰리스 95 경희궁 파크팰리스 B101호,wo**님,3.3333333333333335,4일 전,"언제나 항상 맛있어요
질리지 않아요
매번 새로워요"
4,네네치킨-광화문점,4.5,서울특별시 종로구 내수동 95 경희궁 파크팰리스 95 경희궁 파크팰리스 B101호,my**님,5.0,4일 전,신메뉴는 좀 별로인게 많은데 이건 맛있어요!
5,네네치킨-광화문점,4.5,서울특별시 종로구 내수동 95 경희궁 파크팰리스 95 경희궁 파크팰리스 B101호,wa**님,4.666666666666667,5일 전,맛있게 잘 먹었습니다
6,네네치킨-광화문점,4.5,서울특별시 종로구 내수동 95 경희궁 파크팰리스 95 경희궁 파크팰리스 B101호,fi**님,5.0,5일 전,맛있게 잘먹었어요!
7,네네치킨-광화문점,4.5,서울특별시 종로구 내수동 95 경희궁 파크팰리스 95 경희궁 파크팰리스 B101호,hc**님,5.0,2022년 4월 13일,주문 후 갑자기 비가 왔는데 제시간에 잘 도착 했어요 파태 양도 많아서 푸짐했고 치킨은 조슴 식었지만 그래도 바삭했습니다 오랜만에 네네파닭 잘 먹었어요
8,네네치킨-광화문점,4.5,서울특별시 종로구 내수동 95 경희궁 파크팰리스 95 경희궁 파크팰리스 B101호,tj**님,3.3333333333333335,2022년 4월 13일,너무맛잇어요~♥~♥
9,네네치킨-광화문점,4.5,서울특별시 종로구 내수동 95 경희궁 파크팰리스 95 경희궁 파크팰리스 B101호,ew**님,5.0,2022년 3월 30일,맛있게 잘 먹었습니다
10,네네치킨-광화문점,4.5,서울특별시 종로구 내수동 95 경희궁 파크팰리스 95 경희궁 파크팰리스 B101호,ba**님,3.3333333333333335,2022년 3월 15일,잘 먹었습니다. 감사합니다.
11,네네치킨-광화문점,4.5,서울특별시 종로구 내수동 95 경희궁 파크팰리스 95 경희궁 파크팰리스 B101호,km**님,3.3333333333333335,2022년 3월 13일,덜어먹었어요 맛있어요
12,네네치킨-광화문점,4.5,서울특별시 종로구 내수동 95 경희궁 파크팰리스 95 경희궁 파크팰리스 B101호,ro**님,5.0,2022년 3월 12일,맛있게 잘먹었습니다
13,네네치킨-광화문점,4.5,서울특별시 종로구 내수동 95 경희궁 파크팰리스 95 경희궁 파크팰리스 B101호,se**님,3.3333333333333335,2022년 3월 12일,맛있게 잘먹었습니다 ^^
14,네네치킨-광화문점,4.5,서울특별시 종로구 내수동 95 경희궁 파크팰리스 95 경희궁 파크팰리스 B101호,ys**님,3.6666666666666665,2022년 3월 11일,치킨이 좀 뻣뻣한거 같아요
15,네네치킨-광화문점,4.5,서울특별시 종로구 내수동 95 경희궁 파크팰리스 95 경희궁 파크팰리스 B101호,29**님,4.0,2022년 3월 10일,맛있는데 소스가 유통시간이 지났 것 받았어요ㅠㅠ
16,네네치킨-광화문점,4.5,서울특별시 종로구 내수동 95 경희궁 파크팰리스 95 경희궁 파크팰리스 B101호,co**님,5.0,2022년 3월 9일,"#식후감
이번엔 크림치킨과 소이갈릭치킨 반반씩 먹었는데 둘다 달콤함과 짭잘함의 조화가 적절해서 정말 맛있었어요!"
17,네네치킨-광화문점,4.5,서울특별시 종로구 내수동 95 경희궁 파크팰리스 95 경희궁 파크팰리스 B101호,ph**님,5.0,2022년 3월 4일,치킨이 넘 따뜻히 빠르게 배달됐고 식은후에  먹었을때도  변치않게  맛있더라고요~ 잘 먹었습니다.
18,네네치킨-광화문점,4.5,서울특별시 종로구 내수동 95 경희궁 파크팰리스 95 경희궁 파크팰리스 B101호,eh**님,5.0,2022년 2월 24일,맛있게 잘 먹었습니다
19,네네치킨-광화문점,4.5,서울특별시 종로구 내수동 95 경희궁 파크팰리스 95 경희궁 파크팰리스 B101호,ss**님,5.0,2022년 2월 24일,맛있게잘먹었어요 역시양념은 네네
20,네네치킨-광화문점,4.5,서울특별시 종로구 내수동 95 경희궁 파크팰리스 95 경희궁 파크팰리스 B101호,tj**님,3.3333333333333335,2022년 2월 24일,너무맛있어요~♥~♥~
21,네네치킨-광화문점,4.5,서울특별시 종로구 내수동 95 경희궁 파크팰리스 95 경희궁 파크팰리스 B101호,co**님,5.0,2022년 2월 1일,"#식후감
매콤한 치킨을 처음으로 먹어봤는데 매콤함과 짠맛이 적절해서 먹기 좋았고 맛있었어요!
이어서 맥앤치즈볼은 쫄깃쫄깃하고 맛있었어요!"
22,네네치킨-광화문점,4.5,서울특별시 종로구 내수동 95 경희궁 파크팰리스 95 경희궁 파크팰리스 B101호,g1**님,5.0,2022년 1월 23일,맛있게 잘먹었습니다 그리고 잘 먹었습니다
23,네네치킨-광화문점,4.5,서울특별시 종로구 내수동 95 경희궁 파크팰리스 95 경희궁 파크팰리스 B101호,ti**님,2.3333333333333335,2022년 1월 18일,"제대로 씹히지도 않고 질겨요
바로 튀겨서 한거 아니죠?
제 돈 주고 시켰는데 먹으면 먹을수록 짜증나네요
다신 주문 안 할듯"
24,네네치킨-광화문점,4.5,서울특별시 종로구 내수동 95 경희궁 파크팰리스 95 경희궁 파크팰리스 B101호,ks**님,5.0,2022년 1월 7일,ㅎㅎㅎㅎㅎㅎㅎㅎㅎㅎ
25,네네치킨-광화문점,4.5,서울특별시 종로구 내수동 95 경희궁 파크팰리스 95 경희궁 파크팰리스 B101호,xf**님,5.0,2022년 1월 2일,너무 맛있게 잘먹었어요~~~~
26,네네치킨-광화문점,4.5,서울특별시 종로구 내수동 95 경희궁 파크팰리스 95 경희궁 파크팰리스 B101호,sq**님,5.0,2022년 1월 1일,맛있고 양많아서 배부릅니다
27,네네치킨-광화문점,4.5,서울특별시 종로구 내수동 95 경희궁 파크팰리스 95 경희궁 파크팰리스 B101호,ji**님,5.0,2022년 1월 1일,힘내세요!!!!!!
28,네네치킨-광화문점,4.5,서울특별시 종로구 내수동 95 경희궁 파크팰리스 95 경희궁 파크팰리스 B101호,wo**님,3.3333333333333335,2022년 1월 1일,맛잇게 잘먹었습니다 ㅎㅎㅎ
29,네네치킨-광화문점,4.5,서울특별시 종로구 내수동 95 경희궁 파크팰리스 95 경희궁 파크팰리스 B101호,wl**님,2.6666666666666665,2022년 1월 1일,맛있었습니다. 사진이 없긴한데 그래도 보장합니다
30,네네치킨-광화문점,4.5,서울특별시 종로구 내수동 95 경희궁 파크팰리스 95 경희궁 파크팰리스 B101호,1r**님,3.3333333333333335,2021년 12월 31일,바삭하고 깔끔한 맛입니다
31,네네치킨-광화문점,4.5,서울특별시 종로구 내수동 95 경희궁 파크팰리스 95 경희궁 파크팰리스 B101호,en**님,4.333333333333333,2021년 12월 30일,네네네네네네네네치킨
32,네네치킨-광화문점,4.5,서울특별시 종로구 내수동 95 경희궁 파크팰리스 95 경희궁 파크팰리스 B101호,un**님,3.3333333333333335,2021년 12월 29일,"배달 한시간 걸렸고 
치킨은 식어서 눅눅하네요"
33,네네치킨-광화문점,4.5,서울특별시 종로구 내수동 95 경희궁 파크팰리스 95 경희궁 파크팰리스 B101호,vi**님,5.0,2021년 12월 28일,맛있게 먹었습니다.
34,네네치킨-광화문점,4.5,서울특별시 종로구 내수동 95 경희궁 파크팰리스 95 경희궁 파크팰리스 B101호,tn**님,2.6666666666666665,2021년 12월 28일,"사장님 너무 친절하세요~!

튀김옷이 좀 두껍지만 맛은 있어요^^ 근데 닭 특유의 냄새가 살짝나고 뭔가 기름맛이나서 좀 아쉽네요.. ㅠㅠ

올해도 내년에도 항상 번창하세요~"
35,네네치킨-광화문점,4.5,서울특별시 종로구 내수동 95 경희궁 파크팰리스 95 경희궁 파크팰리스 B101호,so**님,2.6666666666666665,2021년 12월 28일,"청양마요 반반 시켰는데
청양 고추가 아에없이 왔네요"
36,네네치킨-광화문점,4.5,서울특별시 종로구 내수동 95 경희궁 파크팰리스 95 경희궁 파크팰리스 B101호,pr**님,5.0,2021년 12월 27일,배달한시간 안에 오고 맛있습니다!! 굿굿
37,네네치킨-광화문점,4.5,서울특별시 종로구 내수동 95 경희궁 파크팰리스 95 경희궁 파크팰리스 B101호,do**님,5.0,2021년 12월 27일,맛있네요 배달도 빠릅니다
38,네네치킨-광화문점,4.5,서울특별시 종로구 내수동 95 경희궁 파크팰리스 95 경희궁 파크팰리스 B101호,co**님,2.6666666666666665,2021년 12월 9일,"치킨은 뜨겁지 않고, 닭은 한마리인것 같으면서도 뭔가 먹을게 없어요ㅜㅜ 예전에 시킬때 양도 많고 맛있게 보여 주문했는데 좀 실망했어요. 치킨좋아하는 아들도 느끼하다고 하구 배달비 내고 먹긴 아까버요ㅜ"
39,네네치킨-광화문점,4.5,서울특별시 종로구 내수동 95 경희궁 파크팰리스 95 경희궁 파크팰리스 B101호,tj**님,3.3333333333333335,2021년 12월 1일,너무맛잇어요~♥~♥
40,네네치킨-광화문점,4.5,서울특별시 종로구 내수동 95 경희궁 파크팰리스 95 경희궁 파크팰리스 B101호,ba**님,3.3333333333333335,2021년 11월 30일,잘 먹었습니다 ^^
41,네네치킨-광화문점,4.5,서울특별시 종로구 내수동 95 경희궁 파크팰리스 95 경희궁 파크팰리스 B101호,el**님,4.0,2021년 11월 29일,소이치킨이랑 떡볶이 같이먹으니까 맛있네요! 미니핫도그는 원래 3개인가요? 넘 쫄깃하고 맛있어요..
42,네네치킨-광화문점,4.5,서울특별시 종로구 내수동 95 경희궁 파크팰리스 95 경희궁 파크팰리스 B101호,tj**님,3.3333333333333335,2021년 11월 27일,맛잇게잘먹엇습니디~♥~♥~
43,네네치킨-광화문점,4.5,서울특별시 종로구 내수동 95 경희궁 파크팰리스 95 경희궁 파크팰리스 B101호,cd**님,4.666666666666667,2021년 11월 26일,맛있네요 잘먹겠습니다
44,네네치킨-광화문점,4.5,서울특별시 종로구 내수동 95 경희궁 파크팰리스 95 경희궁 파크팰리스 B101호,be**님,3.3333333333333335,2021년 11월 26일,"닭강정 기대 이상입니다, 감사합니다"
45,네네치킨-광화문점,4.5,서울특별시 종로구 내수동 95 경희궁 파크팰리스 95 경희궁 파크팰리스 B101호,ki**님,2.6666666666666665,2021년 11월 23일,"닭이 마른거지 좀 다른집  통닭 느낌이 아니라 닭이 쪼그라든거같아요 ㅡㅡ

양도 좀 적고 한마리가 맞는지 ;;;"
46,네네치킨-광화문점,4.5,서울특별시 종로구 내수동 95 경희궁 파크팰리스 95 경희궁 파크팰리스 B101호,co**님,5.0,2021년 11월 23일,"#식후감
알싸한 마늘소스에 아삭아삭한 양파, 부드러운 크림과 같이 곁들여서 먹으니까 알싸함과 부드러움의 조화가 적절했던 맛있는 치킨이었습니다!"
47,네네치킨-광화문점,4.5,서울특별시 종로구 내수동 95 경희궁 파크팰리스 95 경희궁 파크팰리스 B101호,mj**님,5.0,2021년 11월 12일,"너무 친절하십니다.
잘먹겠습니다."
48,네네치킨-광화문점,4.5,서울특별시 종로구 내수동 95 경희궁 파크팰리스 95 경희궁 파크팰리스 B101호,tj**님,3.3333333333333335,2021년 11월 12일,너무맛잇어요~♥~♥~♥
49,네네치킨-광화문점,4.5,서울특별시 종로구 내수동 95 경희궁 파크팰리스 95 경희궁 파크팰리스 B101호,sn**님,5.0,2021년 11월 3일,맛있게 먹었어요. 배달도 빠르고 좋아요
50,네네치킨-광화문점,4.5,서울특별시 종로구 내수동 95 경희궁 파크팰리스 95 경희궁 파크팰리스 B101호,tj**님,3.3333333333333335,2021년 10월 29일,잘먹었습니당/♥~♥~♥
51,네네치킨-광화문점,4.5,서울특별시 종로구 내수동 95 경희궁 파크팰리스 95 경희궁 파크팰리스 B101호,mo**님,5.0,2021년 10월 29일,좋아요~~~~ 잘먹었습니다 ~~^^
52,네네치킨-광화문점,4.5,서울특별시 종로구 내수동 95 경희궁 파크팰리스 95 경희궁 파크팰리스 B101호,go**님,5.0,2021년 10월 29일,"맛있어요.
양념도 적당하니 네네치큰 좋아요"
53,네네치킨-광화문점,4.5,서울특별시 종로구 내수동 95 경희궁 파크팰리스 95 경희궁 파크팰리스 B101호,ds**님,1.0,2021년 10월 16일,"청양마요 주문했는데 양파가 상한 양파를 보내주셨어요
전화 드렸으나 가게에서는 전혀 문제가 없다고 전혀 책임감 없는 응대를 해주셨습니다.
다른 네네 지점으로 주문하세요"
54,네네치킨-광화문점,4.5,서울특별시 종로구 내수동 95 경희궁 파크팰리스 95 경희궁 파크팰리스 B101호,kk**님,5.0,2021년 10월 5일,"배달도 친절하고 치킨무 국물을 다 빼서주시네요
이런집은 처음임
거기다가 치킨도 바삭바삭해요"
55,네네치킨-광화문점,4.5,서울특별시 종로구 내수동 95 경희궁 파크팰리스 95 경희궁 파크팰리스 B101호,jw**님,3.3333333333333335,2021년 10월 4일,바삭하다보니 딱딱하기도 한데  맛있게 먹었어요
56,네네치킨-광화문점,4.5,서울특별시 종로구 내수동 95 경희궁 파크팰리스 95 경희궁 파크팰리스 B101호,re**님,5.0,2021년 10월 3일,"굿 굿 굿
맛있었고 배달좋고"
57,네네치킨-광화문점,4.5,서울특별시 종로구 내수동 95 경희궁 파크팰리스 95 경희궁 파크팰리스 B101호,ji**님,2.3333333333333335,2021년 10월 2일,"치킨이 완전 다 식어서 퍽퍽하게왔어요
보통 후라이드 시키면 주시는 기본적인 양념 소스도 하나도 안들어있고 치킨무만 2개 들어있었어요, 나쁜 리뷰 굳이 안쓰는 편인데..이건 좀 너무 실망이었어요ㅜㅜ절반넘게 버렸습니다
너무너무 맛없어서 재주문은 절대 안할것 같아요"
58,네네치킨-광화문점,4.5,서울특별시 종로구 내수동 95 경희궁 파크팰리스 95 경희궁 파크팰리스 B101호,ca**님,2.3333333333333335,2021년 10월 2일,"배달이 너무 늦었는데....치킨이 다 식어서 왔네요
쿠***로 가야할것같아요ㅜㅜ
에어프라이어로 다시 데워서 먹어야합니다"
59,네네치킨-광화문점,4.5,서울특별시 종로구 내수동 95 경희궁 파크팰리스 95 경희궁 파크팰리스 B101호,ak**님,5.0,2021년 9월 24일,사장님이 굉장히 친절하십니다. 치킨도 굉장히 맛있게 먹었습니다.
60,네네치킨-광화문점,4.5,서울특별시 종로구 내수동 95 경희궁 파크팰리스 95 경희궁 파크팰리스 B101호,si**님,3.6666666666666665,2021년 9월 18일,맛있게 잘 먹었어요~~!!
61,네네치킨-광화문점,4.5,서울특별시 종로구 내수동 95 경희궁 파크팰리스 95 경희궁 파크팰리스 B101호,mo**님,5.0,2021년 9월 13일,좋아요 ~~~  잘먹었습니다 ~~~~
62,네네치킨-광화문점,4.5,서울특별시 종로구 내수동 95 경희궁 파크팰리스 95 경희궁 파크팰리스 B101호,pa**님,5.0,2021년 9월 4일,맛있게 잘 먹었습니다 양념소스와도 잘 어울립니다
63,네네치킨-광화문점,4.5,서울특별시 종로구 내수동 95 경희궁 파크팰리스 95 경희궁 파크팰리스 B101호,ji**님,3.3333333333333335,2021년 9월 3일,사장님잘 먹었습니다~~~!!
64,네네치킨-광화문점,4.5,서울특별시 종로구 내수동 95 경희궁 파크팰리스 95 경희궁 파크팰리스 B101호,   손님,5.0,2021년 9월 2일,바삭바삭 맛있네요~
65,네네치킨-광화문점,4.5,서울특별시 종로구 내수동 95 경희궁 파크팰리스 95 경희궁 파크팰리스 B101호,gs**님,5.0,2021년 9월 1일,"기본구성에 코울슬로가 들어가 있는 게 신기했어요.
양도 많았고 맛있게 잘 먹었습니다!"
66,네네치킨-광화문점,4.5,서울특별시 종로구 내수동 95 경희궁 파크팰리스 95 경희궁 파크팰리스 B101호,ji**님,3.3333333333333335,2021년 8월 31일,"너무 친절하시고 맛도 좋고 ㅠㅠ
이런 분들 어려운데 힘내시고 정말 잘되셨으면 좋겠습니다
감사합니다!"
67,네네치킨-광화문점,4.5,서울특별시 종로구 내수동 95 경희궁 파크팰리스 95 경희궁 파크팰리스 B101호,mo**님,5.0,2021년 8월 31일,좋아요 ~~~ 잘먹겠습니다 ~~~
68,네네치킨-광화문점,4.5,서울특별시 종로구 내수동 95 경희궁 파크팰리스 95 경희궁 파크팰리스 B101호,so**님,3.3333333333333335,2021년 8월 28일,정말 너무 바삭하게 잘튀겨주시고 맛있게 먹었어요!
69,네네치킨-광화문점,4.5,서울특별시 종로구 내수동 95 경희궁 파크팰리스 95 경희궁 파크팰리스 B101호,ra**님,5.0,2021년 8월 21일,맛있고 배달 빠르고 아주 좋아요
70,네네치킨-광화문점,4.5,서울특별시 종로구 내수동 95 경희궁 파크팰리스 95 경희궁 파크팰리스 B101호,kd**님,5.0,2021년 8월 18일,레드마요 최곱니다 👍 👍 👍
71,네네치킨-광화문점,4.5,서울특별시 종로구 내수동 95 경희궁 파크팰리스 95 경희궁 파크팰리스 B101호,bl**님,5.0,2021년 8월 14일,"늘 친절하신 사장님.
맛있게 잘 먹었습니다"
72,네네치킨-광화문점,4.5,서울특별시 종로구 내수동 95 경희궁 파크팰리스 95 경희궁 파크팰리스 B101호,dl**님,5.0,2021년 8월 7일,맛있게 잘 먹었습니다
73,네네치킨-광화문점,4.5,서울특별시 종로구 내수동 95 경희궁 파크팰리스 95 경희궁 파크팰리스 B101호,co**님,5.0,2021년 7월 24일,예전에 부먹으로 먹었었는데 먹기 불편해서 이번엔 찍먹으로 바꿔서 먹었는데 먹기 편리했고 단맛 매콤한맛을 골고루 먹을수있어서 정말 맛있었습니다!
74,네네치킨-광화문점,4.5,서울특별시 종로구 내수동 95 경희궁 파크팰리스 95 경희궁 파크팰리스 B101호,ks**님,3.3333333333333335,2021년 7월 17일,너무 맛있게 잘 먹었습니당
75,네네치킨-광화문점,4.5,서울특별시 종로구 내수동 95 경희궁 파크팰리스 95 경희궁 파크팰리스 B101호,ks**님,5.0,2021년 7월 17일,맛있어요......
76,네네치킨-광화문점,4.5,서울특별시 종로구 내수동 95 경희궁 파크팰리스 95 경희궁 파크팰리스 B101호,tj**님,3.3333333333333335,2021년 7월 13일,맛잇게잘먹엇습니다~♥~♥
77,네네치킨-광화문점,4.5,서울특별시 종로구 내수동 95 경희궁 파크팰리스 95 경희궁 파크팰리스 B101호,gk**님,5.0,2021년 6월 20일,"소스가 맛있게 매콤한게, 참 잘 만들었구나 싶었고, 잘 먹었습니다.
다만 하도 안심스티커 통해 받다가 안 붙은 제품 받으니 괜히 조금 찝찝하네요"
78,네네치킨-광화문점,4.5,서울특별시 종로구 내수동 95 경희궁 파크팰리스 95 경희궁 파크팰리스 B101호,dk**님,5.0,2021년 6월 18일,맛있어요 ㅎㅎㅎㅎㅎㅎ
79,네네치킨-광화문점,4.5,서울특별시 종로구 내수동 95 경희궁 파크팰리스 95 경희궁 파크팰리스 B101호,co**님,5.0,2021년 6월 6일,양념반 크림반으로 먹으니까 덜 느끼하고 더 맛있습니다.
80,네네치킨-광화문점,4.5,서울특별시 종로구 내수동 95 경희궁 파크팰리스 95 경희궁 파크팰리스 B101호,ks**님,5.0,2021년 5월 17일,ㅎㅎㅎㅎㅎㅎㅎㅎㅎㅎㅎㅎㅎㅎㅎ
81,네네치킨-광화문점,4.5,서울특별시 종로구 내수동 95 경희궁 파크팰리스 95 경희궁 파크팰리스 B101호,nk**님,4.0,2021년 4월 18일,탄맛이 나네요.... 네네연유볼이 꺼매서 ..
82,네네치킨-광화문점,4.5,서울특별시 종로구 내수동 95 경희궁 파크팰리스 95 경희궁 파크팰리스 B101호,wa**님,5.0,2021년 4월 9일,"맛있어요 양파도 많아서 좋아요
담엔 순살로 시키려규요"
83,네네치킨-광화문점,4.5,서울특별시 종로구 내수동 95 경희궁 파크팰리스 95 경희궁 파크팰리스 B101호,pi**님,5.0,2021년 3월 22일,예상 시간보다 빨리오고 정말 맛있게 먹었습니다.
84,네네치킨-광화문점,4.5,서울특별시 종로구 내수동 95 경희궁 파크팰리스 95 경희궁 파크팰리스 B101호,hk**님,4.666666666666667,2021년 3월 19일,처음시켰는데 좋아요! 잘먹을게요
85,네네치킨-광화문점,4.5,서울특별시 종로구 내수동 95 경희궁 파크팰리스 95 경희궁 파크팰리스 B101호,pi**님,5.0,2021년 2월 20일,빨리왔어요.네네는 늘 맛있네요
86,네네치킨-광화문점,4.5,서울특별시 종로구 내수동 95 경희궁 파크팰리스 95 경희궁 파크팰리스 B101호,ai**님,2.6666666666666665,2021년 2월 20일,맛있었어요 주문 접수랑 대기에 조금 문제가 있었지만 배달기사분도 친절하시고 잘 해결했습니당 순살치킨이 다 퍽퍽하지 않고 적절하네요!
87,네네치킨-광화문점,4.5,서울특별시 종로구 내수동 95 경희궁 파크팰리스 95 경희궁 파크팰리스 B101호,co**님,5.0,2021년 2월 14일,정말 먹고싶은 치킨 중 하나였는데 크림이 부드러웠고 양파도 신선해서 정말 부드러웠고 맛있었어요!
88,네네치킨-광화문점,4.5,서울특별시 종로구 내수동 95 경희궁 파크팰리스 95 경희궁 파크팰리스 B101호,jg**님,5.0,2021년 1월 30일,맛있게 잘 먹었습니다.
89,네네치킨-광화문점,4.5,서울특별시 종로구 내수동 95 경희궁 파크팰리스 95 경희궁 파크팰리스 B101호,ho**님,1.0,2021년 1월 29일,"집에서 청양마요랑 연유볼 맛있게 먹고 직원들이랑 맛있는거 함께먹어보려고 시켰는데, 청양마요 치킨은 치킨자체는 잘 튀기셨는데 청양고추 한개 크게 듬성듬성 썰은거랑 양파 한주먹도 안되게 왔어요 아니 ㅋㅋ청양마요치킨이에요 사장님 후라이드에 청양 덤으로 조금 주는게아니구요 치킨은 둘째치고 ㅋㅋ
연유치즈볼이 원래 저렇다고요??네 사장님?
ㅋㅋㅋ먹다남음 치킨 다시 튀긴것마냥 원래 저렇다고요? 직접튀겨서 상태 어떤지 안다고? 이거 한번 씹어보기는 하시고 보내셨어요?딱딱하고 안에 씨꺼맣게 다 탓는데 원래 그렇데요 ㅋㅋ조리법좀 다시 배우세요ㅡㅡ"
90,네네치킨-광화문점,4.5,서울특별시 종로구 내수동 95 경희궁 파크팰리스 95 경희궁 파크팰리스 B101호,ks**님,5.0,2021년 1월 25일,ㅎㅎㅎㅎㅎㅎㅎㅎㅎㅎㅎㅎ
91,네네치킨-광화문점,4.5,서울특별시 종로구 내수동 95 경희궁 파크팰리스 95 경희궁 파크팰리스 B101호,hw**님,4.666666666666667,2021년 1월 24일,테이스티 굿굿굿 굿굿굿
92,네네치킨-광화문점,4.5,서울특별시 종로구 내수동 95 경희궁 파크팰리스 95 경희궁 파크팰리스 B101호,bl**님,5.0,2021년 1월 24일,정확한 배달에다가 파 완전 듬뿍이라 만족만족!!
93,네네치킨-광화문점,4.5,서울특별시 종로구 내수동 95 경희궁 파크팰리스 95 경희궁 파크팰리스 B101호,mu**님,5.0,2021년 1월 24일,굿
94,네네치킨-광화문점,4.5,서울특별시 종로구 내수동 95 경희궁 파크팰리스 95 경희궁 파크팰리스 B101호,kd**님,5.0,2021년 1월 23일,배달시간 딱 맞춰서 오셨음. 치킨 뜨뜻함. 존맛
95,네네치킨-광화문점,4.5,서울특별시 종로구 내수동 95 경희궁 파크팰리스 95 경희궁 파크팰리스 B101호,wa**님,4.333333333333333,2021년 1월 23일,"맛있게 잘 먹었습니다
배달 좀 늦긴 했지만 주말이니 뭐"
96,네네치킨-광화문점,4.5,서울특별시 종로구 내수동 95 경희궁 파크팰리스 95 경희궁 파크팰리스 B101호,gy**님,3.0,2021년 1월 13일,"배달기사분이 사고나서 다른분으로 다시 배달하느라 지연이 되었는데 이해는되지만 미리 연락을 해주셨으면 더 좋았을 것 같습니다.
순살을 시켰는데 뼈치킨이 왔지만 맛있게 잘 먹었습니다!
바쁘신데도 바로 차액 환불처리해주셔서 감사해요"
97,네네치킨-광화문점,4.5,서울특별시 종로구 내수동 95 경희궁 파크팰리스 95 경희궁 파크팰리스 B101호,sg**님,5.0,2021년 1월 9일,"배달은 예상시간맞춰서 잘왔구요
맛나게 잘먹엇어용^^"
98,네네치킨-광화문점,4.5,서울특별시 종로구 내수동 95 경희궁 파크팰리스 95 경희궁 파크팰리스 B101호,to**님,5.0,2021년 1월 1일,맛있게 잘 먹었습니다
99,네네치킨-광화문점,4.5,서울특별시 종로구 내수동 95 경희궁 파크팰리스 95 경희궁 파크팰리스 B101호,mi**님,5.0,2020년 12월 30일,반반반 세트 너무 조아요!!!
100,네네치킨-광화문점,4.5,서울특별시 종로구 내수동 95 경희궁 파크팰리스 95 경희궁 파크팰리스 B101호,jg**님,5.0,2020년 12월 24일,"아마 이제는 가장 많이 시켜먹었을 매콤치즈. 원래도 시즈닝 치킨 중에서는 네네가 가장 맛있다고 생각했는데 매콤치즈는 느끼하지도 않아서 정말 좋아요. 또 네네 감자튀김은 케이준 스타일에 양도 많고 웨지모양으로도 몇개 들어가있고 다른 곳들과는 다르게 눅눅해져서 오는 일도 한번 없었는데 가격도 삼천원 😧❣️무는 안먹어서 항상 배송메시지에 적곤 하는데 이번에 깜빡하고 넣어서 보냈다고 죄송하다고 따로 연락까지 주시더라고요.
올해도 좋은 기억만 남아서 길게 리뷰 써봤어요. 한 해 마무리 잘 하시고 늘 건강하시기를 바랍니다. 🐔"
101,네네치킨-광화문점,4.5,서울특별시 종로구 내수동 95 경희궁 파크팰리스 95 경희궁 파크팰리스 B101호,si**님,5.0,2020년 12월 9일,맛있어여 매콤치즈스노윙은 처음 먹었는데 맛있어요
102,네네치킨-광화문점,4.5,서울특별시 종로구 내수동 95 경희궁 파크팰리스 95 경희궁 파크팰리스 B101호,2a**님,5.0,2020년 12월 1일,광화문점이 최고다.. 얼마전에 다른 지점 시켰다가 딱딱해서 뭐지 싶었는데 여기는 후라이드의 정석!! 바삭한 겉껍질에 살은 촉촉하고 부드러움. 청양마요에 청양고추를 따로 주기 때문에 매운 정도를 조절할 수 있어서 좋고 입맛이 다르면 소스 따로 덜어서 찍어도 좋겠다!! 아삭한 양파까지 진짜 취향저격 네네❤️
103,네네치킨-광화문점,4.5,서울특별시 종로구 내수동 95 경희궁 파크팰리스 95 경희궁 파크팰리스 B101호,kk**님,4.0,2020년 11월 20일,튀김이 좀 딱딱했습니다.
104,네네치킨-광화문점,4.5,서울특별시 종로구 내수동 95 경희궁 파크팰리스 95 경희궁 파크팰리스 B101호,hy**님,5.0,2020년 11월 20일,네네 후라이드 바삭하고요 청양마요 소스랑 양파 맛있네요
105,네네치킨-광화문점,4.5,서울특별시 종로구 내수동 95 경희궁 파크팰리스 95 경희궁 파크팰리스 B101호,ag**님,5.0,2020년 11월 19일,"치킨의 정석!
배달도 아주 빠르네요"
106,네네치킨-광화문점,4.5,서울특별시 종로구 내수동 95 경희궁 파크팰리스 95 경희궁 파크팰리스 B101호,kd**님,4.0,2020년 11월 19일,"다른지점은 사진에 무를 주는데 여기는
다르네요.
소분해서 주는건 이해를 하겠는데
무가 너무 익어서 다 버렸어요.
무를 삭히셨어요ㅋㅋ"
107,네네치킨-광화문점,4.5,서울특별시 종로구 내수동 95 경희궁 파크팰리스 95 경희궁 파크팰리스 B101호,wa**님,4.0,2020년 11월 18일,"맛있네요
치킨무가 두개인게 특이하네요"
108,네네치킨-광화문점,4.5,서울특별시 종로구 내수동 95 경희궁 파크팰리스 95 경희궁 파크팰리스 B101호,2a**님,4.333333333333333,2020년 11월 10일,맛있었어요 네네치킨 후라이드도 맛나고 닭도 실하고 파채랑 소스도 짱~~~ BUT 메모 남겼는데 배달원이 문 두들기고 난리...
109,네네치킨-광화문점,4.5,서울특별시 종로구 내수동 95 경희궁 파크팰리스 95 경희궁 파크팰리스 B101호,   손님,5.0,2020년 11월 9일,사장님도 너무 친절하시고 맛있어요!!배달도 빨리오고 다음에 또 시켜먹을게요❤️
110,네네치킨-광화문점,4.5,서울특별시 종로구 내수동 95 경희궁 파크팰리스 95 경희궁 파크팰리스 B101호,jg**님,4.666666666666667,2020년 11월 2일,매콤치즈 말고 그냥 치즈는 오랜만에 먹네요. 여전히 맛있고 시즈닝도 많고 좋았습니다.
111,네네치킨-광화문점,4.5,서울특별시 종로구 내수동 95 경희궁 파크팰리스 95 경희궁 파크팰리스 B101호,ch**님,4.0,2020년 11월 1일,맜은있는대 아주맵습니다.. 드실분들은 우유미리사두세요
112,네네치킨-광화문점,4.5,서울특별시 종로구 내수동 95 경희궁 파크팰리스 95 경희궁 파크팰리스 B101호,   손님,5.0,2020년 10월 31일,맛있고 배달도 빨라요!
113,네네치킨-광화문점,4.5,서울특별시 종로구 내수동 95 경희궁 파크팰리스 95 경희궁 파크팰리스 B101호,hi**님,5.0,2020년 10월 30일,네네 역시 맛있습니다 네네
114,네네치킨-광화문점,4.5,서울특별시 종로구 내수동 95 경희궁 파크팰리스 95 경희궁 파크팰리스 B101호,gk**님,5.0,2020년 10월 29일,옴뇸욤욤뇸뇸뇸뇸옴뇸뇸
115,네네치킨-광화문점,4.5,서울특별시 종로구 내수동 95 경희궁 파크팰리스 95 경희궁 파크팰리스 B101호,   손님,5.0,2020년 10월 29일,배달도빠르고 맛있습니다.
116,네네치킨-광화문점,4.5,서울특별시 종로구 내수동 95 경희궁 파크팰리스 95 경희궁 파크팰리스 B101호,fo**님,5.0,2020년 10월 29일,항상 친절한 사장님 감사합니다~~
117,네네치킨-광화문점,4.5,서울특별시 종로구 내수동 95 경희궁 파크팰리스 95 경희궁 파크팰리스 B101호,sa**님,5.0,2020년 10월 28일,처음 먹어보는건데 맛있네욤
118,네네치킨-광화문점,4.5,서울특별시 종로구 내수동 95 경희궁 파크팰리스 95 경희궁 파크팰리스 B101호,sn**님,1.0,2020년 10월 28일,"주문 결재 후
한시간반이 지나서야 받았어요
배달예상시간이 지나도 치킨이 오지 않아 전화문의를 했고 확인후 연락주신다더니
29분이 흐른 지금도 연락을 안주시네요"
119,네네치킨-광화문점,4.5,서울특별시 종로구 내수동 95 경희궁 파크팰리스 95 경희궁 파크팰리스 B101호,   손님,5.0,2020년 10월 28일,아주 바삭하고 멋잇어요
120,네네치킨-광화문점,4.5,서울특별시 종로구 내수동 95 경희궁 파크팰리스 95 경희궁 파크팰리스 B101호,   손님,4.333333333333333,2020년 10월 9일,맛있게 잘먹었습니다
121,네네치킨-광화문점,4.5,서울특별시 종로구 내수동 95 경희궁 파크팰리스 95 경희궁 파크팰리스 B101호,ho**님,5.0,2020년 9월 27일,정말 맛잇어룡ㅎㅎㅎㅎㅎ
122,네네치킨-광화문점,4.5,서울특별시 종로구 내수동 95 경희궁 파크팰리스 95 경희궁 파크팰리스 B101호,og**님,5.0,2020년 9월 17일,"요청사항 반영해 주셔서 감사합니다 
따뜻하게 배달되어 바삭한 치킨 맛있게 먹었어요
치킨은 네네~~"
123,네네치킨-광화문점,4.5,서울특별시 종로구 내수동 95 경희궁 파크팰리스 95 경희궁 파크팰리스 B101호,ho**님,3.6666666666666665,2020년 9월 12일,살이 너무 퍽퍽했어요
124,네네치킨-광화문점,4.5,서울특별시 종로구 내수동 95 경희궁 파크팰리스 95 경희궁 파크팰리스 B101호,al**님,5.0,2020년 9월 11일,맛있었어욤ㅎㅎㅎㅎㅎㅎㅎ
125,네네치킨-광화문점,4.5,서울특별시 종로구 내수동 95 경희궁 파크팰리스 95 경희궁 파크팰리스 B101호,   손님,1.6666666666666667,2020년 9월 9일,"순살시켰는데 튀김옷만 잔뜩.. 여긴 양념도 안주나보네요ㅋ
먹다가 화나서 사진찍고 올립니다"
126,네네치킨-광화문점,4.5,서울특별시 종로구 내수동 95 경희궁 파크팰리스 95 경희궁 파크팰리스 B101호,br**님,5.0,2020년 9월 5일,맛도 깔끔한 포장도 좋아요 ㅎㅎ
127,네네치킨-광화문점,4.5,서울특별시 종로구 내수동 95 경희궁 파크팰리스 95 경희궁 파크팰리스 B101호,jg**님,5.0,2020년 8월 31일,이번에도 맛있었어요.
128,네네치킨-광화문점,4.5,서울특별시 종로구 내수동 95 경희궁 파크팰리스 95 경희궁 파크팰리스 B101호,te**님,5.0,2020년 7월 19일,빠르고 마늘양념이맛있음
129,네네치킨-광화문점,4.5,서울특별시 종로구 내수동 95 경희궁 파크팰리스 95 경희궁 파크팰리스 B101호,p9**님,5.0,2020년 7월 19일,잘 먹고있습니다~감사합니다
130,네네치킨-광화문점,4.5,서울특별시 종로구 내수동 95 경희궁 파크팰리스 95 경희궁 파크팰리스 B101호,   손님,1.3333333333333333,2020년 7월 19일,떡볶이를 떡에 소스만 부어서 전자렌지 돌렸나 플라스틱이.다녹고 떡에 고추장도 안묻어서 허옇게 가져오시네요 치킨도 이게 마늘치킨인지 마늘물치킨인지 모르겠고 아마 두번다시 여기서 시킬일은 없을거 같네요
131,네네치킨-광화문점,4.5,서울특별시 종로구 내수동 95 경희궁 파크팰리스 95 경희궁 파크팰리스 B101호,tj**님,5.0,2020년 7월 19일,맛잇게잘먹엇습니다!!♡♡!
132,네네치킨-광화문점,4.5,서울특별시 종로구 내수동 95 경희궁 파크팰리스 95 경희궁 파크팰리스 B101호,og**님,5.0,2020년 7월 19일,"날개라서 갠적으로 아주 쪼금만 덜 구워졌음해요 
그럼 완전 찐!!!!
쪼끔  탄 맛이 났어요 
그래도 맛이 있어서 잘 먹었습니다 
고맙습니다"
133,네네치킨-광화문점,4.5,서울특별시 종로구 내수동 95 경희궁 파크팰리스 95 경희궁 파크팰리스 B101호,   손님,5.0,2020년 6월 26일,"바삭바삭~ 배달 온 치킨인데도 매장에서 먹는 느낌
잘먹었습니다"
134,네네치킨-광화문점,4.5,서울특별시 종로구 내수동 95 경희궁 파크팰리스 95 경희궁 파크팰리스 B101호,   손님,5.0,2020년 5월 31일,배달기사님도 너무 친절하시고 양파도 너무 신선했어요!! 완전 맛있게 먹었습니다❣️🌈❣️🌈❣️
135,네네치킨-광화문점,4.5,서울특별시 종로구 내수동 95 경희궁 파크팰리스 95 경희궁 파크팰리스 B101호,dz**님,4.333333333333333,2020년 5월 28일,양이 충분해서 좋아요
136,네네치킨-광화문점,4.5,서울특별시 종로구 내수동 95 경희궁 파크팰리스 95 경희궁 파크팰리스 B101호,py**님,4.0,2020년 5월 17일,네네스위틱을 시켰는데 치즈볼이왔습니다ㅠㅠ
137,네네치킨-광화문점,4.5,서울특별시 종로구 내수동 95 경희궁 파크팰리스 95 경희궁 파크팰리스 B101호,pi**님,5.0,2020년 4월 22일,사장님 정말 친절하시고 배달 빠르고 맛있어요
138,네네치킨-광화문점,4.5,서울특별시 종로구 내수동 95 경희궁 파크팰리스 95 경희궁 파크팰리스 B101호,jg**님,4.666666666666667,2020년 4월 21일,이번에도 잘 먹었습니다. 배달도 예상 소요시간보다 빨리 왔어요.
139,네네치킨-광화문점,4.5,서울특별시 종로구 내수동 95 경희궁 파크팰리스 95 경희궁 파크팰리스 B101호,   손님,5.0,2020년 4월 21일,항상 먹는 네네치킨 역시 핫쇼킹 치즈스노잉 뼈 반반 꿀맛
140,네네치킨-광화문점,4.5,서울특별시 종로구 내수동 95 경희궁 파크팰리스 95 경희궁 파크팰리스 B101호,sb**님,5.0,2020년 4월 21일,맛있게 잘먹었어요 감사합니다 배달도 빨랐어요
141,네네치킨-광화문점,4.5,서울특별시 종로구 내수동 95 경희궁 파크팰리스 95 경희궁 파크팰리스 B101호,hb**님,5.0,2020년 4월 19일,맛있습니다. 맛있음
142,네네치킨-광화문점,4.5,서울특별시 종로구 내수동 95 경희궁 파크팰리스 95 경희궁 파크팰리스 B101호,   손님,4.0,2020년 4월 18일,치킨은네네치킹ㅎㅎㅎ
143,네네치킨-광화문점,4.5,서울특별시 종로구 내수동 95 경희궁 파크팰리스 95 경희궁 파크팰리스 B101호,jg**님,5.0,2020년 4월 16일,매콤치즈스노윙 나온 이후로 가장 자주 이용하게 된 거 같아요. 너무 짜지도 않고 너무 자극적이게 맵지도 않고 느끼하지도 않고 바삭해서 부담없이 시키게 되나봐요. 치킨 값이나 배달비도 적당한 편이고 감자튀김도 참 맛있는데 이것도 삼천원이라 부담없이 추가하게 됩니다. 예전에도 종종 주문하긴 했지만 새삼 출시 이후로 꾸준히도 시켜먹었구나 싶어서 조금 길게 리뷰 남겨요. 참 그리고 항상 무나 소스는 안주셔도 된다고 적는데 잘 체크해 보내주시는 것 같아 좋습니다. 불필요한 것 받아서 처리할 일 없어 좋아요.
144,네네치킨-광화문점,4.5,서울특별시 종로구 내수동 95 경희궁 파크팰리스 95 경희궁 파크팰리스 B101호,si**님,1.0,2020년 4월 15일,"내 생애
최악의 치킨
정말 너무하네요
타르색의
치킨  기름 좀 갈으세요"
145,네네치킨-광화문점,4.5,서울특별시 종로구 내수동 95 경희궁 파크팰리스 95 경희궁 파크팰리스 B101호,   손님,5.0,2020년 4월 15일,양도 많고 넘 맛있었어요 ㅎㅎ
146,네네치킨-광화문점,4.5,서울특별시 종로구 내수동 95 경희궁 파크팰리스 95 경희궁 파크팰리스 B101호,se**님,5.0,2020년 4월 15일,존맛존맛 맥주안주로 딱입니다
147,네네치킨-광화문점,4.5,서울특별시 종로구 내수동 95 경희궁 파크팰리스 95 경희궁 파크팰리스 B101호,mi**님,2.0,2020년 4월 14일,포장 마지막에 테이프 안붙이시나.. 배달원이 빼먹은것만 같은 느낌을 지울 수가 없네요. 어째서인가 식어있고 양도 적은것 같은 느낌.. 먹으면서 계속 신경쓰여서 맛도 잘 모르겠네요.
148,네네치킨-광화문점,4.5,서울특별시 종로구 내수동 95 경희궁 파크팰리스 95 경희궁 파크팰리스 B101호,ky**님,4.666666666666667,2020년 4월 11일,닭의 모든 부위가 조금 퍽퍽했어요
149,네네치킨-광화문점,4.5,서울특별시 종로구 내수동 95 경희궁 파크팰리스 95 경희궁 파크팰리스 B101호,jj**님,5.0,2020년 4월 10일,"진짜 너무 맛있어서 사진 찍는 것도 까먹고 먹었어요..
진짜 네네치킨 퀄은 지점마다 케바케인데
광화문점은,, 순삭가능 𝙅𝙊𝙉𝙉𝘼 맛있어요!!!!
또 먹고싶다 네네!!! 진짜 일주일에 한번씩 먹고싶어요"
150,네네치킨-광화문점,4.5,서울특별시 종로구 내수동 95 경희궁 파크팰리스 95 경희궁 파크팰리스 B101호,c9**님,5.0,2020년 4월 7일,배송도 빠르고 양도 많고 맛있습니다~
151,네네치킨-광화문점,4.5,서울특별시 종로구 내수동 95 경희궁 파크팰리스 95 경희궁 파크팰리스 B101호,tj**님,5.0,2020년 4월 7일,맛잇게잘먹엇습니다!♡♡
152,네네치킨-광화문점,4.5,서울특별시 종로구 내수동 95 경희궁 파크팰리스 95 경희궁 파크팰리스 B101호,jg**님,5.0,2020년 4월 6일,항상 맛있게 먹어요.
153,네네치킨-광화문점,4.5,서울특별시 종로구 내수동 95 경희궁 파크팰리스 95 경희궁 파크팰리스 B101호,z0**님,4.666666666666667,2020년 4월 2일,"오랜만에 먹은 네네 겁나 맛있네요.
떡볶이도 맛있어요. 약간 떡꼬치 식감
근데 양념치킨 양념이 너무 적어요ㅠㅠ 다음엔 쪼끔만 더 많이주세용"
154,네네치킨-광화문점,4.5,서울특별시 종로구 내수동 95 경희궁 파크팰리스 95 경희궁 파크팰리스 B101호,ja**님,3.3333333333333335,2020년 3월 28일,"소이크런치윙봉...

같은 메뉴로 2주전에 친구집에서 다른 지점을 통해
시켜먹었을때와는 너무 달라서 깜짝 놀랐습니다.

치킨은 다 말라있고 질기며
감자튀김은 너무 짜서 못먹습니다.
양념도 드문드문 발라져있고...
그리고 주문 후 바로 만든건지 의문이 들 정도입니다.

너무 속상해서 후기 남깁니다.
다른 분들도 참고하시고 메뉴 고르시기 바랍니다."
155,네네치킨-광화문점,4.5,서울특별시 종로구 내수동 95 경희궁 파크팰리스 95 경희궁 파크팰리스 B101호,wl**님,5.0,2020년 3월 12일,치킨도 맛있고 뜨끈뜨끈하게왔는데 무랑 샐러드빼고 양념소스로 바꿔달라했는데 아무것도 안왔어요..
156,네네치킨-광화문점,4.5,서울특별시 종로구 내수동 95 경희궁 파크팰리스 95 경희궁 파크팰리스 B101호,hh**님,5.0,2020년 1월 27일,ㄷㅈㄷㅅㄴㄷㄴㆍㅌㄴ
157,네네치킨-광화문점,4.5,서울특별시 종로구 내수동 95 경희궁 파크팰리스 95 경희궁 파크팰리스 B101호,ho**님,5.0,2020년 1월 18일,"맛이 좋네요
양도 적당해요"
158,네네치킨-광화문점,4.5,서울특별시 종로구 내수동 95 경희궁 파크팰리스 95 경희궁 파크팰리스 B101호,   손님,5.0,2020년 1월 11일,좋았어요 모든 면에서 친절
159,네네치킨-광화문점,4.5,서울특별시 종로구 내수동 95 경희궁 파크팰리스 95 경희궁 파크팰리스 B101호,ce**님,5.0,2020년 1월 3일,gggggggggggg
160,네네치킨-광화문점,4.5,서울특별시 종로구 내수동 95 경희궁 파크팰리스 95 경희궁 파크팰리스 B101호,wa**님,4.0,2020년 1월 2일,맛있어요 떡볶이도 괜찮네요
161,네네치킨-광화문점,4.5,서울특별시 종로구 내수동 95 경희궁 파크팰리스 95 경희궁 파크팰리스 B101호,   손님,4.333333333333333,2019년 12월 19일,배달이 빨라서 좋았어요 다만 치킨이 눅눅해서 좀 그렇네요ㅠㅠ
162,네네치킨-광화문점,4.5,서울특별시 종로구 내수동 95 경희궁 파크팰리스 95 경희궁 파크팰리스 B101호,tp**님,5.0,2019년 12월 18일,너무 맛있어요~~~!! 튀김도 바삭하고 야들야들하니 넘 만족합니당♡♡ 같이 드시는 분들도 다들 맛있다고 잘 시켰다고 하세요 ㅎㅎ
163,네네치킨-광화문점,4.5,서울특별시 종로구 내수동 95 경희궁 파크팰리스 95 경희궁 파크팰리스 B101호,jj**님,4.0,2019년 12월 17일,네네 스노우~~~ 맛있어요!
164,네네치킨-광화문점,4.5,서울특별시 종로구 내수동 95 경희궁 파크팰리스 95 경희궁 파크팰리스 B101호,wj**님,5.0,2019년 12월 13일,네네양념 잘 먹엇습니다
165,네네치킨-광화문점,4.5,서울특별시 종로구 내수동 95 경희궁 파크팰리스 95 경희궁 파크팰리스 B101호,tw**님,4.666666666666667,2019년 12월 10일,양념이 많이 짜지 않아 좋아요.
166,네네치킨-광화문점,4.5,서울특별시 종로구 내수동 95 경희궁 파크팰리스 95 경희궁 파크팰리스 B101호,   손님,4.666666666666667,2019년 12월 5일,라면 좋습니다ㅏㅏㅏ
167,네네치킨-광화문점,4.5,서울특별시 종로구 내수동 95 경희궁 파크팰리스 95 경희궁 파크팰리스 B101호,wo**님,4.666666666666667,2019년 11월 26일,맛있고 떡볶이는 떡꼬치맛 나네요 그래도 맛있습니다 간장소스 있으면 주문할텐데 간장소스가 있는지 확인 못한거 같아 후회한데 없으면 아쉬워하겠죠ㅠㅠ
168,네네치킨-광화문점,4.5,서울특별시 종로구 내수동 95 경희궁 파크팰리스 95 경희궁 파크팰리스 B101호,   손님,1.0,2019년 11월 24일,우와 배달이 인와;;
169,네네치킨-광화문점,4.5,서울특별시 종로구 내수동 95 경희궁 파크팰리스 95 경희궁 파크팰리스 B101호,na**님,5.0,2019년 11월 19일,배달 감사합니다 잘 먹었습니다~
170,네네치킨-광화문점,4.5,서울특별시 종로구 내수동 95 경희궁 파크팰리스 95 경희궁 파크팰리스 B101호,   손님,3.0,2019년 10월 18일,ㅠ 전에도 좀 부족했던 기억이 있어서 치즈 가루 충분히 좀 뿌려달라고 말씀 드렸는데도 치즈가루가 너무 부족했습니다.... 그리고 무엇보다도 치킨의 양이 이전과 비교할 수 없게 확연히 적었습니다 😡😡😡 무슨 사정이 있어 그런지는 모르겠지만 호일 뚜껑도 덮어진 상태로 와서 알 수가 없습니다 앞으로는 양 좀 신경써주시면 좋겠네요...😢
171,네네치킨-광화문점,4.5,서울특별시 종로구 내수동 95 경희궁 파크팰리스 95 경희궁 파크팰리스 B101호,cm**님,5.0,2019년 10월 9일,스크린골프 치면서 반반반 순살 4명이서 먹으니 딱 좋아요
172,네네치킨-광화문점,4.5,서울특별시 종로구 내수동 95 경희궁 파크팰리스 95 경희궁 파크팰리스 B101호,tj**님,5.0,2019년 10월 5일,욜라맛잇떵♡ 하하하하
173,네네치킨-광화문점,4.5,서울특별시 종로구 내수동 95 경희궁 파크팰리스 95 경희궁 파크팰리스 B101호,bl**님,5.0,2019년 9월 24일,배송도 친절하고 맛있습니다
174,네네치킨-광화문점,4.5,서울특별시 종로구 내수동 95 경희궁 파크팰리스 95 경희궁 파크팰리스 B101호,   손님,5.0,2019년 9월 14일,맛있어요 둘이서 알차게먹었어요
175,네네치킨-광화문점,4.5,서울특별시 종로구 내수동 95 경희궁 파크팰리스 95 경희궁 파크팰리스 B101호,   손님,5.0,2019년 9월 2일,생각보다 빨리 왔어요!
176,네네치킨-광화문점,4.5,서울특별시 종로구 내수동 95 경희궁 파크팰리스 95 경희궁 파크팰리스 B101호,he**님,3.3333333333333335,2019년 9월 1일,가격양이야 뭐 원래 네네 딱 그수준인데 닭 다 말라비틀어진걸 쓰는건지 오래된닭 특유의 질겨져서 잘 씹히지도 않는 부분이 덕지덕지 붙어있었네요.  식재료 관리좀 하셔야 할덧
177,네네치킨-광화문점,4.5,서울특별시 종로구 내수동 95 경희궁 파크팰리스 95 경희궁 파크팰리스 B101호,   손님,5.0,2019년 8월 12일,맛있게 잘먹었습니다.
178,네네치킨-광화문점,4.5,서울특별시 종로구 내수동 95 경희궁 파크팰리스 95 경희궁 파크팰리스 B101호,   손님,5.0,2019년 8월 9일,"치킨과 파의 양도 많고 맛있어요.
파닭소스 코찌르는 겨자소스 특히 맛있어요!"
179,네네치킨-광화문점,4.5,서울특별시 종로구 내수동 95 경희궁 파크팰리스 95 경희궁 파크팰리스 B101호,   손님,4.0,2019년 8월 1일,맛있게 먹었습니다. 치킨 자체가 너무 좋았어요.
180,네네치킨-광화문점,4.5,서울특별시 종로구 내수동 95 경희궁 파크팰리스 95 경희궁 파크팰리스 B101호,bj**님,4.333333333333333,2019년 7월 23일,복날에 잘 먹었습니다~
181,네네치킨-광화문점,4.5,서울특별시 종로구 내수동 95 경희궁 파크팰리스 95 경희궁 파크팰리스 B101호,   손님,5.0,2019년 7월 16일,"한조각 먹다가 급 생각나서 찍었어요
튀김옷도 두껍지 않고 맛있어요~
위에 뭐 뿌려져있는거 좋아하지 않는데
매콤치즈스노윙은 맛있어요^^
사장님도 친절하시고요~
또 시킬게요^^"
182,네네치킨-광화문점,4.5,서울특별시 종로구 내수동 95 경희궁 파크팰리스 95 경희궁 파크팰리스 B101호,   손님,5.0,2019년 7월 13일,"주문 30분만에 따끈하게 왔네용ㅎㅎ
스노윙은 네네! 콜라 서비스도 주셔서 시원하게 잘 먹었습니다!
양념두 맛있어서 담번엔 소스 더 넉넉히 해달라고 말씀드려야겠어요😉"
183,네네치킨-광화문점,4.5,서울특별시 종로구 내수동 95 경희궁 파크팰리스 95 경희궁 파크팰리스 B101호,   손님,5.0,2019년 7월 13일,점심시간에 맛있게 잘먹었습니다:)
184,네네치킨-광화문점,4.5,서울특별시 종로구 내수동 95 경희궁 파크팰리스 95 경희궁 파크팰리스 B101호,   손님,5.0,2019년 6월 21일,진짜 배달도 정확하게 오고 친절하시거 진짜 존맛꿀맛 처음으로 남김없이 치킨 다 먹엇써여!!
185,네네치킨-광화문점,4.5,서울특별시 종로구 내수동 95 경희궁 파크팰리스 95 경희궁 파크팰리스 B101호,tj**님,5.0,2019년 6월 19일,너무맛잇게잘먹엇습니다
186,네네치킨-광화문점,4.5,서울특별시 종로구 내수동 95 경희궁 파크팰리스 95 경희궁 파크팰리스 B101호,   손님,5.0,2019년 6월 15일,맛있어요. 배달도 빠르고요.
187,네네치킨-광화문점,4.5,서울특별시 종로구 내수동 95 경희궁 파크팰리스 95 경희궁 파크팰리스 B101호,   손님,5.0,2019년 6월 6일,맛있어요.
188,네네치킨-광화문점,4.5,서울특별시 종로구 내수동 95 경희궁 파크팰리스 95 경희궁 파크팰리스 B101호,mi**님,1.0,2019년 5월 25일,"1점도 아까워요 ㅋㅋ
전화 받으시는 분 말투 굉장히 불친절하세요 ^^"
189,네네치킨-광화문점,4.5,서울특별시 종로구 내수동 95 경희궁 파크팰리스 95 경희궁 파크팰리스 B101호,ps**님,4.666666666666667,2019년 5월 25일,배달도 빠르고 맛있어요
190,네네치킨-광화문점,4.5,서울특별시 종로구 내수동 95 경희궁 파크팰리스 95 경희궁 파크팰리스 B101호,   손님,5.0,2019년 5월 24일,"‘파양 이거 실화인가요!’
제가 늦은 시간 주문을해서 사장님께서 마감하셨다고 연락오셨지만 지금 바로 새로 튀켜 보내주시겠다며 하셨습니다.리뷰가 좋아서 처음 시켜보았는데 양이며 맛이며 뭐하나 빠지는게 없으시네요!
양 오지구요~! 맛 지리구요!!! 
사장님과 배달하신분 친절함은 기본이시네요.
감사히 잘 먹겠습니다.
건강하세요!!!"
191,네네치킨-광화문점,4.5,서울특별시 종로구 내수동 95 경희궁 파크팰리스 95 경희궁 파크팰리스 B101호,dh**님,5.0,2019년 5월 22일,맛있어요! 잘 먹었습니다 :)
192,네네치킨-광화문점,4.5,서울특별시 종로구 내수동 95 경희궁 파크팰리스 95 경희궁 파크팰리스 B101호,fa**님,5.0,2019년 5월 21일,맛있게 잘 먹었습니다 ㅋㅋ 다음에 또 시켜먹고 싶어요 ^^
193,네네치킨-광화문점,4.5,서울특별시 종로구 내수동 95 경희궁 파크팰리스 95 경희궁 파크팰리스 B101호,   손님,4.0,2019년 5월 21일,명불허전 네네치킨입니다~~양념이 가장 맛있네요
194,네네치킨-광화문점,4.5,서울특별시 종로구 내수동 95 경희궁 파크팰리스 95 경희궁 파크팰리스 B101호,   손님,5.0,2019년 5월 19일,맛있어요 배달도빠르고 감사합니당
195,네네치킨-광화문점,4.5,서울특별시 종로구 내수동 95 경희궁 파크팰리스 95 경희궁 파크팰리스 B101호,wo**님,5.0,2019년 5월 17일,역시 여기는 레알 맛남
196,네네치킨-광화문점,4.5,서울특별시 종로구 내수동 95 경희궁 파크팰리스 95 경희궁 파크팰리스 B101호,da**님,5.0,2019년 5월 17일,"후기가 늦어 죄송해요. 넘 맛있었어요.
여행 가서 시켜서 편하게 잘 먹었답니다.^^"
197,네네치킨-광화문점,4.5,서울특별시 종로구 내수동 95 경희궁 파크팰리스 95 경희궁 파크팰리스 B101호,at**님,5.0,2019년 5월 15일,개인적으론 그냥 스노윙이 나았어요 다먹을때쯤 꽤 매워요
198,네네치킨-광화문점,4.5,서울특별시 종로구 내수동 95 경희궁 파크팰리스 95 경희궁 파크팰리스 B101호,hj**님,5.0,2019년 5월 15일,잘 먹었습니다~ 감사합니다
199,네네치킨-광화문점,4.5,서울특별시 종로구 내수동 95 경희궁 파크팰리스 95 경희궁 파크팰리스 B101호,zz**님,5.0,2019년 5월 14일,"배달 엄청 빨랐구요, 치킨이랑 감자튀김도 양이 많고 겉바속촉 맛있었어요^^ 담에 또 시켜먹을게요!"
200,네네치킨-광화문점,4.5,서울특별시 종로구 내수동 95 경희궁 파크팰리스 95 경희궁 파크팰리스 B101호,   손님,5.0,2019년 5월 13일,"신메뉴 먹어보았습니당! 
매콤해서 기존 스노윙보다 느끼하지않았어요ㅎㅎ 매운걸 잘못먹어서 무흡입했네용:) 콜라도 큰거주셔서 잘먹었어요(갬덩)
배달도 꽤 빨리 도착했구 따끈따끈하게 받았습니다!
특히 양념 너무 맛있었어요 감사합니다😉"
201,네네치킨-광화문점,4.5,서울특별시 종로구 내수동 95 경희궁 파크팰리스 95 경희궁 파크팰리스 B101호,kh**님,5.0,2019년 5월 12일,"아이들이  좋아하는 오리엔탈 파닭
맛나요"
202,네네치킨-광화문점,4.5,서울특별시 종로구 내수동 95 경희궁 파크팰리스 95 경희궁 파크팰리스 B101호,by**님,3.3333333333333335,2019년 5월 11일,그냥그래요~~그냥 생각하시는 그맛이요^^
203,네네치킨-광화문점,4.5,서울특별시 종로구 내수동 95 경희궁 파크팰리스 95 경희궁 파크팰리스 B101호,   손님,3.0,2019년 5월 11일,기름은 오래되었는지 색이 너무 찌든노란색에 치킨 반마리도 못먹는데 반마리는 더 먹어었어요 목부분도 두개나 있고 어느 부위를 안준건 아닐까 그런생각이 드는거 있죠ㅠㅠ
204,네네치킨-광화문점,4.5,서울특별시 종로구 내수동 95 경희궁 파크팰리스 95 경희궁 파크팰리스 B101호,   손님,5.0,2019년 5월 9일,배달 정말 빠르네요 ㅋㅋ 감사합니다 굿
205,네네치킨-광화문점,4.5,서울특별시 종로구 내수동 95 경희궁 파크팰리스 95 경희궁 파크팰리스 B101호,he**님,4.0,2019년 5월 7일,네비 문제로 집앞에서 받지 못하고 꾀 걸어나와서 픽업. 기존 배달 받을때는 문제가 없었음. 이거 빼고는 좋아요.
206,네네치킨-광화문점,4.5,서울특별시 종로구 내수동 95 경희궁 파크팰리스 95 경희궁 파크팰리스 B101호,dh**님,4.0,2019년 5월 6일,"으아닛 순살 후라이드 좀 뻑뻑쓰했습니다
근데 매콤스노웡 머시기는 마싯었구요 
굳"
207,네네치킨-광화문점,4.5,서울특별시 종로구 내수동 95 경희궁 파크팰리스 95 경희궁 파크팰리스 B101호,   손님,5.0,2019년 5월 6일,너무 맛있습니다. 배달도 완벽합니다. 양도 많아 이따 저녁에 먹을 것도 남겼습니다.
208,네네치킨-광화문점,4.5,서울특별시 종로구 내수동 95 경희궁 파크팰리스 95 경희궁 파크팰리스 B101호,   손님,5.0,2019년 5월 5일,이벤트로 할인까지 받아 신메뉴를 선택했는데 매콤하면서 달달한 맛이네요~ 제입맛에는 맛남ㅋ
209,네네치킨-광화문점,4.5,서울특별시 종로구 내수동 95 경희궁 파크팰리스 95 경희궁 파크팰리스 B101호,ha**님,5.0,2019년 5월 3일,너무너무너무 맛있어요. 뿌링클은 입에 안맞았는데 매콤치즈스노웡 넘 맛있네요
210,네네치킨-광화문점,4.5,서울특별시 종로구 내수동 95 경희궁 파크팰리스 95 경희궁 파크팰리스 B101호,   손님,5.0,2019년 4월 9일,맛있어여~~배송도 소요시간 시간내에 잘 맞춰서 오셨네여~~
211,네네치킨-광화문점,4.5,서울특별시 종로구 내수동 95 경희궁 파크팰리스 95 경희궁 파크팰리스 B101호,   손님,5.0,2019년 4월 7일,넘 맛있었어요. 추천합니다
212,네네치킨-광화문점,4.5,서울특별시 종로구 내수동 95 경희궁 파크팰리스 95 경희궁 파크팰리스 B101호,a7**님,5.0,2019년 4월 1일,잘 먹었습니다 감사합니다
213,네네치킨-광화문점,4.5,서울특별시 종로구 내수동 95 경희궁 파크팰리스 95 경희궁 파크팰리스 B101호,06**님,4.666666666666667,2019년 3월 24일,닭에서 약간 냄새가잇엇는데 맛잇게먹엇어연♡
214,네네치킨-광화문점,4.5,서울특별시 종로구 내수동 95 경희궁 파크팰리스 95 경희궁 파크팰리스 B101호,   손님,5.0,2019년 3월 22일,배송빠르네요!!!!
215,네네치킨-광화문점,4.5,서울특별시 종로구 내수동 95 경희궁 파크팰리스 95 경희궁 파크팰리스 B101호,   손님,5.0,2019년 3월 18일,너무 친절하시구 맛도 좋았어요
216,네네치킨-광화문점,4.5,서울특별시 종로구 내수동 95 경희궁 파크팰리스 95 경희궁 파크팰리스 B101호,   손님,5.0,2019년 3월 16일,"배달 빨리 와서 좋았구요, 역시 핫후라이드, 스노윙은 배신하지 않습니다."
217,네네치킨-광화문점,4.5,서울특별시 종로구 내수동 95 경희궁 파크팰리스 95 경희궁 파크팰리스 B101호,ok**님,2.3333333333333335,2019년 3월 15일,양념치킨의 양념이 연한것 같아요
218,네네치킨-광화문점,4.5,서울특별시 종로구 내수동 95 경희궁 파크팰리스 95 경희궁 파크팰리스 B101호,po**님,5.0,2019년 3월 14일,맛있다고하시네요 다들
219,네네치킨-광화문점,4.5,서울특별시 종로구 내수동 95 경희궁 파크팰리스 95 경희궁 파크팰리스 B101호,sn**님,4.666666666666667,2019년 3월 9일,예상시간보다 배달 속도 빨라서 좋았습니다
220,네네치킨-광화문점,4.5,서울특별시 종로구 내수동 95 경희궁 파크팰리스 95 경희궁 파크팰리스 B101호,if**님,5.0,2019년 3월 6일,맛있게 잘 먹었습니다. 또 시킬게요!
221,네네치킨-광화문점,4.5,서울특별시 종로구 내수동 95 경희궁 파크팰리스 95 경희궁 파크팰리스 B101호,   손님,5.0,2019년 3월 6일,완전 만족해요 배달 속도도 좋아요
222,네네치킨-광화문점,4.5,서울특별시 종로구 내수동 95 경희궁 파크팰리스 95 경희궁 파크팰리스 B101호,m2**님,5.0,2019년 3월 2일,양도많고 맛잇어요 감사합니다
223,네네치킨-광화문점,4.5,서울특별시 종로구 내수동 95 경희궁 파크팰리스 95 경희궁 파크팰리스 B101호,dl**님,4.0,2019년 3월 2일,야외에서 시킨 것도 아닌데 전화로 위치 물으신건 의아했네요
224,네네치킨-광화문점,4.5,서울특별시 종로구 내수동 95 경희궁 파크팰리스 95 경희궁 파크팰리스 B101호,sn**님,4.333333333333333,2019년 3월 2일,"배달속도가 느린것만빼고
맛도 양도 무척만족합니다
또 시켜먹을 의향있습니자"
225,네네치킨-광화문점,4.5,서울특별시 종로구 내수동 95 경희궁 파크팰리스 95 경희궁 파크팰리스 B101호,   손님,5.0,2019년 3월 2일,후기가 늦었네오 제가 길을 잘못 알려드려서  늦은줄도 모르고 짜증냈었는데 끝까지 친철하게 대해줘서 너무 죄송하고 감사 했습니다.
226,네네치킨-광화문점,4.5,서울특별시 종로구 내수동 95 경희궁 파크팰리스 95 경희궁 파크팰리스 B101호,ok**님,4.0,2019년 2월 19일,맛있게 먹었습니다.맛있어요~~~
227,네네치킨-광화문점,4.5,서울특별시 종로구 내수동 95 경희궁 파크팰리스 95 경희궁 파크팰리스 B101호,   손님,3.6666666666666665,2019년 2월 18일,바삭바삭하고 양념도 적당!
228,네네치킨-광화문점,4.5,서울특별시 종로구 내수동 95 경희궁 파크팰리스 95 경희궁 파크팰리스 B101호,he**님,5.0,2019년 2월 8일,맛있게 잘 먹었고 사장님도 엄청 친절하셔요!
229,네네치킨-광화문점,4.5,서울특별시 종로구 내수동 95 경희궁 파크팰리스 95 경희궁 파크팰리스 B101호,   손님,5.0,2019년 2월 5일,"설날인대  배달되는게 신기했는대 ㅋㅋㅋ
아니다 다를까 사장님이 청소하러 나오셨다 
직접 배달해주심^^
사장님의 친절함에 새해부터 기분좋네요^^
맛도 역시 당연히 맛있어요^^"
230,네네치킨-광화문점,4.5,서울특별시 종로구 내수동 95 경희궁 파크팰리스 95 경희궁 파크팰리스 B101호,li**님,4.0,2019년 2월 4일,친절하게 잘 배달해주셔서 감사합니다. 맛도 좋았어요^^
231,네네치킨-광화문점,4.5,서울특별시 종로구 내수동 95 경희궁 파크팰리스 95 경희궁 파크팰리스 B101호,wh**님,5.0,2019년 2월 4일,양도 많았고 배달스피드도 괜찮았네유
232,네네치킨-광화문점,4.5,서울특별시 종로구 내수동 95 경희궁 파크팰리스 95 경희궁 파크팰리스 B101호,   손님,5.0,2019년 2월 2일,간장이랑 크리미어니언 조합으로 시켰는데 양도 많도 맛났어요~~~
233,네네치킨-광화문점,4.5,서울특별시 종로구 내수동 95 경희궁 파크팰리스 95 경희궁 파크팰리스 B101호,   손님,4.0,2019년 2월 1일,맛있었지만 차갑고 너무 딱딱해서 조금 실망이었습니다.
234,네네치킨-광화문점,4.5,서울특별시 종로구 내수동 95 경희궁 파크팰리스 95 경희궁 파크팰리스 B101호,   손님,4.666666666666667,2019년 1월 29일,"진짜 양이 엄청나요
헌데 감자튀김이 좀 많이 짠듯"
235,네네치킨-광화문점,4.5,서울특별시 종로구 내수동 95 경희궁 파크팰리스 95 경희궁 파크팰리스 B101호,   손님,5.0,2019년 1월 27일,배달원이 해매서 좀 늦었지만 치킨은 아주 맛있어요 자주 시킬께요
236,네네치킨-광화문점,4.5,서울특별시 종로구 내수동 95 경희궁 파크팰리스 95 경희궁 파크팰리스 B101호,il**님,5.0,2019년 1월 24일,"언제나 취향저격인 크리미언 입니다
😋😋😋"
237,네네치킨-광화문점,4.5,서울특별시 종로구 내수동 95 경희궁 파크팰리스 95 경희궁 파크팰리스 B101호,   손님,5.0,2019년 1월 22일,너무 맛있어요~ 항상 감사합니다!!!
238,네네치킨-광화문점,4.5,서울특별시 종로구 내수동 95 경희궁 파크팰리스 95 경희궁 파크팰리스 B101호,   손님,4.666666666666667,2019년 1월 20일,"역시 네네 맛있어용!
배달도 어플 시간에 맞게 딱 와주셨네여ㅋㅋㅋㅋ"
239,네네치킨-광화문점,4.5,서울특별시 종로구 내수동 95 경희궁 파크팰리스 95 경희궁 파크팰리스 B101호,sy**님,5.0,2019년 1월 15일,맛있습니다~~
240,네네치킨-광화문점,4.5,서울특별시 종로구 내수동 95 경희궁 파크팰리스 95 경희궁 파크팰리스 B101호,uh**님,5.0,2019년 1월 12일,"배달도 친절하게 잘해주시고 완전 깔끔해요!!
배달비도 없고 치킨도 잘 튀겨졌습니다👍👍"
241,네네치킨-광화문점,4.5,서울특별시 종로구 내수동 95 경희궁 파크팰리스 95 경희궁 파크팰리스 B101호,   손님,5.0,2019년 1월 12일,맛나요!추천합니다 ㅎ
242,네네치킨-광화문점,4.5,서울특별시 종로구 내수동 95 경희궁 파크팰리스 95 경희궁 파크팰리스 B101호,hj**님,3.6666666666666665,2019년 1월 12일,콜라가 작아서 쫌 아쉬워요
243,네네치킨-광화문점,4.5,서울특별시 종로구 내수동 95 경희궁 파크팰리스 95 경희궁 파크팰리스 B101호,db**님,4.0,2018년 12월 24일,배달도빠르고 맛있어요!!!
244,네네치킨-광화문점,4.5,서울특별시 종로구 내수동 95 경희궁 파크팰리스 95 경희궁 파크팰리스 B101호,kj**님,5.0,2018년 12월 22일,"배부르게 잘 먹었어요
배달 하신분도 너무 친절하셔요"
245,네네치킨-광화문점,4.5,서울특별시 종로구 내수동 95 경희궁 파크팰리스 95 경희궁 파크팰리스 B101호,   손님,5.0,2018년 12월 21일,"너무 맛있어서 또 시켜먹어요
깨끗하고 매번 먹던 그맛!!!
오늘은 특별히 멋진 신사분이 배달해주셨어요♥
너무 감사합니다!!!"
246,네네치킨-광화문점,4.5,서울특별시 종로구 내수동 95 경희궁 파크팰리스 95 경희궁 파크팰리스 B101호,   손님,5.0,2018년 12월 7일,"편리하고
배송빨라요"
247,네네치킨-광화문점,4.5,서울특별시 종로구 내수동 95 경희궁 파크팰리스 95 경희궁 파크팰리스 B101호,so**님,5.0,2018년 12월 3일,야식하기딱좋은 맛
248,네네치킨-광화문점,4.5,서울특별시 종로구 내수동 95 경희궁 파크팰리스 95 경희궁 파크팰리스 B101호,   손님,5.0,2018년 12월 2일,늘 맛있게 잘 먹고 있네요^^
249,네네치킨-광화문점,4.5,서울특별시 종로구 내수동 95 경희궁 파크팰리스 95 경희궁 파크팰리스 B101호,sk**님,3.6666666666666665,2018년 11월 27일,전체적으로 무난무난.. 하지만 양은 좀 적은 감이 있어요
250,네네치킨-광화문점,4.5,서울특별시 종로구 내수동 95 경희궁 파크팰리스 95 경희궁 파크팰리스 B101호,yo**님,5.0,2018년 11월 25일,"먼거리에도 친절하게 차가지고 직접 사장님이 배달해주셨어요^^
진짜 더 맛있게먹었어요!! 저희 자주 시켜먹을게요~!! 번창하세요~~~"
251,네네치킨-광화문점,4.5,서울특별시 종로구 내수동 95 경희궁 파크팰리스 95 경희궁 파크팰리스 B101호,   손님,1.6666666666666667,2018년 11월 24일,"배달은 1시간 넘게 걸렸고 쇼킹핫 순샇은 누가 먹다남은거 준것마냥 양도 너무 적고 양념도 없네요..
치킨은 다 식어서 오고 ;;
맛은 그냥저냥합니다"
252,네네치킨-광화문점,4.5,서울특별시 종로구 내수동 95 경희궁 파크팰리스 95 경희궁 파크팰리스 B101호,   손님,4.0,2018년 11월 18일,"언제나 여긴 맛있네요~^^ 양도 적당하고~ 맛도 괜찮아요~ 다만, 오늘은 고기가 식감이 다르던데.. 그리고 조금 식어서 온게 아쉽긴 하네요"
253,네네치킨-광화문점,4.5,서울특별시 종로구 내수동 95 경희궁 파크팰리스 95 경희궁 파크팰리스 B101호,ko**님,3.0,2018년 11월 16일,맛 괜찮아요~~~또 시킬게요
254,네네치킨-광화문점,4.5,서울특별시 종로구 내수동 95 경희궁 파크팰리스 95 경희궁 파크팰리스 B101호,mb**님,5.0,2018년 11월 8일,맛도 좋고 양도 저한텐 배부르고 남을만큼이고 배달도 생각 외로 빨라서 좋습니당! 쵝오점!
255,네네치킨-광화문점,4.5,서울특별시 종로구 내수동 95 경희궁 파크팰리스 95 경희궁 파크팰리스 B101호,   손님,5.0,2018년 11월 4일,배달도 시간 맞춰 오시고 맛있게 잘 먹었네요^^
256,네네치킨-광화문점,4.5,서울특별시 종로구 내수동 95 경희궁 파크팰리스 95 경희궁 파크팰리스 B101호,   손님,4.0,2018년 10월 15일,"안녕하세요, 오늘 5시경 배달 와주셔서 감사하게도 치킨 맛있게 먹었습니다. 여러모로 배달 시간도 느리지가 않아서 너무 좋았습니다. 다만 급하게 오셔서 그러하신 건지 크리미언 소스를 빼놓아주시고 와주셔서 그냥 양파랑 같이 맛있게 먹었습니다. 
치킨 맛은 너무 맛있었습니다. 다음번에도 기회가 있다면  언제든 다시 시켜 먹을 의향이 있습니다.
다음에는 크리미언 치킨 소스 꼭 넣어주신다면 너무 완벽할 것 같습니다. 배달 와주신 사장님에게도 친절히 대해주셔서 다시 한번 감사드립니다. 번창하세요!"
257,네네치킨-광화문점,4.5,서울특별시 종로구 내수동 95 경희궁 파크팰리스 95 경희궁 파크팰리스 B101호,   손님,5.0,2018년 10월 5일,와 오랜만에 엄청 맛있는 치킨 먹었네요 !! ㅎㅎ 양도 엄청 많았어요!! 비도 오는데 생각보다 배달도 빨랐어요
258,네네치킨-광화문점,4.5,서울특별시 종로구 내수동 95 경희궁 파크팰리스 95 경희궁 파크팰리스 B101호,   손님,1.6666666666666667,2018년 9월 10일,"평점 보고 주문했는데 눅눅한 치킨을 먹었습니다 배달치킨 먹어본 것 중 오늘이 제일 맛이 없었습니다
마치 당일 치킨 시킨 그 다음달 댑혀 먹는 기분이네요"
259,네네치킨-광화문점,4.5,서울특별시 종로구 내수동 95 경희궁 파크팰리스 95 경희궁 파크팰리스 B101호,   손님,5.0,2018년 9월 10일,잘 먹었습니다.정말 맛있어요~
260,네네치킨-광화문점,4.5,서울특별시 종로구 내수동 95 경희궁 파크팰리스 95 경희궁 파크팰리스 B101호,sk**님,3.3333333333333335,2018년 9월 3일,양이 좀 적은 거 빼곤 괜찮았네요
261,네네치킨-광화문점,4.5,서울특별시 종로구 내수동 95 경희궁 파크팰리스 95 경희궁 파크팰리스 B101호,je**님,5.0,2018년 8월 30일,언제나 맛나게 먹습니다!
262,네네치킨-광화문점,4.5,서울특별시 종로구 내수동 95 경희궁 파크팰리스 95 경희궁 파크팰리스 B101호,je**님,5.0,2018년 8월 26일,맛잇엇어요 ~~~~~~~~
263,네네치킨-광화문점,4.5,서울특별시 종로구 내수동 95 경희궁 파크팰리스 95 경희궁 파크팰리스 B101호,   손님,5.0,2018년 8월 12일,사장님 응대도 좋으시고 맛도 좋았습니다. 또 주문할게요.
264,네네치킨-광화문점,4.5,서울특별시 종로구 내수동 95 경희궁 파크팰리스 95 경희궁 파크팰리스 B101호,   손님,5.0,2018년 7월 27일,사진은 되게 맛없게 나왔는데 맛있어요 좋아요 ㅈ짱
