﻿0,맘스터치-서울시청점,4.6,서울 중구 무교동 21-3 정오빌딩 2층,zz**님,5.0,15시간 전,맛있어용ㅎㅎㅎㅎㅎㅎ
1,맘스터치-서울시청점,4.6,서울 중구 무교동 21-3 정오빌딩 2층,tk**님,3.6666666666666665,5일 전,"항상  6개월을 한결같이  재시간에  배달이 오지 않는 매장 입니다.
처음으로 재시간에 안와서 전화했더니  
이벤트 중이라 늦는다고 합니다..  
그럼 지금까지 이벤트를 6개월 동안 한건가? 
한번도 나쁜글 쓰지 않습니다.  
하지만 리뷰가 필요 하시분들 보세요

여기는 배달시간 기본 1시간 이상 잡아야 합니다.
치킨 또한 항상  치킨 열기에 축축히 젖은채로 봉지에 담겨 옵니다.

한결같이 6개월동안 변함없이 늦은 배잘 감사 드리구요.

저는 귀찮더라도  롯데리아나 먹겠습니다.
그동안 감사 했습니다"
2,맘스터치-서울시청점,4.6,서울 중구 무교동 21-3 정오빌딩 2층,ya**님,5.0,5일 전,맛있게 잘 먹었습니당
3,맘스터치-서울시청점,4.6,서울 중구 무교동 21-3 정오빌딩 2층,bo**님,3.0,일주일 전,배달은 좀 늦었지만 버거는 맛있어요
4,맘스터치-서울시청점,4.6,서울 중구 무교동 21-3 정오빌딩 2층,ps**님,5.0,일주일 전,맛있게  잘 먹었습니다
5,맘스터치-서울시청점,4.6,서울 중구 무교동 21-3 정오빌딩 2층,ki**님,5.0,2022년 4월 12일,잘먹었습니다 사장님!
6,맘스터치-서울시청점,4.6,서울 중구 무교동 21-3 정오빌딩 2층,or**님,5.0,2022년 4월 5일,"배달은 매우 빨랐고

싸이버거에 새우패티는  정말 좋은 조합

초코파이도 세워서 한입에 넣는 

내가...타협하고 분해해서 먹을  수 밖에 없는...

두께. 타사 파더샤크와 비교해도 더 나은듯"
7,맘스터치-서울시청점,4.6,서울 중구 무교동 21-3 정오빌딩 2층,ev**님,5.0,2022년 4월 4일,치순인데 치킨 언제나 맛나는듯ㅎ
8,맘스터치-서울시청점,4.6,서울 중구 무교동 21-3 정오빌딩 2층,bi**님,5.0,2022년 4월 2일,"배달 아주 빨랐구요
버거가 바로만들어서 보내주셔서 그런지 너무 맛있었어요"
9,맘스터치-서울시청점,4.6,서울 중구 무교동 21-3 정오빌딩 2층,hy**님,4.333333333333333,2022년 4월 1일,배달이 항상 느림 ㅠㅠ이거빼면 다 조윰
10,맘스터치-서울시청점,4.6,서울 중구 무교동 21-3 정오빌딩 2층,co**님,3.6666666666666665,2022년 4월 1일,배달 오는데 1시간 반 기다렸습니다. 예상시간이 무려 70분 정도였는데 그것보다 늦게 와요.
11,맘스터치-서울시청점,4.6,서울 중구 무교동 21-3 정오빌딩 2층,tw**님,5.0,2022년 3월 31일,신속히 배달해 주셔서 따뜻하게 잘 먹었어요
12,맘스터치-서울시청점,4.6,서울 중구 무교동 21-3 정오빌딩 2층,ba**님,5.0,2022년 3월 28일,빠르고 맛나요. 요 메뉴 추천해요
13,맘스터치-서울시청점,4.6,서울 중구 무교동 21-3 정오빌딩 2층,ha**님,3.6666666666666665,2022년 3월 23일,맘스터치는 항상 맛있지만 배달 78분 기다렸어요 ㅜㅜㅜ
14,맘스터치-서울시청점,4.6,서울 중구 무교동 21-3 정오빌딩 2층,sj**님,5.0,2022년 3월 20일,"비오는 날이라 배달은 느렸지만 맛있었습니다!
배달기사님 감사드리고 직원분들 맛있게 만들어주셔서
감사해요~~!"
15,맘스터치-서울시청점,4.6,서울 중구 무교동 21-3 정오빌딩 2층,sa**님,5.0,2022년 3월 18일,맛도 좋고 혼자먹기 양도 좋네요.
16,맘스터치-서울시청점,4.6,서울 중구 무교동 21-3 정오빌딩 2층,gp**님,5.0,2022년 3월 18일,야채에 진심인편
17,맘스터치-서울시청점,4.6,서울 중구 무교동 21-3 정오빌딩 2층,tk**님,4.333333333333333,2022년 3월 18일,점심에 배달시켰는데 하필 이벤트기간이랑 겹쳐가지고 배달이 많이 느렸어요 도착예정시간도 훌쩍 넘어서 점심시간 끝나니까 도착했어요.. 배달빼고는 다 좋았습니다
18,맘스터치-서울시청점,4.6,서울 중구 무교동 21-3 정오빌딩 2층,wo**님,5.0,2022년 3월 17일,맛있었어요
19,맘스터치-서울시청점,4.6,서울 중구 무교동 21-3 정오빌딩 2층,aa**님,5.0,2022년 3월 17일,오랜만에 서울 놀러가서 처음 시켜먹어봣는데 비오는 날씨에 빨리 배달와서 따뜻하게 먹었어요!!
20,맘스터치-서울시청점,4.6,서울 중구 무교동 21-3 정오빌딩 2층,bl**님,3.6666666666666665,2022년 3월 16일,"대낮에 배달이 1시간 넘게 걸리네요. 다른 곳을 많이 들렸다가 오셨는지 종이도 다 습기로 젖어있구요.
감자튀김은 튀긴 뒤 기름을 제대로 안 빼서 많이 느끼합니다.
그래도 버거와 통다리는 맛있어요.
조금만 더 신경쓰면 훨씬 만족스런 가게가 될듯 합니다!"
21,맘스터치-서울시청점,4.6,서울 중구 무교동 21-3 정오빌딩 2층,am**님,3.6666666666666665,2022년 3월 16일,배달기사님이 사주시걸 얻어먹는 줄 알았습니다 ^^
22,맘스터치-서울시청점,4.6,서울 중구 무교동 21-3 정오빌딩 2층,la**님,5.0,2022년 3월 16일,맛있게 먹었습니다.
23,맘스터치-서울시청점,4.6,서울 중구 무교동 21-3 정오빌딩 2층,ja**님,4.666666666666667,2022년 3월 13일,배달이 너무 느렸어요ㅠ 그거빼면 완전 맛있엌ㅅ름 최고입니당~
24,맘스터치-서울시청점,4.6,서울 중구 무교동 21-3 정오빌딩 2층,ye**님,5.0,2022년 3월 12일,잘먹었어요!!!!!
25,맘스터치-서울시청점,4.6,서울 중구 무교동 21-3 정오빌딩 2층,dl**님,5.0,2022년 3월 12일,감사합니다 잘 먹었습니다
26,맘스터치-서울시청점,4.6,서울 중구 무교동 21-3 정오빌딩 2층,wi**님,5.0,2022년 3월 11일,"스파이시하다길래 기대했지만 그냥 담백하고 크리스피한 순살치킨이었음 물론 맛은 있음
잘먹었습니다"
27,맘스터치-서울시청점,4.6,서울 중구 무교동 21-3 정오빌딩 2층,po**님,5.0,2022년 3월 10일,역시 맘스터치는 햄버거가 맛있습니다. 햄버거 더 살 걸 그랬습니다.
28,맘스터치-서울시청점,4.6,서울 중구 무교동 21-3 정오빌딩 2층,ma**님,5.0,2022년 3월 8일,🥰🥰🥰🥰🥰
29,맘스터치-서울시청점,4.6,서울 중구 무교동 21-3 정오빌딩 2층,wi**님,5.0,2022년 3월 8일,언제나 JMT (σ^∀^)σ
30,맘스터치-서울시청점,4.6,서울 중구 무교동 21-3 정오빌딩 2층,lo**님,5.0,2022년 3월 6일,👍👍👍👍👍👍👍👍👍👍
31,맘스터치-서울시청점,4.6,서울 중구 무교동 21-3 정오빌딩 2층,99**님,5.0,2022년 3월 5일,잘 먹었습니다~!!
32,맘스터치-서울시청점,4.6,서울 중구 무교동 21-3 정오빌딩 2층,js**님,5.0,2022년 3월 2일,맥주까지 곁들여 먹으니 맛있어서 순삭해버림
33,맘스터치-서울시청점,4.6,서울 중구 무교동 21-3 정오빌딩 2층,sp**님,5.0,2022년 3월 1일,5555555555
34,맘스터치-서울시청점,4.6,서울 중구 무교동 21-3 정오빌딩 2층,wi**님,5.0,2022년 2월 28일,다 좋은데 싸이플렉스는 치즈가 너~~어무 찐해서 느끼했으요..그거 빼곤 만족!
35,맘스터치-서울시청점,4.6,서울 중구 무교동 21-3 정오빌딩 2층,wk**님,5.0,2022년 2월 27일,맛있어요! 예상 시간보다도 빨리 받았습니다! 굿!
36,맘스터치-서울시청점,4.6,서울 중구 무교동 21-3 정오빌딩 2층,so**님,4.666666666666667,2022년 2월 22일,배달이 생각보다 엄청 빨리와서 놀랬어요~ 맛있어요 ㅎㅎ
37,맘스터치-서울시청점,4.6,서울 중구 무교동 21-3 정오빌딩 2층,tk**님,5.0,2022년 2월 21일,맘터에서 싸이버거만 먹어용 존맛탱ㅠㅠㅠㅠ 닭다리살이라 넘 부드럽고 맛있네요 배달이 좀 늦어서 아쉽지만 점심으로 잘먹었습니다~~
38,맘스터치-서울시청점,4.6,서울 중구 무교동 21-3 정오빌딩 2층,80**님,5.0,2022년 2월 20일,잘먹었습니당~~~~
39,맘스터치-서울시청점,4.6,서울 중구 무교동 21-3 정오빌딩 2층,li**님,3.0,2022년 2월 16일,배달이 너무 늣네요..
40,맘스터치-서울시청점,4.6,서울 중구 무교동 21-3 정오빌딩 2층,kj**님,5.0,2022년 2월 13일,맛있었어요! 배달도 빠르네요
41,맘스터치-서울시청점,4.6,서울 중구 무교동 21-3 정오빌딩 2층,ha**님,5.0,2022년 2월 13일,맛있게 잘 먹었습니다!!!
42,맘스터치-서울시청점,4.6,서울 중구 무교동 21-3 정오빌딩 2층,da**님,3.6666666666666665,2022년 2월 12일,요즘 맘터 좀 변한거 같아서 별로였는데 여긴 진짜 예전 맘터 느낌이랄까.. 와.. 이걸 어떻게 먹지.. 이런 느낌이랄까.. 만족스럽달까..
43,맘스터치-서울시청점,4.6,서울 중구 무교동 21-3 정오빌딩 2층,89**님,5.0,2022년 2월 12일,ㅋㅋㅋㅋㅋㅋㅋㅋㅋㅋㅋ
44,맘스터치-서울시청점,4.6,서울 중구 무교동 21-3 정오빌딩 2층,hd**님,5.0,2022년 2월 11일,배달도 빠르고 맛있어요~
45,맘스터치-서울시청점,4.6,서울 중구 무교동 21-3 정오빌딩 2층,ku**님,5.0,2022년 2월 9일,싸이버거는 진리지..♡
46,맘스터치-서울시청점,4.6,서울 중구 무교동 21-3 정오빌딩 2층,hy**님,5.0,2022년 2월 8일,"후다닥 먹느라 사진이 콜라뿐ㅋㅋㅋ
배달 짱빠르고 빵마싯"
47,맘스터치-서울시청점,4.6,서울 중구 무교동 21-3 정오빌딩 2층,wi**님,5.0,2022년 2월 7일,요구사항 그대로 들어주시고 굿굿
48,맘스터치-서울시청점,4.6,서울 중구 무교동 21-3 정오빌딩 2층,mi**님,2.3333333333333335,2022년 2월 7일,"분명 주문할때 문자알림도 체크하고, 요청사항란에까지 문앞에 두시고 문자 한통만 부탁드린다고 적어놨는데 그냥 두시고 가셨네요. 
배달 예상 시간이 다되도 아무 연락 없길래 혹시나 해서 나갔더니 문앞에 음식만 놓고 가셨더라구요. 물론 음식은 차갑게 다 식어있구요. 화가 많이나네요."
49,맘스터치-서울시청점,4.6,서울 중구 무교동 21-3 정오빌딩 2층,bu**님,4.333333333333333,2022년 2월 4일,늘 잘먹구있습니다ㅋㅋㅋ
50,맘스터치-서울시청점,4.6,서울 중구 무교동 21-3 정오빌딩 2층,tj**님,5.0,2022년 2월 4일,너무 맛있게 잘 먹었습니다
51,맘스터치-서울시청점,4.6,서울 중구 무교동 21-3 정오빌딩 2층,ho**님,3.3333333333333335,2022년 2월 3일,튀김에 밀가루가 너무 많아요 ㅠㅠ
52,맘스터치-서울시청점,4.6,서울 중구 무교동 21-3 정오빌딩 2층,35**님,5.0,2022년 2월 2일,싸이버거 정말 맛있다.
53,맘스터치-서울시청점,4.6,서울 중구 무교동 21-3 정오빌딩 2층,ju**님,5.0,2022년 2월 1일,맘터 맛있어요~~~~
54,맘스터치-서울시청점,4.6,서울 중구 무교동 21-3 정오빌딩 2층,eo**님,5.0,2022년 2월 1일,많이 시켰는데 따뜻하고 빠르게 와서 배부르게 잘 먹었습니다~
55,맘스터치-서울시청점,4.6,서울 중구 무교동 21-3 정오빌딩 2층,eh**님,5.0,2022년 1월 31일,맛있게 잘 먹었습니다
56,맘스터치-서울시청점,4.6,서울 중구 무교동 21-3 정오빌딩 2층,   손님,5.0,2022년 1월 31일,빠른배송 감사합니다. 맛나게 잘먹었어요
57,맘스터치-서울시청점,4.6,서울 중구 무교동 21-3 정오빌딩 2층,in**님,5.0,2022년 1월 30일,이벤트 기간이라 싸고 맛있게 먹었어요
58,맘스터치-서울시청점,4.6,서울 중구 무교동 21-3 정오빌딩 2층,pr**님,5.0,2022년 1월 29일,배달도 빠르고 시청점 잘해요
59,맘스터치-서울시청점,4.6,서울 중구 무교동 21-3 정오빌딩 2층,wb**님,5.0,2022년 1월 29일,"20분만에 옴 짱
완전 바삭 뜨거운상태 캬"
60,맘스터치-서울시청점,4.6,서울 중구 무교동 21-3 정오빌딩 2층,eh**님,5.0,2022년 1월 29일,맛있게 잘 먹었습니다
61,맘스터치-서울시청점,4.6,서울 중구 무교동 21-3 정오빌딩 2층,eh**님,5.0,2022년 1월 29일,양도많고맛잇어요추천추청
62,맘스터치-서울시청점,4.6,서울 중구 무교동 21-3 정오빌딩 2층,av**님,5.0,2022년 1월 28일,세트 할인해서 잘먹었어요
63,맘스터치-서울시청점,4.6,서울 중구 무교동 21-3 정오빌딩 2층,ma**님,5.0,2022년 1월 27일,맛있게 잘먹었습니다
64,맘스터치-서울시청점,4.6,서울 중구 무교동 21-3 정오빌딩 2층,pr**님,5.0,2022년 1월 27일,소스도 넉넉하고 양상추 야채도 많아서 좋았어요 페티도 적당히 조리되어 육즙도 좋고요 최근 버거킹 롯데리아만 먹다가 맘스터치 먹으니까 그동안 버거킹 롯데리아가 나에게 홀대했다는 생각에 화가 나더라구요 암튼 맘스터치 이미지 관리질하세요 계속 본점대리점문제 같은 이슈문제 거슬리니까요 본점말입니다 적당히 하세요 적당히 점주한테 잘하시고 본질을 까먹지 마시고 잘하란 말입니다
65,맘스터치-서울시청점,4.6,서울 중구 무교동 21-3 정오빌딩 2층,hy**님,3.6666666666666665,2022년 1월 27일,"맛있게 잘먹었습니다만 배달은
최악이였습니다. 
배달이야 가게 잘못이 아니지만
요새 요기요 배달은 전체적으로 최악이네요.
집앞에 놔달라고 주문에 적었는데도
계속 문드리고, 전화하고 난리도 아니네요"
66,맘스터치-서울시청점,4.6,서울 중구 무교동 21-3 정오빌딩 2층,co**님,5.0,2022년 1월 26일,맛있는 맘스터치~ 배달은 많이 늦네요
67,맘스터치-서울시청점,4.6,서울 중구 무교동 21-3 정오빌딩 2층,da**님,5.0,2022년 1월 25일,배달해주신분이 특히 친절하십니다!!!!!
68,맘스터치-서울시청점,4.6,서울 중구 무교동 21-3 정오빌딩 2층,ys**님,5.0,2022년 1월 25일,좋아요~~~~^^^
69,맘스터치-서울시청점,4.6,서울 중구 무교동 21-3 정오빌딩 2층,an**님,5.0,2022년 1월 24일,맛있어요 또 시킬게요
70,맘스터치-서울시청점,4.6,서울 중구 무교동 21-3 정오빌딩 2층,gi**님,2.3333333333333335,2022년 1월 24일,90분 걸림.....
71,맘스터치-서울시청점,4.6,서울 중구 무교동 21-3 정오빌딩 2층,pp**님,5.0,2022년 1월 21일,배달기사님 친절하셔서 좋았고요. 맛있게 잘 먹었어요.
72,맘스터치-서울시청점,4.6,서울 중구 무교동 21-3 정오빌딩 2층,do**님,4.333333333333333,2022년 1월 21일,"제로콜라 시켰는데 안왔어용 ㅠ
직원분들이랑 먹는데 제 콜라만 안와서 서운했습니당"
73,맘스터치-서울시청점,4.6,서울 중구 무교동 21-3 정오빌딩 2층,ca**님,5.0,2022년 1월 16일,맛잇습니다 쉑쉑보다더
74,맘스터치-서울시청점,4.6,서울 중구 무교동 21-3 정오빌딩 2층,ch**님,3.0,2022년 1월 16일,"리뷰를 잘 안쓰는데 사장님이 보셔야할것 같아서 남겨요
치즈스틱이 빠져서 환불처리는 잘해주셨고
친절히 사과해주시고 대처해주신점은 좋았습니다만...
아이들이 먹을거라 싸이버거1, 햄치즈휠렛버거 2를 시켰는데
셋다 싸이버거로 왔어요ㅡㅡ
겉에 스티커가 붙여져있어서 잘못봤나 했는데 햄치즈는 어디에도 없고 그냥 싸이버거가 맞네요ㅠㅠ
어린아이 두명은 싸이버거 맵다고 둘다 안먹으니
치킨너겟 감자만 먹고 치웠네요

배달이 늦게 오는점도 개선이 필요하지만
메뉴확인을 좀 신경써주세요
특정버거를 못먹는 상황일수 있으니까요
환불은 안합니다만 아쉽습니다"
75,맘스터치-서울시청점,4.6,서울 중구 무교동 21-3 정오빌딩 2층,sa**님,5.0,2022년 1월 15일,내슈빌 핫치킨 존맛탱 ㅠㅠ
76,맘스터치-서울시청점,4.6,서울 중구 무교동 21-3 정오빌딩 2층,wo**님,5.0,2022년 1월 14일,너무 맛있었는데 배달이 좀 오래걸렸러료!!
77,맘스터치-서울시청점,4.6,서울 중구 무교동 21-3 정오빌딩 2층,ji**님,4.333333333333333,2022년 1월 14일,배달도빠르고맛도좋아요
78,맘스터치-서울시청점,4.6,서울 중구 무교동 21-3 정오빌딩 2층,bb**님,4.666666666666667,2022년 1월 13일,너무 맛있엇어요 특히 감자튀김 핵존맛탱구리
79,맘스터치-서울시청점,4.6,서울 중구 무교동 21-3 정오빌딩 2층,by**님,4.0,2022년 1월 12일,배달 너무 오래 걸렸어요ㅠㅠ..... 여유 있게 시킨 건데 한시간도 더 넘게 걸렸고 그 탓에 치즈볼도 다 굳어서 오고 햄버거 속도 좀 부실했습니다ㅠ
80,맘스터치-서울시청점,4.6,서울 중구 무교동 21-3 정오빌딩 2층,tj**님,1.0,2022년 1월 12일,배달 느렸고 감자튀김 햄버거는 눅눅한 습기에 흐물흐물.... 평점 낮은 이유를 알겠어요.
81,맘스터치-서울시청점,4.6,서울 중구 무교동 21-3 정오빌딩 2층,ki**님,5.0,2022년 1월 6일,"맛나요
하지만 강정은 강정 전문점에서.."
82,맘스터치-서울시청점,4.6,서울 중구 무교동 21-3 정오빌딩 2층,po**님,5.0,2022년 1월 6일,인크레더블 맛나요.
83,맘스터치-서울시청점,4.6,서울 중구 무교동 21-3 정오빌딩 2층,wk**님,5.0,2022년 1월 4일,"맘스터치 주식 추가 매수 가즈아
맘스터치가 좋아 주식도 매수한 주린이에요
서울시청점 먹고 나서 맛에 취해버려 
내일 추가매수 해야겠어요
양상추 값 올랐다고 난리난게 엊그제 같은데 사이즈 실화인가요? 
닭고기도 실한게 치킨 한 마리 먹은 기분이네요
아 몰랑 내일도 버거 먹을래..
#식후감 #이달의 퀴즈 정답 #힘내세요"
84,맘스터치-서울시청점,4.6,서울 중구 무교동 21-3 정오빌딩 2층,dk**님,4.666666666666667,2022년 1월 4일,맛있게 잘 먹었습니다
85,맘스터치-서울시청점,4.6,서울 중구 무교동 21-3 정오빌딩 2층,   손님,3.6666666666666665,2021년 12월 31일,"한시간 반 넘어서 받아보긴 처음이네요. 왜 요기요가 안되는지 이번에 잘 알겠습니다. 음식은 다 식었지만, 이건 점포 잘못이 아니니…"
86,맘스터치-서울시청점,4.6,서울 중구 무교동 21-3 정오빌딩 2층,ye**님,5.0,2021년 12월 27일,최고 존맛이었습니다!!
87,맘스터치-서울시청점,4.6,서울 중구 무교동 21-3 정오빌딩 2층,mi**님,3.0,2021년 12월 17일,"배달 예정시간 30분, 주문한시간 1시간 30분이 지난 지금도 도착을 안하네요ㅜㅜ"
88,맘스터치-서울시청점,4.6,서울 중구 무교동 21-3 정오빌딩 2층,ye**님,5.0,2021년 12월 16일,맛있어요 ~~ 잘 먹었습니다 ㅎㅎ
89,맘스터치-서울시청점,4.6,서울 중구 무교동 21-3 정오빌딩 2층,go**님,4.333333333333333,2021년 12월 14일,"GOOD!
배달만 조금 더 빨랐으면.."
90,맘스터치-서울시청점,4.6,서울 중구 무교동 21-3 정오빌딩 2층,tj**님,5.0,2021년 12월 14일,맛잇게잘먹엇습니다~♥~♥
91,맘스터치-서울시청점,4.6,서울 중구 무교동 21-3 정오빌딩 2층,wi**님,5.0,2021년 12월 13일,감사히 잘 먹었습니다.
92,맘스터치-서울시청점,4.6,서울 중구 무교동 21-3 정오빌딩 2층,zo**님,5.0,2021년 12월 13일,"맛있었습니다.
너무 커서 턱뼈 부러지는줄 알았네요"
93,맘스터치-서울시청점,4.6,서울 중구 무교동 21-3 정오빌딩 2층,le**님,5.0,2021년 12월 13일,맛잇ㅅ었어요 우앙ㅇㅇㅇㅇ
94,맘스터치-서울시청점,4.6,서울 중구 무교동 21-3 정오빌딩 2층,ju**님,5.0,2021년 12월 12일,"양 엄청나요
맛도 훌륭하고요~"
95,맘스터치-서울시청점,4.6,서울 중구 무교동 21-3 정오빌딩 2층,ji**님,5.0,2021년 12월 12일,너무맛있오요오오오오오오옹
96,맘스터치-서울시청점,4.6,서울 중구 무교동 21-3 정오빌딩 2층,wj**님,5.0,2021년 12월 11일,정말 맛있게 잘먹었습니다
97,맘스터치-서울시청점,4.6,서울 중구 무교동 21-3 정오빌딩 2층,bu**님,2.6666666666666665,2021년 12월 11일,같이 넣은 콜라때문에 생긴 물이 온통 젖어서 눅눅한 버거랑 눅눅 감튀를 먹었습니다 별 생각없이 배달하는듯합니다
98,맘스터치-서울시청점,4.6,서울 중구 무교동 21-3 정오빌딩 2층,ji**님,4.666666666666667,2021년 12월 9일,배달이 너어어어무 느려서 아쉽지만 맛있으니 용서합니다ㅠㅠ
99,맘스터치-서울시청점,4.6,서울 중구 무교동 21-3 정오빌딩 2층,wj**님,5.0,2021년 11월 30일,생각보다 맛있게 잘먹었습니다
100,맘스터치-서울시청점,4.6,서울 중구 무교동 21-3 정오빌딩 2층,bc**님,5.0,2021년 11월 22일,"빨리 도착해서 좋았어요.
최대한 섞은 다음에 (몇 개 먹고) 찍었지만 아쉬웠던 점은 소스에 버무린뒤 넣어주셨음 좋았을거 같아요. 전혀 안 묻거나 반만 묻은 게 꽤 있어서 다른 곳에 덜어서 종이 밑 소스를 최대한 이용해서 먹었는데 좀 번거로웠습니다."
101,맘스터치-서울시청점,4.6,서울 중구 무교동 21-3 정오빌딩 2층,ca**님,5.0,2021년 11월 4일,먹을만함 먹을만함 먹을만함
102,맘스터치-서울시청점,4.6,서울 중구 무교동 21-3 정오빌딩 2층,hi**님,5.0,2021년 11월 2일,"한시간 걸린다고 나와있는데 실제론 10분정도 
걸렸네요 
인크레더블 버거 내용 튼실하니 좋았고
사이드로 매꼼 떡순이 생각이상으로 맛있었어요
버거는 맘스터치가 요즘 갑인듯~"
103,맘스터치-서울시청점,4.6,서울 중구 무교동 21-3 정오빌딩 2층,ho**님,5.0,2021년 10월 30일,맛잇어오~~~~~~~~
104,맘스터치-서울시청점,4.6,서울 중구 무교동 21-3 정오빌딩 2층,tl**님,3.6666666666666665,2021년 10월 27일,여기 배달 뭐죠?솔직히 버거맛은 다른곳보다 별로 였는데 배달이 너무 친절합니다.인터폰 고장으로 문이 안열렸음에도 불구하고 짜증 1도 안내심
105,맘스터치-서울시청점,4.6,서울 중구 무교동 21-3 정오빌딩 2층,wj**님,5.0,2021년 10월 23일,정말맛있게 잘먹었습니다
106,맘스터치-서울시청점,4.6,서울 중구 무교동 21-3 정오빌딩 2층,wj**님,5.0,2021년 10월 17일,배달이 1시간 걸린다고 했는데 그것보단 훨씬빨리와서 다행히 점심시간내에 먹을수있었습니다
107,맘스터치-서울시청점,4.6,서울 중구 무교동 21-3 정오빌딩 2층,ar**님,4.0,2021년 10월 13일,배송도 빠르고 맛있어요~~
108,맘스터치-서울시청점,4.6,서울 중구 무교동 21-3 정오빌딩 2층,li**님,5.0,2021년 10월 6일,"깜빡하고 잊고 있네요~^^

맛도 양도 최고입니다"
109,맘스터치-서울시청점,4.6,서울 중구 무교동 21-3 정오빌딩 2층,by**님,4.333333333333333,2021년 9월 30일,"치파오떡강정인가 맛은 있는데 진짜 너무 비싸용 어뜨케 저게 4000원돈이져.. 하나두 안 먹고 찍은 거임 ㅠㅠ정확히 치킨 쪼매난 거 5개 떡 5개 들어있었네요 하압,, 이게 맞나ㅠㅠㅠ 그리구 라이더분 왜 안 들어오시고 문앞에서 전화를 하시는지.. 요청사항에 그렇게 기재하지도 않았는데요ㅠㅠ 말하는데 그냥 막 끊으시고 좀 그랬슴다~.."
110,맘스터치-서울시청점,4.6,서울 중구 무교동 21-3 정오빌딩 2층,yu**님,5.0,2021년 9월 26일,"아들이 노래를 부르던 버거
싸니깐 그냥 그러겠지 했는데
너무 맛있게 먹었습니다
먹느라 사진은 못찍었습니다 죄송 ㅠㅠ"
111,맘스터치-서울시청점,4.6,서울 중구 무교동 21-3 정오빌딩 2층,co**님,5.0,2021년 9월 24일,맛있게 잘먹었습니다! 감자가 정말 맛있어요
112,맘스터치-서울시청점,4.6,서울 중구 무교동 21-3 정오빌딩 2층,fc**님,5.0,2021년 9월 22일,제동생이 너무좋아합니다 조카들과 맛잇게먹었어요!!
113,맘스터치-서울시청점,4.6,서울 중구 무교동 21-3 정오빌딩 2층,ha**님,4.0,2021년 9월 22일,"주문한 제품이 매진되어 추가로 더 지불하고 시킨 닭…맛은 좋습니다.
없는 제품은 주문을 못하도록 했으면 좋겠어요."
114,맘스터치-서울시청점,4.6,서울 중구 무교동 21-3 정오빌딩 2층,ch**님,5.0,2021년 9월 14일,배달금액 뻥튀기 없는 맘스터치가 유일한 선택이다
115,맘스터치-서울시청점,4.6,서울 중구 무교동 21-3 정오빌딩 2층,by**님,5.0,2021년 9월 9일,ㅠㅠ 냄새 너모좋아요 배달도 완전 달려와쥬셧어요
116,맘스터치-서울시청점,4.6,서울 중구 무교동 21-3 정오빌딩 2층,by**님,5.0,2021년 9월 1일,맛있었는데ㅠㅠ버거 두개 다 피클 빼달라 했는데 들어있었어용.. 으앙
117,맘스터치-서울시청점,4.6,서울 중구 무교동 21-3 정오빌딩 2층,gr**님,4.0,2021년 8월 30일,맘스터치 싸이버거는 뭐 클래식하게 즐길 수 있는 메뉴죠 ㅋㅋㅋㅋㅋㅋㅋㅋ 싸이버거 단품에 치킨까지 시켰는데 다 못먹었지만 맛있었어요 ㅋㅋㅋ마요네즈 너무 고소하고 상콤해서 정말 맘스터치 효자 메뉴는 싸이버거인듯 b 맛있게 잘 먹었습니다~
118,맘스터치-서울시청점,4.6,서울 중구 무교동 21-3 정오빌딩 2층,   손님,5.0,2021년 8월 24일,마십시요 감사합니다
119,맘스터치-서울시청점,4.6,서울 중구 무교동 21-3 정오빌딩 2층,rl**님,4.666666666666667,2021년 8월 23일,맛있게 잘 먹었습니다!!
120,맘스터치-서울시청점,4.6,서울 중구 무교동 21-3 정오빌딩 2층,ye**님,5.0,2021년 8월 20일,"근처에서 주문시 인기가 많으니 포장주문 하시면 좋을듯합니다. 합리적가격에 친절한 직원응대
감사합니다~^^"
121,맘스터치-서울시청점,4.6,서울 중구 무교동 21-3 정오빌딩 2층,or**님,5.0,2021년 8월 6일,쿠폰이 전부 소진되면 메뉴를 내리던가 해야지 그냥 아무말도 없고 음식만 왔습니다 뉴스에도 이문제가 나온걸로 아는데 실망이네요
122,맘스터치-서울시청점,4.6,서울 중구 무교동 21-3 정오빌딩 2층,98**님,5.0,2021년 8월 5일,맛있어요~.
123,맘스터치-서울시청점,4.6,서울 중구 무교동 21-3 정오빌딩 2층,ur**님,5.0,2021년 7월 30일,"너무 맛있어서 사진 찍을 겨를도 없이 
저와 합체를 하고 말았어요.ㅜㅠ

너무  빨리 배달해주신 라이더님 감사합니다.
겉.바,속.촉 
사자성어 추가하고 싶네요.

맛있게 감사히 먹었어요.
싸장님 감싸합니닷!"
124,맘스터치-서울시청점,4.6,서울 중구 무교동 21-3 정오빌딩 2층,   손님,5.0,2021년 7월 23일,맛있어요.양상추 많이들어있고 소스도 적당하게 들어있어 좋아요~
125,맘스터치-서울시청점,4.6,서울 중구 무교동 21-3 정오빌딩 2층,qw**님,5.0,2021년 7월 23일,잘먹엇습니다
126,맘스터치-서울시청점,4.6,서울 중구 무교동 21-3 정오빌딩 2층,wj**님,3.3333333333333335,2021년 7월 22일,75분 걸린다고 했는데 100분 넘게 걸렸습니다 너무 오래걸릴 거 같으면 주문 취소를 하시는게 맞는거 아닐련지요 평일에 회사원은 점심시간이 한정되어 있는데 그게 좀 아쉽네요
127,맘스터치-서울시청점,4.6,서울 중구 무교동 21-3 정오빌딩 2층,wh**님,3.6666666666666665,2021년 7월 14일,"요청사항좀 읽으세요
피클빼달라했는데"
128,맘스터치-서울시청점,4.6,서울 중구 무교동 21-3 정오빌딩 2층,an**님,5.0,2021년 7월 13일,맛있게 잘 먹었습니다.
129,맘스터치-서울시청점,4.6,서울 중구 무교동 21-3 정오빌딩 2층,k2**님,5.0,2021년 7월 12일,배달은 번거처럼 왔구요 맛은 기대 이상입니다
130,맘스터치-서울시청점,4.6,서울 중구 무교동 21-3 정오빌딩 2층,vb**님,5.0,2021년 7월 12일,초복때문인가 배달이 한시간!!! 그래도 맛있었습니다.
131,맘스터치-서울시청점,4.6,서울 중구 무교동 21-3 정오빌딩 2층,du**님,5.0,2021년 7월 6일,배달도 친절하고 실수에대해 직원도 대처 빨랐고 서비스점수가 좋았습니다. 맛은 이미 5개짜리인거 아시잖아요.
132,맘스터치-서울시청점,4.6,서울 중구 무교동 21-3 정오빌딩 2층,sh**님,5.0,2021년 7월 6일,저희 집이 조금 멀어서 배달이 오래 걸렸는데도 엄청 맛있었어요...! 감자튀김 째꼼 눅눅했지만 너무 맛있었고 치킨 패티가 바삭바삭 맛있었어용!
133,맘스터치-서울시청점,4.6,서울 중구 무교동 21-3 정오빌딩 2층,th**님,5.0,2021년 6월 13일,배달도 빠르고 맛있어요
134,맘스터치-서울시청점,4.6,서울 중구 무교동 21-3 정오빌딩 2층,sa**님,4.666666666666667,2021년 6월 7일,맛은있는데  짜네요
135,맘스터치-서울시청점,4.6,서울 중구 무교동 21-3 정오빌딩 2층,yo**님,5.0,2021년 6월 6일,항상맛있는 곳입니다 혼자먹기 약간 많은정도라 늘 만족합니다ㅎㅎㅎ
136,맘스터치-서울시청점,4.6,서울 중구 무교동 21-3 정오빌딩 2층,ca**님,5.0,2021년 5월 28일,예상시간보다 빠르게 오고 맛나게 먹었어요^^!
137,맘스터치-서울시청점,4.6,서울 중구 무교동 21-3 정오빌딩 2층,hn**님,5.0,2021년 5월 24일,배달 생각보다 빨랐어요! 따땃하게 잘 먹었습니당ㅎㅎ 사이다로 변경할 수 있음 좋겠어요ㅠㅠ
138,맘스터치-서울시청점,4.6,서울 중구 무교동 21-3 정오빌딩 2층,28**님,5.0,2021년 5월 22일,너무 정신없이 먹어서 사진이 없네요 포장 무척 꼼꼼하고 맛있었어요 강정이 기대 안했는데 맛있어서 놀랐어요~
139,맘스터치-서울시청점,4.6,서울 중구 무교동 21-3 정오빌딩 2층,ha**님,4.333333333333333,2021년 5월 20일,다식어서옴 노답...
140,맘스터치-서울시청점,4.6,서울 중구 무교동 21-3 정오빌딩 2층,ch**님,4.0,2021년 5월 15일,"1시간 반 걸렸는데 밖에 비오니까 뭐,,,"
141,맘스터치-서울시청점,4.6,서울 중구 무교동 21-3 정오빌딩 2층,mi**님,2.0,2021년 5월 15일,소스가 다 흘러나온상태로 왔어요. 실망스럽네요
142,맘스터치-서울시청점,4.6,서울 중구 무교동 21-3 정오빌딩 2층,dl**님,4.666666666666667,2021년 5월 14일,배달 예정시간보다 진짜 빨리와서 놀랐어요 ! 햄버거도 따끈따끈하게 맛있게 잘 먹었습니당
143,맘스터치-서울시청점,4.6,서울 중구 무교동 21-3 정오빌딩 2층,su**님,5.0,2021년 5월 9일,아주 잘먹었습니다. . 자주이용할께요. ^^
144,맘스터치-서울시청점,4.6,서울 중구 무교동 21-3 정오빌딩 2층,do**님,5.0,2021년 5월 9일,배달 빠르게 잘먹었습니다.
145,맘스터치-서울시청점,4.6,서울 중구 무교동 21-3 정오빌딩 2층,qw**님,5.0,2021년 5월 4일,맛있습니다
146,맘스터치-서울시청점,4.6,서울 중구 무교동 21-3 정오빌딩 2층,ni**님,4.666666666666667,2021년 5월 4일,역시 싸이버거는 맛있네요.닭강정은 쏘쏘
147,맘스터치-서울시청점,4.6,서울 중구 무교동 21-3 정오빌딩 2층,fl**님,3.6666666666666665,2021년 5월 4일,비도 그쳤는데 전체적으로 다 눅눅하고 식어서 왔어요. 눅눅해지니까 햄버거 포장지는 조금씩 찢어져서 왔어요. 다른 분은 햄버거 빵이 찢어지셨대요. 그리고 케찹이 안왔습니다ㅠ ㅠ 신기한 건 이렇게 눅눅한데 감튀는 맛있네요
148,맘스터치-서울시청점,4.6,서울 중구 무교동 21-3 정오빌딩 2층,sh**님,5.0,2021년 5월 3일,"싱글치킨세트는 혼자 먹기에는 양이 많아요~
그래서 더 좋네요 ㅋㅋ
맘스터치 처음 먹어봤는데, 듣던대로 버거도~ 치킨도 맛있네요~
배달도 70분 걸린다고 안내받았지만 정말 금방 왔어요^^"
149,맘스터치-서울시청점,4.6,서울 중구 무교동 21-3 정오빌딩 2층,aa**님,5.0,2021년 4월 27일,아이고난1 아이고난2
150,맘스터치-서울시청점,4.6,서울 중구 무교동 21-3 정오빌딩 2층,wj**님,5.0,2021년 4월 20일,정말 맛있게 잘먹었습니다
151,맘스터치-서울시청점,4.6,서울 중구 무교동 21-3 정오빌딩 2층,wa**님,4.666666666666667,2021년 4월 20일,맛있어요 가서 먹는것고ㅏ 같아요
152,맘스터치-서울시청점,4.6,서울 중구 무교동 21-3 정오빌딩 2층,ci**님,2.0,2021년 4월 16일,65분에서75분 도착한다던 햄버거가 87분만에 도착해서 다 식고 축축한 싸이버거...맘스터치가 이렇게맛이 없을수가 없네요
153,맘스터치-서울시청점,4.6,서울 중구 무교동 21-3 정오빌딩 2층,pp**님,1.0,2021년 4월 16일,배달 실패 환불 부탁드립니다.
154,맘스터치-서울시청점,4.6,서울 중구 무교동 21-3 정오빌딩 2층,ja**님,2.3333333333333335,2021년 4월 11일,"싸이버거는 다른곳과 비슷했구요.
치킨이 너무 짜고 냄새나고 색도 기름이 안좋았는지 검믓했구요.
치킨 1조각이면 공기밥 2그릇은 문제없을정도로
짜네요. 저는 모든음식의 냄새난다 어떻다 잘 못느끼는 1인 입니다."
155,맘스터치-서울시청점,4.6,서울 중구 무교동 21-3 정오빌딩 2층,co**님,5.0,2021년 4월 11일,싸이버거도 맛있었고 양념치킨도 맛있었습니다!
156,맘스터치-서울시청점,4.6,서울 중구 무교동 21-3 정오빌딩 2층,en**님,5.0,2021년 4월 11일,먹다가 찍어서 제대로 못 찍었네요ㅠㅠ 맛있었어요!
157,맘스터치-서울시청점,4.6,서울 중구 무교동 21-3 정오빌딩 2층,dr**님,4.666666666666667,2021년 4월 10일,"치킨패티를 좋아하지 않아서 이제서야 싸이버거를 플렉스버거로 먹어봤습니다. 유명한데에는 다 이유가 있군요. jmt ㅜㅜ
치파오닭강정은 고추기름맛 너무 나고 제 입에는 별로였어서 별하나 빼요.. 
배달은 예상시간보다 삼십분은 빨리 왔어요 번쩍배달인줄👍"
158,맘스터치-서울시청점,4.6,서울 중구 무교동 21-3 정오빌딩 2층,15**님,3.6666666666666665,2021년 4월 8일,평범하게 맛있었어요!
159,맘스터치-서울시청점,4.6,서울 중구 무교동 21-3 정오빌딩 2층,gk**님,5.0,2021년 4월 6일,감자튀김까지도 따뜻하게 잘 받았습니다 :)
160,맘스터치-서울시청점,4.6,서울 중구 무교동 21-3 정오빌딩 2층,ka**님,5.0,2021년 4월 6일,맘스터치 소 굳 mommmm
161,맘스터치-서울시청점,4.6,서울 중구 무교동 21-3 정오빌딩 2층,ch**님,5.0,2021년 4월 4일,솔직 배달료 있어도 다른 패스트푸드 배달보다 훨씬 낫더라 ㅊㅊ한다
162,맘스터치-서울시청점,4.6,서울 중구 무교동 21-3 정오빌딩 2층,cj**님,5.0,2021년 4월 4일,치킨이랑 싸이버거 모두 먹고 싶어서 주문했는데 맛있게 잘 먹었습니다~ 치즈볼도 맛있어요!
163,맘스터치-서울시청점,4.6,서울 중구 무교동 21-3 정오빌딩 2층,se**님,5.0,2021년 3월 31일,"싱글세트 시켰는데 양이 싱글이아니라
커플세트였어요 양도 많고 맛도 좋았습니다.
감사합니다! 사진찍은건 2조각 먹고 찍은겁니다"
164,맘스터치-서울시청점,4.6,서울 중구 무교동 21-3 정오빌딩 2층,wn**님,5.0,2021년 3월 31일,맛있어요
165,맘스터치-서울시청점,4.6,서울 중구 무교동 21-3 정오빌딩 2층,00**님,5.0,2021년 3월 31일,맛있게 잘먹었슴니다 배부르다..
166,맘스터치-서울시청점,4.6,서울 중구 무교동 21-3 정오빌딩 2층,wj**님,5.0,2021년 3월 31일,맛있게 잘먹었습니다
167,맘스터치-서울시청점,4.6,서울 중구 무교동 21-3 정오빌딩 2층,ta**님,5.0,2021년 3월 30일,잘먹었습니다 넘나맛잇어요
