﻿0,썬더치킨-종로점,서울 종로구 종로5가 116,5.0,im**님,2022년 3월 30일,,맛 ★ 5 양 ★ 5 배달 ★ 5
1,썬더치킨-종로점,서울 종로구 종로5가 116,5.0,vi**님,2022년 3월 22일,양도적당하고서비스도좋았어요,맛 ★ 5 양 ★ 5 배달 ★ 5
2,썬더치킨-종로점,서울 종로구 종로5가 116,5.0,dp**님,2022년 2월 2일,고기잡내없이 매콤하니 맛나네요 서비스 감튀또한 아주맛나여,맛 ★ 5 양 ★ 5 배달 ★ 5
3,썬더치킨-종로점,서울 종로구 종로5가 116,5.0,wl**님,2022년 1월 12일,너무 맛있게 잘 먹었어요!!! 지난주 목요일인가? 먹고 리뷰를 이제 써요 죄송해오 사장님ㅠㅠㅠㅠ 양도 많고 딱 그 매콤짭짤한 후라이드라 넘 맛있게 먹었어요 양념도 맛있었구요ㅎㅎ 가성비 갑에 푸짐한 양까지 최고예요 사장님 새해 복 많이 받으시고 번창하세요~~,맛 ★ 5 양 ★ 5 배달 ★ 5
4,썬더치킨-종로점,서울 종로구 종로5가 116,5.0,손님,2021년 12월 20일,치킨 한마리 시켰는데 서비스가 어마어마합니다ㅜㅜㅜ 역시 강렬한 맛 썬더치킨입니다!! 너무너무 맛있게 잘먹었습니다!! ㅎㅎ,맛 ★ 5 양 ★ 5 배달 ★ 5
5,썬더치킨-종로점,서울 종로구 종로5가 116,5.0,ju**님,2021년 10월 15일,대박내시고환절기건강하세요...힘내세요,맛 ★ 5 양 ★ 5 배달 ★ 5
6,썬더치킨-종로점,서울 종로구 종로5가 116,5.0,rf**님,2021년 7월 11일,첫주문! 튀김옷을제대로입혀 깔끔하게 잘튀기셨네요~ 자주사용한 기름에서튀긴게 아니라고느껴집니다 맛또한 깔끔하고 약간매콤한 튀김옷이 감칠맛을더하네요 항상그느낌그대로 변치마시길바래요~,맛 ★ 5 양 ★ 5 배달 ★ 5
7,썬더치킨-종로점,서울 종로구 종로5가 116,5.0,rf**님,2021년 7월 6일,말이 필요없는 맛이에요,맛 ★ 5 양 ★ 5 배달 ★ 5
8,썬더치킨-종로점,서울 종로구 종로5가 116,5.0,ko**님,2021년 5월 22일,너무 맛있어요 감자튀김도 맛있고요 역시 잘되는집은 이유가 있어요,맛 ★ 5 양 ★ 5 배달 ★ 5
9,썬더치킨-종로점,서울 종로구 종로5가 116,5.0,je**님,2021년 4월 16일,너무 맛났어용~~~~~~~~~,맛 ★ 5 양 ★ 5 배달 ★ 5
10,썬더치킨-종로점,서울 종로구 종로5가 116,5.0,hk**님,2021년 4월 9일,맛있게 먹었어요 소스 다로 주문해야 할 거 알았으면 주문했는데...,맛 ★ 5 양 ★ 5 배달 ★ 5
11,썬더치킨-종로점,서울 종로구 종로5가 116,5.0,qo**님,2021년 2월 15일,먹느라 사진을 못 찍었네요. 맛있어요~,맛 ★ 5 양 ★ 5 배달 ★ 5
12,썬더치킨-종로점,서울 종로구 종로5가 116,5.0,pm**님,2021년 1월 30일,맛있게 잘먹었습니다,맛 ★ 5 양 ★ 5 배달 ★ 5
13,썬더치킨-종로점,서울 종로구 종로5가 116,5.0,gr**님,2021년 1월 10일,바싹 바싹 너무너무 맛있게 먹었어요~~,맛 ★ 5 양 ★ 5 배달 ★ 5
14,썬더치킨-종로점,서울 종로구 종로5가 116,5.0,we**님,2020년 12월 12일,맛있어여! 가성비도좋구 크리스피치킨 매콤하이 쥑이네요,맛 ★ 5 양 ★ 5 배달 ★ 5
15,썬더치킨-종로점,서울 종로구 종로5가 116,5.0,cu**님,2020년 12월 6일,맛있어요 다음에도 주문할게요,맛 ★ 5 양 ★ 5 배달 ★ 5
16,썬더치킨-종로점,서울 종로구 종로5가 116,5.0,손님,2020년 11월 24일,맛 최고 가성비도 최고 배달원도 최고,맛 ★ 5 양 ★ 5 배달 ★ 5
17,썬더치킨-종로점,서울 종로구 종로5가 116,5.0,손님,2020년 11월 1일,치킨 최고의 맛집입니다.👍👍👍늘 맛있게 먹고 있습니다. 콜라를 코카콜라로 주시는 쎈스!! 감사해요🙇‍♀️ 배달도 최곱니다!!!^^,맛 ★ 5 양 ★ 5 배달 ★ 5
18,썬더치킨-종로점,서울 종로구 종로5가 116,5.0,al**님,2020년 10월 23일,"썬더치킨 덕분에 늘 맛있게 잘 먹고 있습니다. 감사합니다. 인생치킨, 최애치킨, 썬더치킨!!! 와~~~~",맛 ★ 5 양 ★ 5 배달 ★ 5
19,썬더치킨-종로점,서울 종로구 종로5가 116,5.0,hm**님,2020년 10월 21일,항상맛나요~~~~~~~~~,맛 ★ 5 양 ★ 5 배달 ★ 5
20,썬더치킨-종로점,서울 종로구 종로5가 116,5.0,xi**님,2020년 10월 6일,배달 예상보다 빨리와서 좋았어요 원래 똥집은 이 아픈맛에 먹는거죠 굳굳,맛 ★ 5 양 ★ 5 배달 ★ 5
21,썬더치킨-종로점,서울 종로구 종로5가 116,5.0,bi**님,2020년 9월 26일,잘 맛있게 먹었습니다~감자 튀김 도 주셔서 감사합니다~,맛 ★ 5 양 ★ 5 배달 ★ 5
22,썬더치킨-종로점,서울 종로구 종로5가 116,5.0,sh**님,2020년 9월 23일,늘 너무맛있게먹습니다 ㅠㅠ 제가 오자마자 허겁지겁먹자보니 사진찍는걸 깜빡했어요...다음엔 꼭 사진찍고먹겠습니다 ㅠㅠㅠ,맛 ★ 5 양 ★ 5 배달 ★ 5
23,썬더치킨-종로점,서울 종로구 종로5가 116,5.0,mi**님,2020년 9월 5일,따뜻하게 잘 먹었습니다!,맛 ★ 5 양 ★ 5 배달 ★ 5
24,썬더치킨-종로점,서울 종로구 종로5가 116,5.0,al**님,2020년 9월 2일,가성비 좋고 맛있어요,맛 ★ 5 양 ★ 5 배달 ★ 5
25,썬더치킨-종로점,서울 종로구 종로5가 116,5.0,al**님,2020년 9월 2일,맛있게 잘먹었어요~~~!!!저번에 감튀안받았는데 후회중이에요 감튀존맛탱😆,맛 ★ 5 양 ★ 5 배달 ★ 5
26,썬더치킨-종로점,서울 종로구 종로5가 116,5.0,wi**님,2020년 8월 1일,맛있어요~!!!!!!!!!!지금또시켜요!!!!!!!!,맛 ★ 5 양 ★ 5 배달 ★ 5
27,썬더치킨-종로점,서울 종로구 종로5가 116,5.0,j2**님,2020년 7월 28일,파닭 소스가 매우매우 적절하네요,맛 ★ 5 양 ★ 5 배달 ★ 5
28,썬더치킨-종로점,서울 종로구 종로5가 116,5.0,ne**님,2020년 7월 24일,양과 맛 다 만족했어요! 배달이 빨라서 좋았어요!! 따뜻하게 와서 맛있게 먹었답니당ㅋㅋ,맛 ★ 5 양 ★ 5 배달 ★ 5
29,썬더치킨-종로점,서울 종로구 종로5가 116,5.0,en**님,2020년 6월 30일,두번째주문입니다 맛있습니다 적절한가격 충분한양 훌륭한 맛 좋습니다,맛 ★ 5 양 ★ 5 배달 ★ 5
30,썬더치킨-종로점,서울 종로구 종로5가 116,5.0,ki**님,2020년 6월 4일,바식바삭하고 맛있어요~ 종로점은 처음인데 떡도 넣어주시고 좋네요 ^0^ 감자튀김도 잘 먹었어요! 배달도 시간 안에 잘 왔습니다 짱짱,맛 ★ 5 양 ★ 5 배달 ★ 5
31,썬더치킨-종로점,서울 종로구 종로5가 116,5.0,손님,2020년 5월 23일,크리스피치킨 왕맛있어요 바삭바삭 떡튀김이 별미에요~ 서비스로 주신 허니버터감자도 단짠단짠 손이 자꾸 가더라고요!,맛 ★ 5 양 ★ 5 배달 ★ 5
32,썬더치킨-종로점,서울 종로구 종로5가 116,5.0,ga**님,2020년 5월 22일,튀김도바삭하게좋고 너무맛있네요!! 다음에 또먹을게요^^,맛 ★ 5 양 ★ 5 배달 ★ 5
33,썬더치킨-종로점,서울 종로구 종로5가 116,5.0,al**님,2020년 5월 7일,후라이드랑 양념 다 맛있었어요~ 서비스로 주신 감튀도 잘 먹었습니다ㅎㅎ,맛 ★ 5 양 ★ 5 배달 ★ 5
34,썬더치킨-종로점,서울 종로구 종로5가 116,5.0,bi**님,2020년 5월 5일,배달도 빠르고 맛있어요!,맛 ★ 5 양 ★ 5 배달 ★ 5
35,썬더치킨-종로점,서울 종로구 종로5가 116,5.0,yt**님,2020년 4월 13일,너무맛잇어용 ㅠㅠㅠ오늘재주문합니다,맛 ★ 5 양 ★ 5 배달 ★ 5
36,썬더치킨-종로점,서울 종로구 종로5가 116,5.0,wj**님,2020년 4월 9일,싸고 맛있고 양많은 썬더치킨 최곱니다,맛 ★ 5 양 ★ 5 배달 ★ 5
37,썬더치킨-종로점,서울 종로구 종로5가 116,5.0,wi**님,2020년 3월 21일,파닭먹고싶을때마다 여기서만 시켜요 ㅋㅋ 서비스도 좋고 맛도 개좋음 특히 이번엔 배달원분이 친절해서 더 좋았습니다~,맛 ★ 5 양 ★ 5 배달 ★ 5
38,썬더치킨-종로점,서울 종로구 종로5가 116,5.0,bl**님,2020년 3월 18일,닭이 크고 튀김이 좋네요!,맛 ★ 5 양 ★ 5 배달 ★ 5
39,썬더치킨-종로점,서울 종로구 종로5가 116,5.0,nd**님,2020년 3월 17일,맛있게 든든하게 자알 먹었습니다,맛 ★ 5 양 ★ 5 배달 ★ 5
40,썬더치킨-종로점,서울 종로구 종로5가 116,5.0,yt**님,2020년 3월 16일,양도 많고 맛도 좋아요 새로 생겼다고 요기요에서 추천해주길래 주문했는데 맛있어서 또 시킬거 같아요,맛 ★ 5 양 ★ 5 배달 ★ 5
