﻿0,자담치킨-종로점,4.9,서울특별시 종로구 관철동 13-9 1층,wl**님,5.0,18시간 전,항상 맛있게 먹고 있어요
1,자담치킨-종로점,4.9,서울특별시 종로구 관철동 13-9 1층,ry**님,4.333333333333333,어제,음식에 대한 솔직한 리뷰
2,자담치킨-종로점,4.9,서울특별시 종로구 관철동 13-9 1층,st**님,5.0,4일 전,맵슐랭 진짜 맛있어요!! 다들 맛있다 해서 꼭 시켜먹어보고 싶었는데 이런 맛이군요 ㅎㅎ 순한맛도 매콤하니 맛있네요!! 종로점 친절하시고 배달도 아주 빨랐어요 25분만에 받았어요 ㅎㅎ 치즈볼도 아주 맛있게 잘 먹었습니다☺️
3,자담치킨-종로점,4.9,서울특별시 종로구 관철동 13-9 1층,bo**님,5.0,6일 전,"흠 뭐랄까..
맛에, 촉촉함에 상당히 놀랬음
보통 새로운 닭은 시도 안한지 오래 시킬때마다 맛없고
오버쿡 되서오고 
고민하다 시켜봤는데 맛이 좋네요 👍🏼
칼로리는 캡높지만 다음에 다시 돌아오게씀
진짜 놀램.. 맛있어어 
맛을 꾸준히 이어가주세요~~
칩스도 내스타일 👌🏼
(너무 자주먹으면 살찌니까.. 담에 또~~!!)"
4,자담치킨-종로점,4.9,서울특별시 종로구 관철동 13-9 1층,fo**님,5.0,일주일 전,"맨날 bb* 후라이드만 먹다가 처음으로 자담치킨 먹었는데 …..
뭐에요?!
왜 이렇게 맛있어요??!!!
이 지점이 맛있는건요? 아니면 자담치킨이 맛있는건요?후라이드 너무 바삭하고 간도 너무 잘 맛고!
진짜 너무 맛있어요!!!!! 이제 치킨은 무조건 자담💛"
5,자담치킨-종로점,4.9,서울특별시 종로구 관철동 13-9 1층,ra**님,5.0,일주일 전,두번째 주문. 잘먹었습니다.
6,자담치킨-종로점,4.9,서울특별시 종로구 관철동 13-9 1층,hu**님,4.0,2022년 4월 12일,맛있네요~ 맛있네요~ 맛있네요~
7,자담치킨-종로점,4.9,서울특별시 종로구 관철동 13-9 1층,pm**님,5.0,2022년 4월 10일,"사장님 저 맵슐랭 처음 나왔을 때 다른 지점에서 먹고 별로여서 몇 년동안 먹은 적 없는데.. 갑자기 오늘 생각나서 종로점에서 처음 시켜봤는데 이거 무슨 일인가여..? 종로점 진짜 왜이렇게 맛있어요ㅠㅠ 그동안 맵슐랭 안 먹은게 후회가 될 정도예요!!!!
리뷰이벤트로 받은 치즈볼도 쫙쫙 늘어나고 그냥 치즈볼 사이드로 시킬 걸 그랬어요!! 떡볶이도 너무 맛있고👍🏻👍🏻👍🏻 다음에 종로점에서 또 시켜먹으러 오겠습니다!! 맛있게 잘먹었습다ㅎㅎ"
8,자담치킨-종로점,4.9,서울특별시 종로구 관철동 13-9 1층,ge**님,5.0,2022년 4월 10일,"놀러와서 시켰는데 정말 빠르게 배달왔어요
처음 시켜본 불패치킨인데 생각보다 더 매웠어요
튀김옷이 너무 두꺼운 느낌이 있어요"
9,자담치킨-종로점,4.9,서울특별시 종로구 관철동 13-9 1층,19**님,5.0,2022년 4월 10일,오늘도 맛있게 잘 먹었어요!
10,자담치킨-종로점,4.9,서울특별시 종로구 관철동 13-9 1층,hy**님,5.0,2022년 4월 10일,"배달도 생각보다 더 빨리 왔고 맛있습니당~
번창하세욤~"
11,자담치킨-종로점,4.9,서울특별시 종로구 관철동 13-9 1층,ra**님,5.0,2022년 4월 10일,최근에 먹은 치킨 중 가장 맛있습니다. 쪽지도 감동이고요. 종종 시켜 먹을 듯 합니다.
12,자담치킨-종로점,4.9,서울특별시 종로구 관철동 13-9 1층,mv**님,5.0,2022년 4월 9일,맛있고 따뜻하게 잘 먹었습니다
13,자담치킨-종로점,4.9,서울특별시 종로구 관철동 13-9 1층,km**님,5.0,2022년 4월 9일,생각보다는 꽤 매운데 불맛이 나서 되게 맛있게 먹었어요!
14,자담치킨-종로점,4.9,서울특별시 종로구 관철동 13-9 1층,s0**님,5.0,2022년 4월 7일,"생각보다 빨리왔어요~~
다들  맛있다고 말하면서 먹었어요
잘 먹었습니다~~"
15,자담치킨-종로점,4.9,서울특별시 종로구 관철동 13-9 1층,hs**님,5.0,2022년 4월 6일,"맛있어서 이틀만에 또시켰습니다.
여전히 맛있습니다."
16,자담치킨-종로점,4.9,서울특별시 종로구 관철동 13-9 1층,kj**님,5.0,2022년 4월 6일,양도 많고 전부 다리살이라 맛있네요 잘먹었습니다!
17,자담치킨-종로점,4.9,서울특별시 종로구 관철동 13-9 1층,hs**님,5.0,2022년 4월 4일,양많고 맛있습니다.
18,자담치킨-종로점,4.9,서울특별시 종로구 관철동 13-9 1층,va**님,5.0,2022년 4월 3일,"친구네 놀러갔다 시켜먹은 맵슐랭
적당히 매콤해서 좋앗어요
서비스로 주신 치즈볼도 잘먹었습니다
감자도 있다는데 전 없엇어요 ㅜㅜ
배달은 예상보다 엄청 빨링와서 따뜻하게 잘먹엇어요"
19,자담치킨-종로점,4.9,서울특별시 종로구 관철동 13-9 1층,yo**님,5.0,2022년 4월 2일,자담 순살은 진리이자 국룰입니당! 오늘도 후반양반 너무 맛있구 치즈볼도 따끈바삭해서 좋았어요! 배달도 빨리왔구 치킨 양도 많아서 좋았습니다! 감튀도 더해지니까 양이 많더라구요. 사장님 번창하세요!
20,자담치킨-종로점,4.9,서울특별시 종로구 관철동 13-9 1층,ev**님,5.0,2022년 4월 1일,"오징어 넘 맛나요ㅎㅎ
치킨은 자담이 진리ㅎ"
21,자담치킨-종로점,4.9,서울특별시 종로구 관철동 13-9 1층,s2**님,5.0,2022년 4월 1일,"자담 순살은 닭다리라 최애
잘먹었습니다"
22,자담치킨-종로점,4.9,서울특별시 종로구 관철동 13-9 1층,le**님,5.0,2022년 3월 31일,맛있어요 담엔 맵슐랭먹어볼래요
23,자담치킨-종로점,4.9,서울특별시 종로구 관철동 13-9 1층,kj**님,5.0,2022년 3월 30일,맛있게 잘 먹었습니다
24,자담치킨-종로점,4.9,서울특별시 종로구 관철동 13-9 1층,mi**님,5.0,2022년 3월 30일,메시지랑 과자도 주시고 따뜻하고 맛있게 잘 먹었습니다~
25,자담치킨-종로점,4.9,서울특별시 종로구 관철동 13-9 1층,wk**님,5.0,2022년 3월 30일,너무너무 맛잇어여!!! 적당히 매워서 맵찔이인 저도 너무 맛잇엇네용
26,자담치킨-종로점,4.9,서울특별시 종로구 관철동 13-9 1층,tm**님,4.333333333333333,2022년 3월 29일,"맛슐랭 처음 먹는데 맛잇게 잘먹었습니당!! 마일드 맛이라  윗부분 먹엇을땐 달달한데 밑에 소스랑 찍어먹으면 좀 매콤한거 같아서 좋네요! 
다음엔 매운맛으로 도전해볼려구요"
27,자담치킨-종로점,4.9,서울특별시 종로구 관철동 13-9 1층,ki**님,5.0,2022년 3월 28일,넘맛있었어요!! 또시켜먹으려구요
28,자담치킨-종로점,4.9,서울특별시 종로구 관철동 13-9 1층,ma**님,5.0,2022년 3월 28일,맛있게 잘먹었습니다
29,자담치킨-종로점,4.9,서울특별시 종로구 관철동 13-9 1층,no**님,5.0,2022년 3월 28일,배달도빠르고 맛있네용
30,자담치킨-종로점,4.9,서울특별시 종로구 관철동 13-9 1층,za**님,4.666666666666667,2022년 3월 27일,사장님의 정성이 담긴 쪽지까지 맛있게 잘먹었습니다.
31,자담치킨-종로점,4.9,서울특별시 종로구 관철동 13-9 1층,ak**님,5.0,2022년 3월 26일,"가족 여행으로 온 주소지를 정확히 표시 못해
매장으로 전화했는데 바쁜 주말 저녁시간임에도
친절하게 응대해주셨습니다
덕분에 아주아주 맛있는 치킨먹고
즐거운 시간됐습니다
보내주신 쿠키까지~ 감사합니다 ^^"
32,자담치킨-종로점,4.9,서울특별시 종로구 관철동 13-9 1층,le**님,5.0,2022년 3월 26일,배달도 빠르고 맛있어요
33,자담치킨-종로점,4.9,서울특별시 종로구 관철동 13-9 1층,gr**님,5.0,2022년 3월 26일,"지난번에 맵슐랭먹고 맛있어서 이번엔 후반양반 시켰어요 
역시 맛있었습니다 !!
양념 듬뿍 이라서 더 좋았어요 
후라이드 바삭바삭 감자랑 치즈볼도 잘 먹었습니다"
34,자담치킨-종로점,4.9,서울특별시 종로구 관철동 13-9 1층,li**님,5.0,2022년 3월 26일,맛있게 먹었습니다 ^^
35,자담치킨-종로점,4.9,서울특별시 종로구 관철동 13-9 1층,tk**님,5.0,2022년 3월 26일,"정말 맛있어요!!
양도 많고 배달도 빨랐습니다. :)"
36,자담치킨-종로점,4.9,서울특별시 종로구 관철동 13-9 1층,nu**님,5.0,2022년 3월 25일,바삭하고 사이드로 주신 감튀까지 맛있었습니다!!
37,자담치킨-종로점,4.9,서울특별시 종로구 관철동 13-9 1층,pa**님,5.0,2022년 3월 25일,배달 빠르고 맛있고 좋아요
38,자담치킨-종로점,4.9,서울특별시 종로구 관철동 13-9 1층,kj**님,5.0,2022년 3월 25일,"넘 맛있었어요 로제 떡볶이도 살짝 맵고 먹을만 해요
치즈볼 로제 떡볶이에 찍어 먹으면 맛있어요
일반 후라이드는 처음 먹어 보는데
개인적으로 핫후라이드가 더 맛있지만
마일드하고 바삭바삭해서 맛있었습니다!!
맵슐랭도 추천입니다"
39,자담치킨-종로점,4.9,서울특별시 종로구 관철동 13-9 1층,be**님,4.333333333333333,2022년 3월 25일,바삭하게 잘 튀겨졌지만 밑간에 문제가 있는듯..아니 아예 안하신듯....너무 싱거웠음
40,자담치킨-종로점,4.9,서울특별시 종로구 관철동 13-9 1층,ha**님,5.0,2022년 3월 25일,호캉스 하는 중 시켜 먹었는데 새벽까지 해서 좋았고 제가 사는동네 자담은 양념 시키면 눅눅한데 여기는 양념쪽도 치킨 튀김이 바삭하고 좋았어요
41,자담치킨-종로점,4.9,서울특별시 종로구 관철동 13-9 1층,sj**님,5.0,2022년 3월 24일,맛있어요 잘먹었습니다
42,자담치킨-종로점,4.9,서울특별시 종로구 관철동 13-9 1층,19**님,5.0,2022년 3월 24일,양도 많고 맛있게 잘 먹었어요~
43,자담치킨-종로점,4.9,서울특별시 종로구 관철동 13-9 1층,rh**님,5.0,2022년 3월 24일,너무 맛있어여 근데 제가 맵찔이라 많이 맵네욬ㅋㅋ캬
44,자담치킨-종로점,4.9,서울특별시 종로구 관철동 13-9 1층,55**님,5.0,2022년 3월 24일,"역시 순살는 자담이 최고네요
신제품도 맛있습니다!!!"
45,자담치킨-종로점,4.9,서울특별시 종로구 관철동 13-9 1층,sj**님,5.0,2022년 3월 24일,배달 엄청 빨랏구요 요새 맵슐랭 꽂혔는데 이 지점 맛있네요
46,자담치킨-종로점,4.9,서울특별시 종로구 관철동 13-9 1층,di**님,5.0,2022년 3월 24일,자담치킨에서 처음 먹어보는데 후라이드도 맛있네요! 나중에 맵슐랭도 시켜볼게요! 양도 많고 바삭바삭해수 맛있게 먹었습니다! 배달도 30분만에 와서 따뜻하게 먹었어요 감사합니다
47,자담치킨-종로점,4.9,서울특별시 종로구 관철동 13-9 1층,is**님,5.0,2022년 3월 23일,"순살이 닭다리살이라 맛있고
편지 과자도 주셔서 좋았어요!"
48,자담치킨-종로점,4.9,서울특별시 종로구 관철동 13-9 1층,hs**님,5.0,2022년 3월 23일,배달이 엄청 빨리와서 놀랐네요!! 역시 불패치킨은 맛있네요 중간중간에 떡?? 같은 것도 들어가서 더 맛있는거 같아요 서비스로 주신 치즈볼도 잘 먹었습니다 ㅎㅎ
49,자담치킨-종로점,4.9,서울특별시 종로구 관철동 13-9 1층,ys**님,5.0,2022년 3월 22일,징짜 맛있어요.
50,자담치킨-종로점,4.9,서울특별시 종로구 관철동 13-9 1층,xi**님,4.666666666666667,2022년 3월 22일,따듯한 치킨 맛있게 먹었어요
51,자담치킨-종로점,4.9,서울특별시 종로구 관철동 13-9 1층,ta**님,5.0,2022년 3월 21일,배달이 일찍 와서 따뜻하게 잘 먹었어요.  따뜻해서 그런지 핫후라이드가 참 맛있네요.
52,자담치킨-종로점,4.9,서울특별시 종로구 관철동 13-9 1층,sh**님,4.666666666666667,2022년 3월 20일,몌콤 하니 맛나게 먹었어요
53,자담치킨-종로점,4.9,서울특별시 종로구 관철동 13-9 1층,ru**님,5.0,2022년 3월 19일,배달 빠르고 서비스도 한가득 주셔서 너무 잘 먹었습니다!  :)
54,자담치킨-종로점,4.9,서울특별시 종로구 관철동 13-9 1층,ml**님,5.0,2022년 3월 16일,"잘 먹었습니다
근데 서비스 치즈볼 왜이렇게 맛있는 거죠?"
55,자담치킨-종로점,4.9,서울특별시 종로구 관철동 13-9 1층,ra**님,5.0,2022년 3월 10일,리뷰가 늦었네요 제가 요기요로 시켜먹은 곳 중에서 최고에요 서비스며 감동입니다‼️ 치킨이 식지도 않고 와서 맛있게 잘 먹었어요☺
56,자담치킨-종로점,4.9,서울특별시 종로구 관철동 13-9 1층,ol**님,5.0,2022년 3월 10일,"깜빡하고 먹다가 시켰네요 ㅎㅎ
너무 맛있어서 맵찔이도 울면서 끝까지 먹는 자담치킨!!!!!!! 추천추천추천!"
57,자담치킨-종로점,4.9,서울특별시 종로구 관철동 13-9 1층,rh**님,5.0,2022년 3월 9일,"요청사항도 잘들어주시고
치킨도 너무 맛있습니다!!"
58,자담치킨-종로점,4.9,서울특별시 종로구 관철동 13-9 1층,kj**님,5.0,2022년 3월 9일,배달도 빠르고 맛나요
59,자담치킨-종로점,4.9,서울특별시 종로구 관철동 13-9 1층,gh**님,5.0,2022년 3월 9일,오늘은 좀 아쉬운게 치즈볼에 있는 설탕이 다 새어나왔는지 치킨박스와 포장봉투에 다 설탕이 묻어있는바람에 치우느라 고생했네요.. 그래도 맛과 양은 푸짐합니다
60,자담치킨-종로점,4.9,서울특별시 종로구 관철동 13-9 1층,gh**님,5.0,2022년 3월 9일,항상 시켜먹는곳인데 짱입니다
61,자담치킨-종로점,4.9,서울특별시 종로구 관철동 13-9 1층,nj**님,5.0,2022년 3월 6일,배달도 빠르고 양도 많아요! 그리구 맛있습니다!
62,자담치킨-종로점,4.9,서울특별시 종로구 관철동 13-9 1층,gk**님,5.0,2022년 3월 6일,맛있습니다!!
63,자담치킨-종로점,4.9,서울특별시 종로구 관철동 13-9 1층,hi**님,5.0,2022년 3월 4일,감사합니다. ^0^
64,자담치킨-종로점,4.9,서울특별시 종로구 관철동 13-9 1층,db**님,5.0,2022년 3월 4일,와여기진짜 인정합니다 서비스도 좋고 맛도 좋고 튀김도 얇고 바삭하게 잘튀기셔서 다른 자담치킨점들보다 더 맛있었어요 정성이느껴져서 다음에또시켜먹을것같습니다 감사합니다
65,자담치킨-종로점,4.9,서울특별시 종로구 관철동 13-9 1층,wo**님,5.0,2022년 3월 2일,배달도 빠르고 음식도 맛있게 먹었습니다
66,자담치킨-종로점,4.9,서울특별시 종로구 관철동 13-9 1층,xi**님,5.0,2022년 3월 2일,따듯한 치킨 맛있게 먹었어요
67,자담치킨-종로점,4.9,서울특별시 종로구 관철동 13-9 1층,dh**님,5.0,2022년 3월 1일,오 맛있었어요~ 굿!
68,자담치킨-종로점,4.9,서울특별시 종로구 관철동 13-9 1층,ta**님,4.333333333333333,2022년 3월 1일,"맛있고 양도 많고 다 좋았는데
쫌 식어서 왔네요;; 식어도 맛있긴했습니다.
카X에 배달출발이 21분에 했다고 날라오더만...
택시타고 4분거리인데 배달은 50분넘어서 왔어요
그래서 쫌 식었는지 그런생각도 드네요"
69,자담치킨-종로점,4.9,서울특별시 종로구 관철동 13-9 1층,ck**님,5.0,2022년 2월 28일,"너무늦게 리뷰올렸네요
뜨끈하게 보내주셔서 맛나게 먹었습니다~ 
이번에는 가슴퍽살이 꽤 많았네요ㅠㅠ
양념은 역시 최고의맛"
70,자담치킨-종로점,4.9,서울특별시 종로구 관철동 13-9 1층,ju**님,5.0,2022년 2월 27일,남편이 맵슐랭을 너무 좋아해요 ~ 저녁에 먹고 양이 너무 많이 아침에도 먹었네요
71,자담치킨-종로점,4.9,서울특별시 종로구 관철동 13-9 1층,wk**님,5.0,2022년 2월 27일,처음 먹어보는데 추천하는 이유가 있네요
72,자담치킨-종로점,4.9,서울특별시 종로구 관철동 13-9 1층,de**님,4.666666666666667,2022년 2월 27일,"배달은 원래 시간보다 30분정도 일찍 오셔서 빨리 먹을 수 있었어요. 자담치킨 처음 먹어봤는데 튀김 마음에 들어요. 

다 좋았지만 하나 아쉬웠던 건 너무 맵네요🥲🥲 캡사이신 매운맛같아서 위 튼튼한 분들만 드셔야 될 것 같아요ㅠ 그래도 서비스 감튀와 치즈볼 과자들까지 야무지게 먹었습니다! 덕분에 좋은 시간 보내고 있어요. 다음엔 기본으로 주문해야겠어요. 번창하세요  ◡̈"
73,자담치킨-종로점,4.9,서울특별시 종로구 관철동 13-9 1층,mm**님,5.0,2022년 2월 25일,잘먹었어요!!! 치즈볼에 맵슐랭 소스 찍어먹으니까 너무 맛있었어요 😭 간식까지 챙겨주셔서 감사합니닷
74,자담치킨-종로점,4.9,서울특별시 종로구 관철동 13-9 1층,pj**님,5.0,2022년 2월 22일,항상 맛있는 자담!!!!! 튀김도 바삭 양념도 단짠맵 고기도 부드럽고 냄새안나고 정말정말 맛있어요!!
75,자담치킨-종로점,4.9,서울특별시 종로구 관철동 13-9 1층,mi**님,5.0,2022년 2월 22일,너무 맛있고 양도 많아요!!!
76,자담치킨-종로점,4.9,서울특별시 종로구 관철동 13-9 1층,we**님,5.0,2022년 2월 22일,맛있어요 다음에도 주문할게요
77,자담치킨-종로점,4.9,서울특별시 종로구 관철동 13-9 1층,ch**님,5.0,2022년 2월 22일,조금 매웠는데 맛있게 먹었어요 편지도 보내주셨는데 글씨 너무 잘쓰시네요ㅎㅎ
78,자담치킨-종로점,4.9,서울특별시 종로구 관철동 13-9 1층,ya**님,5.0,2022년 2월 22일,리뷰가 늦어 죄송합니다. 맛있게 잘 먹었습니다^^
79,자담치킨-종로점,4.9,서울특별시 종로구 관철동 13-9 1층,xi**님,4.333333333333333,2022년 2월 22일,"치킨 맛있게 먹었어요 
감자튀김 맛있어요"
80,자담치킨-종로점,4.9,서울특별시 종로구 관철동 13-9 1층,le**님,5.0,2022년 2월 20일,양도 많고 맛있어요
81,자담치킨-종로점,4.9,서울특별시 종로구 관철동 13-9 1층,mj**님,5.0,2022년 2월 20일,"치킨 고기랑 튀김이 깔끔하고 맛있고 양도 많아요!!
배달도 60분 예상이었는데 30분만에 왔어요"
82,자담치킨-종로점,4.9,서울특별시 종로구 관철동 13-9 1층,dk**님,5.0,2022년 2월 20일,맛있게 잘먹었습니다!
83,자담치킨-종로점,4.9,서울특별시 종로구 관철동 13-9 1층,hs**님,5.0,2022년 2월 20일,자담치킨 첫 주문 해봤는데 양념소스가 엄청 제 스타일대로 맛있네요 잘 먹었습니다~
84,자담치킨-종로점,4.9,서울특별시 종로구 관철동 13-9 1층,se**님,5.0,2022년 2월 20일,넘나 맛잇어용 배달비만 좀 아쉽
85,자담치킨-종로점,4.9,서울특별시 종로구 관철동 13-9 1층,um**님,5.0,2022년 2월 20일,너무 맛있어요!^^~
86,자담치킨-종로점,4.9,서울특별시 종로구 관철동 13-9 1층,au**님,5.0,2022년 2월 20일,오 처음 먹어보는데 서비스랑 양 맛 다 너무 좋네요ㅠㅠ최공
87,자담치킨-종로점,4.9,서울특별시 종로구 관철동 13-9 1층,le**님,5.0,2022년 2월 20일,자담은 맵슐랭이 젤 맛있어요
88,자담치킨-종로점,4.9,서울특별시 종로구 관철동 13-9 1층,wl**님,5.0,2022년 2월 19일,지난번에 너무 맛있게 먹어서 또 시켰는데 오늘은 좀 식어서 아쉬웠지만 잘 먹었습니다^^
89,자담치킨-종로점,4.9,서울특별시 종로구 관철동 13-9 1층,gu**님,5.0,2022년 2월 19일,"봉지 밑에 핫팩붙여주신 센스에 감동합니다,, 치즈볼 잘먹었습니다ㅎㅎ"
90,자담치킨-종로점,4.9,서울특별시 종로구 관철동 13-9 1층,sk**님,5.0,2022년 2월 19일,너무 맛있습니다 ㅎㅎㅎ
91,자담치킨-종로점,4.9,서울특별시 종로구 관철동 13-9 1층,pu**님,5.0,2022년 2월 19일,아이도 정말 잘 먹었어요~ 양념은 생각보다 매워서 못먹였지만 저희 부부는 맛나게 먹었어요~
92,자담치킨-종로점,4.9,서울특별시 종로구 관철동 13-9 1층,lo**님,5.0,2022년 2월 19일,"오늘 잠깐 눈와서 여유있게 기다리고있었는데 배달이 빨리 도착했어요~👍🏻
제 최애치킨 맵슐랭!!!
언제먹어도 맛있습니다~~~^^!"
93,자담치킨-종로점,4.9,서울특별시 종로구 관철동 13-9 1층,an**님,5.0,2022년 2월 19일,맛있어요 자담은 역시 순살
94,자담치킨-종로점,4.9,서울특별시 종로구 관철동 13-9 1층,on**님,5.0,2022년 2월 19일,"리뷰이벤트도 못적었는데 챙겨주셔서 너무 친절해요!
여러가지 시켰는데 다맛있네요!!! 번창하세요~!!!"
95,자담치킨-종로점,4.9,서울특별시 종로구 관철동 13-9 1층,ja**님,5.0,2022년 2월 19일,튀김옷은 바삭하고 속은 촉촉해서 정말 맛있게 먹었어요! 서비스로 주신 치즈볼도 너무 맛있네요~ 감사히 잘 먹었습니다 :)
96,자담치킨-종로점,4.9,서울특별시 종로구 관철동 13-9 1층,xi**님,5.0,2022년 2월 19일,"뜨거운 치킨 맛있게 먹었어요 
매장에서 먹는  듯 해요"
97,자담치킨-종로점,4.9,서울특별시 종로구 관철동 13-9 1층,c3**님,5.0,2022년 2월 19일,양이너무너무너무많아
98,자담치킨-종로점,4.9,서울특별시 종로구 관철동 13-9 1층,ks**님,5.0,2022년 2월 18일,입맛이 도는것이! 왕이 될 상이십니다.!
99,자담치킨-종로점,4.9,서울특별시 종로구 관철동 13-9 1층,ml**님,5.0,2022년 2월 18일,"아유 말해 뭐해요. 너무 맛있어요!!
치즈볼도 고소고소 맛있어요."
100,자담치킨-종로점,4.9,서울특별시 종로구 관철동 13-9 1층,iw**님,5.0,2022년 2월 18일,조금  맵긴한데 맛있어요ㅎㅎ
101,자담치킨-종로점,4.9,서울특별시 종로구 관철동 13-9 1층,sa**님,5.0,2022년 2월 18일,"빠른 배달과 바삭한 튀김 상태!
맛있게 잘 먹었습니다.ㅎㅎ"
102,자담치킨-종로점,4.9,서울특별시 종로구 관철동 13-9 1층,po**님,5.0,2022년 2월 18일,맵슐랭 처음인데 맛있게 매워요:)
103,자담치킨-종로점,4.9,서울특별시 종로구 관철동 13-9 1층,sd**님,5.0,2022년 2월 18일,존맛탱이요!!!!!
104,자담치킨-종로점,4.9,서울특별시 종로구 관철동 13-9 1층,sh**님,5.0,2022년 2월 18일,맛도 양도 완전 최고고 서비스도 생각지도 못했는데 완전 든든하게 챙겨주셔서 기분 좋게 먹었어요~
105,자담치킨-종로점,4.9,서울특별시 종로구 관철동 13-9 1층,ba**님,4.333333333333333,2022년 2월 17일,너무 맛나네요 번창하세요. 치즈볼도 감사합니다.
106,자담치킨-종로점,4.9,서울특별시 종로구 관철동 13-9 1층,po**님,5.0,2022년 2월 17일,처음으로 자담치킨에서 시켜 봅니다. 게다가 양념치킨은 어디서 먹든 먹다 보면 질려서 잘 안 먹게 되는데요. 자담치킨의 양념치킨은 쉽게 질리지 않고 맛있습니다. 치킨 소스 자체가 맛있네요. 치즈볼도 맛집이라고 생각이 들 정도로 맛있었습니다. 배달까지 예상시간 한 시간 걸릴 거라 생각했는데 반도 안 걸려서 좋았습니다.
107,자담치킨-종로점,4.9,서울특별시 종로구 관철동 13-9 1층,ks**님,5.0,2022년 2월 17일,맛도있고 배달도 빠릅니다 잘먹었습니다!
108,자담치킨-종로점,4.9,서울특별시 종로구 관철동 13-9 1층,bh**님,5.0,2022년 2월 17일,자담치킨 처음 먹어봤는데 맛있네요! 배달도 빨리와주셔서 따뜻하게 잘 먹었습니다 :)
109,자담치킨-종로점,4.9,서울특별시 종로구 관철동 13-9 1층,ae**님,5.0,2022년 2월 17일,다른 어플보다 더 좋앗어요 ㅠㅠ
110,자담치킨-종로점,4.9,서울특별시 종로구 관철동 13-9 1층,91**님,5.0,2022년 2월 17일,맛있게 잘 먹었습니다.
111,자담치킨-종로점,4.9,서울특별시 종로구 관철동 13-9 1층,en**님,4.333333333333333,2022년 2월 17일,"담백하고 맛있어요!

서비스도 주셨네요ㅎㅎ

감사합니다~!"
112,자담치킨-종로점,4.9,서울특별시 종로구 관철동 13-9 1층,li**님,5.0,2022년 2월 17일,반반 정말 맛있어용 강추 ! 닭이 좋아서 후라이드도 맛있구요 치즈볼도 잘 먹었습니다 ^^
113,자담치킨-종로점,4.9,서울특별시 종로구 관철동 13-9 1층,do**님,5.0,2022년 2월 16일,"까먹어서 이제쓰네요
잘먹었습니다 배터지는줄.."
114,자담치킨-종로점,4.9,서울특별시 종로구 관철동 13-9 1층,bu**님,5.0,2022년 2월 16일,종로점은 늘 정성이느껴져요ㅎㅎ 배달비가 넘 높아서 자주시켜먹진 못하지만 먹을때마다 늘 맛은 물론 서비스까지 훌륭합니다ㅎㅎ 생일이었는데 넘 맛있게 잘먹었어요
115,자담치킨-종로점,4.9,서울특별시 종로구 관철동 13-9 1층,xi**님,5.0,2022년 2월 16일,"따듯한 치킨 맛있게 먹었어요 
감자튀김 맛있어요 
치즈볼 맛있어요"
116,자담치킨-종로점,4.9,서울특별시 종로구 관철동 13-9 1층,ct**님,5.0,2022년 2월 16일,정말 닭이 부드럽고 양념도 골고루 발라져있어서 좋았습니다!
117,자담치킨-종로점,4.9,서울특별시 종로구 관철동 13-9 1층,jd**님,5.0,2022년 2월 15일,손글씨 너무 귀여워요ㅎㅎ 잘 먹었습니다아
118,자담치킨-종로점,4.9,서울특별시 종로구 관철동 13-9 1층,lj**님,5.0,2022년 2월 15일,"불패치킨을 먹어보았는데요. 정말 맛있게 매운치킨입니다.
블랙페퍼로 알싸하게 매운맛이 인상적이면서 사장님의 과자서비스도 받았을때 기분이 좋았네요 감사해요."
119,자담치킨-종로점,4.9,서울특별시 종로구 관철동 13-9 1층,ha**님,5.0,2022년 2월 15일,자담 첨먹어보는데 너무 맛있네요~ 그냥 맵슐랭은 못먹을거같고 마일드맵슐랭 딱좋고 맛있습니당~!
120,자담치킨-종로점,4.9,서울특별시 종로구 관철동 13-9 1층,zx**님,5.0,2022년 2월 15일,"완전 맛나요
떡볶이는 처음이엇는데 맛나구
우유튀김 듣던대로 완전 맛나요! 추천해요!!"
121,자담치킨-종로점,4.9,서울특별시 종로구 관철동 13-9 1층,bo**님,5.0,2022년 2월 15일,여자친구가 자가격리해서 시켜줬는데 정말 맛있다고합니다 ㅠㅠ 감사합니다. 양도 많아서 다 못먹고 나중에 같이 먹자네요 ㅋㅋ 편지도 너무 감동이에요 ~~~ 사장님도 올해 힘내세요~~!!
122,자담치킨-종로점,4.9,서울특별시 종로구 관철동 13-9 1층,gr**님,5.0,2022년 2월 15일,"사장님 저 자담치킨 처음먹어보는데 너무 맛있어요 
낮이라서 배달도 빨랐구요
서비스주신 치즈볼도 귀염뽕짝 맛있어요
닭다리살만 있고, 양도 넉넉합니다

저 맵찔이인데.. 매운게 먹어보고싶어서 시켰다가
매워매워를 연발하고 있어요
그래도 매운염지에 마요소스 듬뿍 찍어 먹으니 좀 살 것 같아요
다음엔 후라이드 먹어보고싶네요 ㅎㅎ"
123,자담치킨-종로점,4.9,서울특별시 종로구 관철동 13-9 1층,ji**님,5.0,2022년 2월 15일,생각보다 빨리왔고 역시 자담 짱맛입니당
124,자담치킨-종로점,4.9,서울특별시 종로구 관철동 13-9 1층,so**님,5.0,2022년 2월 15일,너무 맛있게 먹었습니다🤗
125,자담치킨-종로점,4.9,서울특별시 종로구 관철동 13-9 1층,yu**님,5.0,2022년 2월 15일,자담 요새 제 최애치킨ㅎㅎㅎ
126,자담치킨-종로점,4.9,서울특별시 종로구 관철동 13-9 1층,bu**님,5.0,2022년 2월 14일,이 가게때문에 4키로 쪗습니다 ㅡㅡ
127,자담치킨-종로점,4.9,서울특별시 종로구 관철동 13-9 1층,ex**님,5.0,2022년 2월 14일,맛있게 잘 먹었어요.
128,자담치킨-종로점,4.9,서울특별시 종로구 관철동 13-9 1층,gu**님,4.333333333333333,2022년 2월 14일,맛잇는데 모손 맛인지 오묘해욤 치즈볼 잘 모곳오용
129,자담치킨-종로점,4.9,서울특별시 종로구 관철동 13-9 1층,wi**님,5.0,2022년 2월 14일,감사히 잘 먹었습니다.
130,자담치킨-종로점,4.9,서울특별시 종로구 관철동 13-9 1층,wl**님,5.0,2022년 2월 14일,배달도 예상시간보다 빠르고 치킨 감자튀김 치즈볼 모두 맛있어요!
131,자담치킨-종로점,4.9,서울특별시 종로구 관철동 13-9 1층,ma**님,5.0,2022년 2월 14일,맛있게 잘먹었습니다
132,자담치킨-종로점,4.9,서울특별시 종로구 관철동 13-9 1층,ji**님,5.0,2022년 2월 13일,생각보다 매웟지만 맛잇게 잘 먹었어요! 치즈볼 덕분에 견뎌낼수잇었어요. 매운데 맛있고 중독성잇어요
133,자담치킨-종로점,4.9,서울특별시 종로구 관철동 13-9 1층,ki**님,5.0,2022년 2월 10일,잘먹었습니다 사장님!
134,자담치킨-종로점,4.9,서울특별시 종로구 관철동 13-9 1층,bu**님,5.0,2022년 2월 8일,벌써 4번째 시켜먹고 있는 집
135,자담치킨-종로점,4.9,서울특별시 종로구 관철동 13-9 1층,li**님,5.0,2022년 2월 8일,"자담 종로점 정말 맛있네요 !
항상 맛있게 만들어주세요"
136,자담치킨-종로점,4.9,서울특별시 종로구 관철동 13-9 1층,se**님,5.0,2022년 2월 7일,역시 자담치킨은 순살도 퍽퍽한 거 없이 맛있네요! 불패치킨 매콤해서 우유튀김도 같이 주문했는데 우유튀김 맛집이네요 ㅎㅎ 서비스 과자도 잘 먹었습니다!
137,자담치킨-종로점,4.9,서울특별시 종로구 관철동 13-9 1층,no**님,5.0,2022년 2월 7일,"아 진짜 존맛탱❤ 맛있는 음식 감사합니다!
다음에 또 주문흘게용~~~~"
138,자담치킨-종로점,4.9,서울특별시 종로구 관철동 13-9 1층,ma**님,5.0,2022년 2월 3일,처음시켜봤는데  맛있네요 ^-^ 굿굿
139,자담치킨-종로점,4.9,서울특별시 종로구 관철동 13-9 1층,ma**님,5.0,2022년 2월 2일,너무너무 잘먹었습니다👍👍 새해복 많이받으세요~
140,자담치킨-종로점,4.9,서울특별시 종로구 관철동 13-9 1층,ko**님,5.0,2022년 2월 1일,"감자 듬뿍 감사합니다~ㅎㅎ
덕분에 포치포치 잘했습니다.
맥주랑도 어울리는 궁합 꿋! 😆👍"
141,자담치킨-종로점,4.9,서울특별시 종로구 관철동 13-9 1층,yo**님,5.0,2022년 2월 1일,느끼하지도 않고 맛있어요
142,자담치킨-종로점,4.9,서울특별시 종로구 관철동 13-9 1층,cj**님,5.0,2022년 1월 31일,사장님 친절하시고 치킨도 정말 맛있어요~! 추천합니다 ^^
143,자담치킨-종로점,4.9,서울특별시 종로구 관철동 13-9 1층,ra**님,5.0,2022년 1월 30일,자담치킨이 은근 한 번씩 생각나더라고요. 맛있게 잘 먹었습니다 :)
144,자담치킨-종로점,4.9,서울특별시 종로구 관철동 13-9 1층,jh**님,5.0,2022년 1월 30일,존맛탱이다
145,자담치킨-종로점,4.9,서울특별시 종로구 관철동 13-9 1층,gk**님,5.0,2022년 1월 25일,자담치킨 처음 먹었는데 넘 맛있어요!!!!! 매운 맛있는맛🤤🤤 순살로 잘 시킨거같아요
146,자담치킨-종로점,4.9,서울특별시 종로구 관철동 13-9 1층,lu**님,5.0,2022년 1월 24일,치즈볼 넘 맛있네요.. 맵슐랭이야 늘 믿고 먹구요
147,자담치킨-종로점,4.9,서울특별시 종로구 관철동 13-9 1층,an**님,5.0,2022년 1월 23일,"치킨을 친구가찍었는데 제가찍은줄알고 사진달라기귀찮아서 오징어만올렸어요!!  
일단전고기를 못먹지만 친구가 개인적으로 먹어보고싶다한치킨을 시켰어요 반반으로 한마리를 혼자 챱챱하고잘먹네요 그래서물어봤죠 맛있니?
매콤한게 양념치킨의 질리는 맛과다르게 계속손이가는 맛 한마디로 맛있다고하네요 
아사장님 오징어는 잘라서튀겨주셔야될것같아요 
몸통속에 반죽이들어간게 안익어서 저는 빼고먹었는데 아님 더빠짝익혀서 주셔야할듯싶어용
그거말고는 맛있게먹었습니다 😄 쌩유"
148,자담치킨-종로점,4.9,서울특별시 종로구 관철동 13-9 1층,ju**님,5.0,2022년 1월 23일,마일드도 맵찔이한텐 살짝 맵긴한데 역시 맛있어요! 후라이드도 맛있어요! 사진은 깜빡했네요ㅠㅠ
149,자담치킨-종로점,4.9,서울특별시 종로구 관철동 13-9 1층,en**님,5.0,2022년 1월 23일,"역시 치킨은 여기가 가장 맛있어요..!

서비스도 만점이라 치킨은 여기서만 시키게 되겠네요ㅎㅎ"
150,자담치킨-종로점,4.9,서울특별시 종로구 관철동 13-9 1층,jy**님,5.0,2022년 1월 22일,배달도빠르고 맛있어용><
151,자담치킨-종로점,4.9,서울특별시 종로구 관철동 13-9 1층,kh**님,5.0,2022년 1월 22일,감자튀김까지 좋았습니다
152,자담치킨-종로점,4.9,서울특별시 종로구 관철동 13-9 1층,ho**님,5.0,2022년 1월 22일,맛있게 잘 먹었습니다!
153,자담치킨-종로점,4.9,서울특별시 종로구 관철동 13-9 1층,so**님,4.666666666666667,2022년 1월 21일,잘 먹었습니당 재구매항게우~
154,자담치킨-종로점,4.9,서울특별시 종로구 관철동 13-9 1층,co**님,5.0,2022년 1월 21일,순살에 다리살만있어서 더맛있어요
155,자담치킨-종로점,4.9,서울특별시 종로구 관철동 13-9 1층,rl**님,5.0,2022년 1월 20일,순살치킨은 먹어본 치킨집중 제일 맛있네요! 잘먹었습니다ㅎㅎ
156,자담치킨-종로점,4.9,서울특별시 종로구 관철동 13-9 1층,ch**님,5.0,2022년 1월 20일,잘먹었습니다~~~~
157,자담치킨-종로점,4.9,서울특별시 종로구 관철동 13-9 1층,ce**님,5.0,2022년 1월 20일,"자담치킨 처음먹어봤는데 후회스럽네요…
이 맛있는걸 왜 아직까지 안먹어봤나
후회했어요…"
158,자담치킨-종로점,4.9,서울특별시 종로구 관철동 13-9 1층,ty**님,5.0,2022년 1월 19일,치킨 식지 말라고 팩 붙이신 거 엄청 귀여우시네요 ㅋㅋㅋ
159,자담치킨-종로점,4.9,서울특별시 종로구 관철동 13-9 1층,ye**님,5.0,2022년 1월 19일,항상 맛있게 먹고 있습니다
160,자담치킨-종로점,4.9,서울특별시 종로구 관철동 13-9 1층,oh**님,5.0,2022년 1월 19일,"눈이많이 왔는데 예상시간보다30분이나 먼저 가져다 주시고
처음 먹어보는 자담치킨인데 너무 맛있습니다 
서비스도 주셔서 감사합니다. 
가게 번창하시고 코로나 이겨내세요~ 하뚜"
161,자담치킨-종로점,4.9,서울특별시 종로구 관철동 13-9 1층,so**님,5.0,2022년 1월 19일,"핫팩까지 밑에 붙여주셔서 따뜻하게 먹었네요.
맛있었어요!"
162,자담치킨-종로점,4.9,서울특별시 종로구 관철동 13-9 1층,jo**님,5.0,2022년 1월 18일,좋네요 맛도 있고요
163,자담치킨-종로점,4.9,서울특별시 종로구 관철동 13-9 1층,ta**님,5.0,2022년 1월 18일,가격이 세지만 국내산 닭다리살은 언제나 최고에요. 청양고추라서 은은하게 계속 매워요.ㅋ
164,자담치킨-종로점,4.9,서울특별시 종로구 관철동 13-9 1층,ko**님,5.0,2022년 1월 17일,"서비스 감사합니다.
지인이 와서 바로 자담치킨 추천하고 순반 핫순반 두 마리로 시켰습니다. 사이다를 깜빡하고 안 시켰는데 서비스로 해주시다니 감동 그 자체입니다~ ㅎㅎ
자담은 언제나 굳입니다. 👍"
165,자담치킨-종로점,4.9,서울특별시 종로구 관철동 13-9 1층,yu**님,5.0,2022년 1월 14일,진짜 자담은 믿고먹습니다..
166,자담치킨-종로점,4.9,서울특별시 종로구 관철동 13-9 1층,ko**님,5.0,2022년 1월 13일,"자담은 한 번 먹고 두 번 먹고 계속 먹으면 먹을수록 
담에는 더 좋은 서비스와 맛으로서 요리되어 온다네~

요즘 다시 치킨홀릭으로 흠뻑 빠지게 만든 자담!
자다가도 벌떡 자담! 다시 눕다가도 자담생각..
음~ 자담자담! 내 최애치킨! 내 최고의 치킨!
언제나 최고의 맛과 서비스..
여러분 자담치킨은 사랑이랍니다~ㅎ

서비스로 주신 동글동글이 맛있게 잘 먹었습니다~ㅎ 치킨무도 정말 맛있었는데 적당히 새콤한 것이 정말 입 맛에 딱 맞았습니다. ㅎㅎ"
167,자담치킨-종로점,4.9,서울특별시 종로구 관철동 13-9 1층,ne**님,5.0,2022년 1월 10일,오우 엄청매워요 매운데 맛잇어요
168,자담치킨-종로점,4.9,서울특별시 종로구 관철동 13-9 1층,ko**님,5.0,2022년 1월 9일,"믿먹자담쓰!! 언제나 실망시키지 않는 그 맛! 👍 
믿먹또먹 짜담!!"
169,자담치킨-종로점,4.9,서울특별시 종로구 관철동 13-9 1층,ch**님,5.0,2022년 1월 4일,"요즘 자담치킨 너무 좋네요
순살이 부드럽고 맛나요!"
170,자담치킨-종로점,4.9,서울특별시 종로구 관철동 13-9 1층,sh**님,5.0,2022년 1월 4일,자담 순살은 진리입니다
171,자담치킨-종로점,4.9,서울특별시 종로구 관철동 13-9 1층,dl**님,5.0,2022년 1월 2일,배달빨리오셔서 좋았어요! 떡볶이는 다른 곳입니당
172,자담치킨-종로점,4.9,서울특별시 종로구 관철동 13-9 1층,ko**님,5.0,2022년 1월 2일,바로 먹어도 맛있고 식어도 닭강정 맛이나서 맛있는 것 같습니다.
173,자담치킨-종로점,4.9,서울특별시 종로구 관철동 13-9 1층,ko**님,5.0,2022년 1월 2일,언제나 맛있는 자연을 담은치킨 자담!
174,자담치킨-종로점,4.9,서울특별시 종로구 관철동 13-9 1층,hj**님,5.0,2021년 12월 31일,맛있게 잘 먹었습니다.
175,자담치킨-종로점,4.9,서울특별시 종로구 관철동 13-9 1층,ma**님,5.0,2021년 12월 31일,맛있게 먹었습니다용
176,자담치킨-종로점,4.9,서울특별시 종로구 관철동 13-9 1층,tn**님,4.666666666666667,2021년 12월 30일,조금 차갑게 왔지만 크리스마스여서 이해해야될것같아요 그래도 맛있게먹었어요! 자담 처음 먹어봤는데 자주 먹어야겠어요~
177,자담치킨-종로점,4.9,서울특별시 종로구 관철동 13-9 1층,zo**님,5.0,2021년 12월 28일,위생장갑 요청드렸는데 안들어있어서 아쉬웠습니다 맛은 좋았습니다!
178,자담치킨-종로점,4.9,서울특별시 종로구 관철동 13-9 1층,ds**님,5.0,2021년 12월 27일,"주말이라그런지 배달은 좀 오래걸렸구, 
맛있음. 매운맛양념을 시킬려했는데, 
메뉴에 안보여서 맵소이 시켰는데 맵소이가 간장치킨이었네요."
179,자담치킨-종로점,4.9,서울특별시 종로구 관철동 13-9 1층,ko**님,5.0,2021년 12월 26일,자담 순살반반 역시 굳!!
180,자담치킨-종로점,4.9,서울특별시 종로구 관철동 13-9 1층,go**님,5.0,2021년 12월 26일,맵슐랭 맛있네요!! 과자 후식까지 굿
181,자담치킨-종로점,4.9,서울특별시 종로구 관철동 13-9 1층,dw**님,4.333333333333333,2021년 12월 26일,맛있게 잘 먹었습니다. 🐽
182,자담치킨-종로점,4.9,서울특별시 종로구 관철동 13-9 1층,zb**님,5.0,2021년 12월 26일,맛있고 양도 적당했는데 튀김옷이 좀 까만게 몇 개 있었어요
183,자담치킨-종로점,4.9,서울특별시 종로구 관철동 13-9 1층,wj**님,5.0,2021년 12월 25일,"사장님 마음 따뜻한 편지 잘 받았습니당 행복한 연말되시고 내년에도 대박나세요 

너무 맛있고 맛있어서 정신 못차린 크리스마스 였습니다"
184,자담치킨-종로점,4.9,서울특별시 종로구 관철동 13-9 1층,wm**님,5.0,2021년 12월 25일,"라이더분 때문에 기분이 몹시 좋지 않았지만
손메모도 감사했고 무엇보다 치킨이 너무 맛있어서 금방 이자부렀어유유 ㅎㅎㅎ 잘먹었습니다!!!"
185,자담치킨-종로점,4.9,서울특별시 종로구 관철동 13-9 1층,kj**님,5.0,2021년 12월 24일,"맛나요~~!!
친절해요"
186,자담치킨-종로점,4.9,서울특별시 종로구 관철동 13-9 1층,ci**님,5.0,2021년 12월 24일,예쁘게보내주셔서 감사해요 잘먹었습니다♥
187,자담치킨-종로점,4.9,서울특별시 종로구 관철동 13-9 1층,ds**님,5.0,2021년 12월 24일,"배달너무빨리와서 다른집서 시킨건줄알고 벌써온건 아니겠지하고 받으러 안나가고있었음.

핫후라이드 완전바싹탄거  좋아

떡볶이도 생각보다 맛있었음.

마지막으로 소금주는 치킨집이 젤좋음'"
188,자담치킨-종로점,4.9,서울특별시 종로구 관철동 13-9 1층,im**님,5.0,2021년 12월 23일,"정성껏 직접쓴메모 잘받고 챙겨주신 과자도 잘먹었습니다.
치킨도 다먹었어요 번창하세요."
189,자담치킨-종로점,4.9,서울특별시 종로구 관철동 13-9 1층,gh**님,5.0,2021년 12월 23일,오늘도 시켜먹었어요 ㅎㅎ 맛있어요 치킨 뜨시라구 핫팩같이넣어주시는 센스와 귤 잘먹었습니다!!~
190,자담치킨-종로점,4.9,서울특별시 종로구 관철동 13-9 1층,zw**님,5.0,2021년 12월 22일,"요새 치킨은 자담밖에 안시켜먹는거 같아요ㅋㅋㅋ
양념치킨 너무너무 맛있어요!
감튀도 바삭하니 존맛!!"
191,자담치킨-종로점,4.9,서울특별시 종로구 관철동 13-9 1층,zw**님,4.666666666666667,2021년 12월 22일,"맴찔이에엔 매운맛입니다ㅠㅠ
뭔가 강렬하게 맵네여ㅠㅠ
그래도 바삭하면서 부드러운 다리살이 맛있습니다"
192,자담치킨-종로점,4.9,서울특별시 종로구 관철동 13-9 1층,wi**님,5.0,2021년 12월 22일,감사히 잘 먹었습니다.
193,자담치킨-종로점,4.9,서울특별시 종로구 관철동 13-9 1층,hy**님,1.6666666666666667,2021년 12월 22일,음..치킨에 기본 간을 안하시나요...?정말 아무 맛이 안나요. 치킨 시켜서 한마리 다먹는 사람인데 네조각 먹고 내려놨습니다. 그리고 배달 왔으면 최소한 초인동은 눌러주셔야죠 문자만 띡 보내놓으면 어떻게 압니까. 그리고 제가 연락 주실일 있으면 다른 번호로 달라고까지 남겼는데..에휴 자담치킨 다른건 괜찮았던거같은데 그냥 후라이드랑 앙념은 영 아니네요
194,자담치킨-종로점,4.9,서울특별시 종로구 관철동 13-9 1층,   손님,4.666666666666667,2021년 12월 22일,"이런 곳 처음.
배달 음식 늦는다고 전화도 받았었는데 늦어서 서비스였을까요?
원래 이렇게 친절한 매장일까요.
친절에 일단 감동. 감사합니다.(꾸벅)
마늘 치킨은 초등 아이들과 식어서 먹었던 저에겐 그닥...
다음에는 인기 메뉴를 시켜보려고합니다.
배달 시간을 메모란에 기재하고 두어시간 전에 주문해도 될까요?"
195,자담치킨-종로점,4.9,서울특별시 종로구 관철동 13-9 1층,no**님,5.0,2021년 12월 22일,배달 완전 빠르고 스리라차 소스 맛잇어요 ㅎㅎㅎ
196,자담치킨-종로점,4.9,서울특별시 종로구 관철동 13-9 1층,zo**님,5.0,2021년 12월 22일,"정말 잘먹었습니다.
앞으로도 주문 할거 같아요
서비스도 감사했습니다"
197,자담치킨-종로점,4.9,서울특별시 종로구 관철동 13-9 1층,no**님,5.0,2021년 12월 21일,"와 자담치킨 맛있네요...
양 많은 비비큐 같아요!
진짜 강추강추 담엔 다른 메뉴도 먹어봐야겠네요."
198,자담치킨-종로점,4.9,서울특별시 종로구 관철동 13-9 1층,go**님,3.6666666666666665,2021년 12월 20일,어우 느끼해요  껍질 뿐이 아니라 기름이나 오래되느낌??  오래돼서 기름이 눌려진 닭  비추
199,자담치킨-종로점,4.9,서울특별시 종로구 관철동 13-9 1층,hk**님,5.0,2021년 12월 20일,바삭바삭맛잇게먹엇어요~~
200,자담치킨-종로점,4.9,서울특별시 종로구 관철동 13-9 1층,lj**님,3.6666666666666665,2021년 12월 19일,식기류가 없어 젓가락 꼭좀 부탁드렸는데 빠졌습니다. ㅜ
201,자담치킨-종로점,4.9,서울특별시 종로구 관철동 13-9 1층,   손님,5.0,2021년 12월 19일,맛있게 먹었습니다!
202,자담치킨-종로점,4.9,서울특별시 종로구 관철동 13-9 1층,th**님,2.3333333333333335,2021년 12월 19일,다른 자담치킨 가게에 비해서 순살이 좀 이상해요..
203,자담치킨-종로점,4.9,서울특별시 종로구 관철동 13-9 1층,zw**님,5.0,2021년 12월 19일,"치킨은 항상 자담치킨!!!
너무너무 맛있어요!
감튀도 완전 취저!"
204,자담치킨-종로점,4.9,서울특별시 종로구 관철동 13-9 1층,gh**님,5.0,2021년 12월 19일,자주 시켜먹는곳인데 역시나 맛은 최고네요 맛있어요!!
205,자담치킨-종로점,4.9,서울특별시 종로구 관철동 13-9 1층,li**님,5.0,2021년 12월 16일,맛있게 잘먹었습니다~ 센스있는 과자도 감사해요~
206,자담치킨-종로점,4.9,서울특별시 종로구 관철동 13-9 1층,bo**님,5.0,2021년 12월 14일,배달도 빠르고 맛있게 잘먹었습니다.
207,자담치킨-종로점,4.9,서울특별시 종로구 관철동 13-9 1층,mv**님,5.0,2021년 12월 14일,맛있게 잘 먹었습니다
208,자담치킨-종로점,4.9,서울특별시 종로구 관철동 13-9 1층,gh**님,4.333333333333333,2021년 12월 12일,배달이 1시간가량 걸리는것 빼고는 맛도있고 양도많고 다 괜찮네요.. 자담치킨 브랜드를 좋아해서 많이 시켜먹는데 배달시간쪽에 신경좀 써주세용
209,자담치킨-종로점,4.9,서울특별시 종로구 관철동 13-9 1층,x_**님,5.0,2021년 12월 8일,"떡볶이: 매콤 정도일줄 알았는데 매웠어요..
감자튀김: 조금 식어있었지만 맛있었어요. 약간 짜요
닭똥집: 말할 거 없이 너무 맛있었어요!!!"
210,자담치킨-종로점,4.9,서울특별시 종로구 관철동 13-9 1층,hy**님,5.0,2021년 12월 8일,맛있게 잘 먹었어요
211,자담치킨-종로점,4.9,서울특별시 종로구 관철동 13-9 1층,mv**님,5.0,2021년 12월 7일,"언제나 양도 많고 맛도 좋은데 서비스도 주시고.
감사히 잘 먹었습니다."
212,자담치킨-종로점,4.9,서울특별시 종로구 관철동 13-9 1층,vo**님,4.333333333333333,2021년 12월 2일,"배달 엄청 빨랐구요.
자담 처음인데 엄청 친절 하셨고 
왠지 모르게 너무 눅눅하게 왔어요 ㅜㅜ"
213,자담치킨-종로점,4.9,서울특별시 종로구 관철동 13-9 1층,kj**님,5.0,2021년 11월 26일,두 번 째 주문인데 맵슐랭 진짜 맛있어요~ 오리지날 짱짱맨 내일 배 아플까 걱정이지만 정말 맛있어서 멈출 수 없었어요. 쪽지와 과자에도 감동했어요! 배달도 30분은 빠르게 온 것 같아요. 다음에도 또 주문할게요~
214,자담치킨-종로점,4.9,서울특별시 종로구 관철동 13-9 1층,sh**님,5.0,2021년 11월 26일,배달도 빠르고 너무 맛있어요 ㅎ꙼̈ㅎ꙼̈ෆ 서비스도 감사합니다😋♥️
215,자담치킨-종로점,4.9,서울특별시 종로구 관철동 13-9 1층,ji**님,4.0,2021년 11월 25일,첨 먹어보는데 맛있네요
216,자담치킨-종로점,4.9,서울특별시 종로구 관철동 13-9 1층,ro**님,5.0,2021년 11월 22일,"너무 맛있게 잘먹었어요
사장님의 따뜻한 마음씨가 전해져서 기분 좋았습니다"
217,자담치킨-종로점,4.9,서울특별시 종로구 관철동 13-9 1층,ha**님,5.0,2021년 11월 21일,너무 맛있게 잘 먹었습니다. 떡볶이도 치킨도 넘 맛있었고 음식도 따듯하게 주셔서 감사히 잘 먹었습니다!
218,자담치킨-종로점,4.9,서울특별시 종로구 관철동 13-9 1층,kt**님,4.666666666666667,2021년 11월 19일,맛있게 잘 먹었어요~
219,자담치킨-종로점,4.9,서울특별시 종로구 관철동 13-9 1층,zo**님,5.0,2021년 11월 17일,"오늘도 역시 맛있었습니다만
오늘 조금 아쉬웠던게 목부분 튀김옷 부분이 너무 두껍고 덜익어서 조금 아쉬웠습니다
조금더 신경써주시면 더 좋을것 같습니다"
220,자담치킨-종로점,4.9,서울특별시 종로구 관철동 13-9 1층,zo**님,5.0,2021년 11월 15일,"맛있었습니다
닭 상태도 좋고
서비스도 감사합니다 번창하세요!"
221,자담치킨-종로점,4.9,서울특별시 종로구 관철동 13-9 1층,uc**님,5.0,2021년 11월 13일,맛있어요!~~~~~
222,자담치킨-종로점,4.9,서울특별시 종로구 관철동 13-9 1층,qm**님,5.0,2021년 11월 10일,"아 음식 받기 전까지는 아이폰 13프로 산기념으로 배달온고 사진찍어서 리뷰 해야지 생각했어씁니다만
음식 받고 나니깐 너무 배고파서 다 먹어치우고ㅠ나서 생각나서 사진이 없습니다.
맛있네요. 떡볶이 적을줄 알았는데 괜찮고 다 좋았습니다."
223,자담치킨-종로점,4.9,서울특별시 종로구 관철동 13-9 1층,no**님,5.0,2021년 11월 9일,맵슐랭 완전 맛있어요!!!
224,자담치킨-종로점,4.9,서울특별시 종로구 관철동 13-9 1층,mv**님,5.0,2021년 11월 9일,언제나 맛있고 양도 많아요
225,자담치킨-종로점,4.9,서울특별시 종로구 관철동 13-9 1층,ki**님,5.0,2021년 11월 7일,매콤하니 맛있어용!
226,자담치킨-종로점,4.9,서울특별시 종로구 관철동 13-9 1층,yo**님,5.0,2021년 11월 3일,요 근래에 먹은 치킨중에 제일 맛있었어요!
227,자담치킨-종로점,4.9,서울특별시 종로구 관철동 13-9 1층,as**님,5.0,2021년 10월 28일,맵슐랭 처음먹어봤는데 정말 맛있네욯ㅎ
228,자담치킨-종로점,4.9,서울특별시 종로구 관철동 13-9 1층,mv**님,5.0,2021년 10월 27일,언제나 배달 빠르고 맛있습니다
229,자담치킨-종로점,4.9,서울특별시 종로구 관철동 13-9 1층,mi**님,5.0,2021년 10월 23일,맛있게 잘먹었습니다!
230,자담치킨-종로점,4.9,서울특별시 종로구 관철동 13-9 1층,jw**님,5.0,2021년 10월 17일,호캉스하면서 먹었는데 존맛! 담엔 순살도 먹어볼게요~~
231,자담치킨-종로점,4.9,서울특별시 종로구 관철동 13-9 1층,go**님,2.3333333333333335,2021년 10월 16일,"임신한 아내가 먹고싶다해서 늦은시간 배달해주신건 감사한대 배달시간 늦었고 30분정도?지나서 먹었는데 
양념치킨에서 쉰맛나서 버렸어요 후라이드만 먹었어요"
232,자담치킨-종로점,4.9,서울특별시 종로구 관철동 13-9 1층,py**님,5.0,2021년 10월 10일,"찐추천합니다,배달시간도 예정보다 빨라 좋습니다"
233,자담치킨-종로점,4.9,서울특별시 종로구 관철동 13-9 1층,qk**님,5.0,2021년 8월 23일,"아주 만족 다른지점보다 훨씬 맛나네요 이 근처에 놀러와서 시킨건데 이제 못먹는게 아숩 ㅠㅠ 잘먹었슴다! 
다른지점에선 마일드 완전 안매웠는데 여기는 맵찔이 기준 마일드도 딱 좋게 매콤해서 좋았어용~!!"
234,자담치킨-종로점,4.9,서울특별시 종로구 관철동 13-9 1층,bi**님,5.0,2021년 8월 22일,맛있게 잘먹었습니다~~🍗🍻
235,자담치킨-종로점,4.9,서울특별시 종로구 관철동 13-9 1층,mv**님,5.0,2021년 8월 21일,따뜻하고 맛있게 잘 먹었습니다
236,자담치킨-종로점,4.9,서울특별시 종로구 관철동 13-9 1층,sp**님,5.0,2021년 8월 20일,*맛있음  끼에에에에에
237,자담치킨-종로점,4.9,서울특별시 종로구 관철동 13-9 1층,a0**님,5.0,2021년 8월 19일,진짜 맛있어요 ㅎㅎ 요청사항도 들어주셔서 너무 감사했어여  ㅜㅜ
238,자담치킨-종로점,4.9,서울특별시 종로구 관철동 13-9 1층,no**님,5.0,2021년 8월 19일,맵슐랭 짱 맛있어요 적당히 맵고 단맵단맵!
239,자담치킨-종로점,4.9,서울특별시 종로구 관철동 13-9 1층,yo**님,5.0,2021년 8월 18일,믿고먹는 자담!!!!!
240,자담치킨-종로점,4.9,서울특별시 종로구 관철동 13-9 1층,so**님,4.333333333333333,2021년 8월 18일,저번에 먹었을땐 조금 남겼는데 이번엔 다 먹었네요 살이 좀 줄은가 같아요 ㅠ 배달도 조금 아쉽지만 맛은 최고!! 다음에 또 먹을게융
241,자담치킨-종로점,4.9,서울특별시 종로구 관철동 13-9 1층,ss**님,5.0,2021년 8월 16일,언제나 먹어도 맛있습니다! 적당히 매콤하여 기분좋게 즐겼습니다
242,자담치킨-종로점,4.9,서울특별시 종로구 관철동 13-9 1층,na**님,5.0,2021년 8월 15일,맛있었습니다ㅠㅠ 처음 먹어보는데 다음엔 매운맛 도전해야겠어요!!
243,자담치킨-종로점,4.9,서울특별시 종로구 관철동 13-9 1층,ee**님,5.0,2021년 8월 12일,자주 시켜먹는거같아여 맛있어용
244,자담치킨-종로점,4.9,서울특별시 종로구 관철동 13-9 1층,eu**님,3.6666666666666665,2021년 8월 9일,"맛은  매번 먹는거라 야들야들 최고구요~ 
배달아저씨가 2번이나 전화오셔서 짜증나게 물어보셔가지고 기분나쁜거 빼면 괜찮았어요"
245,자담치킨-종로점,4.9,서울특별시 종로구 관철동 13-9 1층,li**님,4.0,2021년 8월 8일,"배달도 굿 
음식도 굿"
246,자담치킨-종로점,4.9,서울특별시 종로구 관철동 13-9 1층,   손님,5.0,2021년 8월 7일,맵슐랭 마일드 말해 뭐해요 최고죠!! 호캉스 갈때마다 시켜먹습니다 항상 맛있게 튀겨주셔서 감사합니다 :)
247,자담치킨-종로점,4.9,서울특별시 종로구 관철동 13-9 1층,sa**님,3.3333333333333335,2021년 8월 6일,"매운거 좋아하기는 하지만 생각보다
더 맵네요. 맛은 좋아요.
담날 온가족이 화장실로 고고"
248,자담치킨-종로점,4.9,서울특별시 종로구 관철동 13-9 1층,kw**님,5.0,2021년 8월 6일,맛있게 잘먹었습니다 ㅎㅎ
249,자담치킨-종로점,4.9,서울특별시 종로구 관철동 13-9 1층,in**님,5.0,2021년 8월 4일,자담을 여자친구가 좋아해서 맛있게 잘 먹었어요
250,자담치킨-종로점,4.9,서울특별시 종로구 관철동 13-9 1층,so**님,5.0,2021년 8월 2일,잘 먹었어융!! 퍼펙트
251,자담치킨-종로점,4.9,서울특별시 종로구 관철동 13-9 1층,po**님,5.0,2021년 8월 2일,다음에 또 먹을꺼니까 여기에 쓸래요 다음에는 매운맛 말고 순한맛 시키자
252,자담치킨-종로점,4.9,서울특별시 종로구 관철동 13-9 1층,lo**님,4.666666666666667,2021년 8월 1일,처음 먹어봤는데 맛있어요
253,자담치킨-종로점,4.9,서울특별시 종로구 관철동 13-9 1층,ys**님,4.333333333333333,2021년 8월 1일,맛있어요 맛있어요ㅎㅎ
254,자담치킨-종로점,4.9,서울특별시 종로구 관철동 13-9 1층,sk**님,5.0,2021년 7월 31일,맛있아요 ㅋㅋㅋㅋㅋㅋㅋㅋ굿잊이다 굿 배달 빠르구요
255,자담치킨-종로점,4.9,서울특별시 종로구 관철동 13-9 1층,ak**님,5.0,2021년 7월 29일,맛있게 잘 먹었습니다
256,자담치킨-종로점,4.9,서울특별시 종로구 관철동 13-9 1층,ee**님,5.0,2021년 7월 28일,리뷰 잘 안남기는데 너모맛잇어요 닭도 신선한게 느껴져요 짱맛!!
257,자담치킨-종로점,4.9,서울특별시 종로구 관철동 13-9 1층,   손님,5.0,2021년 7월 27일,미쳤어요 저 리뷰 안다는데 이건 그냥... 말안나옵니다 ㅎ
258,자담치킨-종로점,4.9,서울특별시 종로구 관철동 13-9 1층,so**님,5.0,2021년 7월 21일,잘 먹었습니당!! 재구매입니다
259,자담치킨-종로점,4.9,서울특별시 종로구 관철동 13-9 1층,ar**님,5.0,2021년 7월 19일,깨끗하고 배달도 빠르고 맛있었습니다
260,자담치킨-종로점,4.9,서울특별시 종로구 관철동 13-9 1층,am**님,5.0,2021년 7월 17일,너무 맛있게 잘먹었습니다. 배달도 빨랐어요
261,자담치킨-종로점,4.9,서울특별시 종로구 관철동 13-9 1층,ja**님,5.0,2021년 7월 17일,친절한 사장님 감사합니다!!!
262,자담치킨-종로점,4.9,서울특별시 종로구 관철동 13-9 1층,so**님,5.0,2021년 7월 15일,배달 시간이 조금 아쉬웠지만 멀리 있는 지점ㅇ라 이해할 수 있었어요 맛은 물론이고 맵기조절도 해서 잘 먹었어요 양 완전 많아요 짱💜
263,자담치킨-종로점,4.9,서울특별시 종로구 관철동 13-9 1층,j9**님,5.0,2021년 7월 10일,순살은 무조건 자담!
264,자담치킨-종로점,4.9,서울특별시 종로구 관철동 13-9 1층,ye**님,5.0,2021년 7월 7일,맛있게 잘 먹었습니다 서비스 감사합니다
265,자담치킨-종로점,4.9,서울특별시 종로구 관철동 13-9 1층,lu**님,5.0,2021년 7월 6일,배달 안될줄 알았는데 감사합니다. 매운맛 기대했는데 제 기준 맵진 않지만 느무 맛나여. 감사합니다.
266,자담치킨-종로점,4.9,서울특별시 종로구 관철동 13-9 1층,ha**님,4.666666666666667,2021년 7월 6일,"새벽에 주문해서 인지
겁나게 빠르게 왔습니다.
자담치킨 유명해서 시켜봤는데
맛이 아주 훌륭했습니다."
267,자담치킨-종로점,4.9,서울특별시 종로구 관철동 13-9 1층,ss**님,5.0,2021년 7월 4일,배달도 빠르고 맛있네요 믿고 먹습니다
268,자담치킨-종로점,4.9,서울특별시 종로구 관철동 13-9 1층,ch**님,5.0,2021년 7월 4일,음식도 깔끔하고 아주 맛있었어요!
269,자담치킨-종로점,4.9,서울특별시 종로구 관철동 13-9 1층,sb**님,5.0,2021년 7월 3일,진짜 맛나요 친절하시구요
270,자담치킨-종로점,4.9,서울특별시 종로구 관철동 13-9 1층,ye**님,5.0,2021년 6월 28일,맛있게 잘 먹었습니다
271,자담치킨-종로점,4.9,서울특별시 종로구 관철동 13-9 1층,ye**님,2.0,2021년 6월 25일,"배달시간은 오래걸렸는데 치킨이 튀겨놓은거 데워서주는거처럼 바삭하지않고 전체적으로 눅진하니 느끼하네요ㅠ심지어 무도 아삭하지않고ㅠ 치킨 많이시켜먹지만 이런경우는 처음보네요ㅠ
 자담 맛있다고해서 시킨건데 이지점이 그런건지 원래그런건지..."
272,자담치킨-종로점,4.9,서울특별시 종로구 관철동 13-9 1층,zu**님,5.0,2021년 6월 24일,맛잇어요 굿굿굿굿굿
273,자담치킨-종로점,4.9,서울특별시 종로구 관철동 13-9 1층,gr**님,5.0,2021년 6월 23일,친구의 추천으로 시켜봤는데~ 정말 맛있었습니다~~!! 그냥 먹어도 맛있고~ 소스에 찍어 먹어도 맛있고~! 배달도 예상시간보다 빨랐어요~~^^
274,자담치킨-종로점,4.9,서울특별시 종로구 관철동 13-9 1층,ki**님,3.0,2021년 6월 21일,자담 핫순살이 이렇게 점바점인지 몰랐음..
275,자담치킨-종로점,4.9,서울특별시 종로구 관철동 13-9 1층,ry**님,5.0,2021년 6월 18일,좀 많이 맵긴 했는데 너무 맛있었어요
276,자담치킨-종로점,4.9,서울특별시 종로구 관철동 13-9 1층,fb**님,4.0,2021년 6월 15일,배달 빨리왔습니다. 맛있었습니다!
277,자담치킨-종로점,4.9,서울특별시 종로구 관철동 13-9 1층,do**님,5.0,2021년 6월 12일,정말 맛있게 먹었습니다. 보내주신 감자튀김도 너무 감사합니다. 😀😀😀
278,자담치킨-종로점,4.9,서울특별시 종로구 관철동 13-9 1층,kw**님,5.0,2021년 6월 11일,맛있게잘먹었아요 ㅎㅎㅎ
279,자담치킨-종로점,4.9,서울특별시 종로구 관철동 13-9 1층,pu**님,5.0,2021년 6월 5일,최고의맛입니나 행복한 저녁이었습니다 감사합니다 자담치킨짱
280,자담치킨-종로점,4.9,서울특별시 종로구 관철동 13-9 1층,da**님,5.0,2021년 6월 2일,"맵슐랭 첫 시도. 소문대로 정말 맛있네요.
바삭하고 매콤하고 👍"
281,자담치킨-종로점,4.9,서울특별시 종로구 관철동 13-9 1층,   손님,5.0,2021년 5월 27일,엄청 맛있네요 살은 퍽퍽하지 않았고 자주 시킬듯요
282,자담치킨-종로점,4.9,서울특별시 종로구 관철동 13-9 1층,   손님,3.6666666666666665,2021년 5월 26일,와우..배달비가 4천원..아무리  맛있어도 ..
283,자담치킨-종로점,4.9,서울특별시 종로구 관철동 13-9 1층,ti**님,5.0,2021년 5월 23일,"맛있습니다 자담^^! 
내스타일"
284,자담치킨-종로점,4.9,서울특별시 종로구 관철동 13-9 1층,se**님,5.0,2021년 5월 22일,맵슐랭 처음 먹어봣는데 고추가 들어서 느끼하지 않고 맛있네요!!
285,자담치킨-종로점,4.9,서울특별시 종로구 관철동 13-9 1층,ba**님,5.0,2021년 5월 21일,최고에요오오오오오오오오옹
286,자담치킨-종로점,4.9,서울특별시 종로구 관철동 13-9 1층,ty**님,2.6666666666666665,2021년 5월 20일,맛은 그냥 그렇고 다른건 무난햇어요
287,자담치킨-종로점,4.9,서울특별시 종로구 관철동 13-9 1층,xi**님,5.0,2021년 5월 20일,따듯한 치킨 맛있게 먹었어요
288,자담치킨-종로점,4.9,서울특별시 종로구 관철동 13-9 1층,lo**님,5.0,2021년 5월 20일,맵슐랭 드디어 먹었어용 유명한 이유있네요 ❤️👍
289,자담치킨-종로점,4.9,서울특별시 종로구 관철동 13-9 1층,sn**님,5.0,2021년 5월 20일,"완전 맛있어서 깜짝 놀랐어요
다이어트고 뭐고
맛있게 뜯고 즐기고
감사합니다"
290,자담치킨-종로점,4.9,서울특별시 종로구 관철동 13-9 1층,sn**님,5.0,2021년 5월 20일,맛있게 잘 먹었습니다
291,자담치킨-종로점,4.9,서울특별시 종로구 관철동 13-9 1층,lj**님,5.0,2021년 5월 20일,매콤허니 존맛입니다..
292,자담치킨-종로점,4.9,서울특별시 종로구 관철동 13-9 1층,55**님,5.0,2021년 5월 20일,"처음시켜먹었는데
냉면 양도 많구 좋네요 ^^"
293,자담치킨-종로점,4.9,서울특별시 종로구 관철동 13-9 1층,re**님,5.0,2021년 5월 20일,맛있게 잘먹었어요 ㅎㅎ
294,자담치킨-종로점,4.9,서울특별시 종로구 관철동 13-9 1층,li**님,5.0,2021년 5월 20일,빠르게 잘 받았어요
295,자담치킨-종로점,4.9,서울특별시 종로구 관철동 13-9 1층,ki**님,4.0,2021년 5월 19일,"맵고, 맛있어서 열심히 먹고나니 속이 좀 쓰리지만..
맛나서 재주문 예정요ㅎㅎ"
296,자담치킨-종로점,4.9,서울특별시 종로구 관철동 13-9 1층,   손님,4.666666666666667,2021년 5월 15일,"배달기사님도 친절하게 문자남겨주시고~
치킨 양도 푸짐하고,양파랑 소스가 넘맛있었었어!
요즘 나오는 신브렌드중 젤 맛있었어여^^"
297,자담치킨-종로점,4.9,서울특별시 종로구 관철동 13-9 1층,34**님,5.0,2021년 5월 12일,"워 20분만에 배달 오셨어요! 감사합니다
매콤 맛있게 먹었습니다!"
298,자담치킨-종로점,4.9,서울특별시 종로구 관철동 13-9 1층,kt**님,5.0,2021년 5월 8일,넘좋아요 행복한시간주셔서 감사해요
299,자담치킨-종로점,4.9,서울특별시 종로구 관철동 13-9 1층,fa**님,5.0,2021년 5월 7일,"새콤한 맛도 있고 매콤한  맛도있으면서 양념치킨맛과 비슷하면서도 다르달까요 ~
어쨌든? 맛있게 잘 먹었습니다
배달비가 4000원이라 비싼감이 있었습니다 
배달시간이 60분 정도 걸린다고 해서 시간이 좀
걸리려나 싶었지만 배달도 예상 시간 보다 일찍 오셨습니다 )
스리라차치킨 하나 주문했는데 핫마요 소스랑 스프라이트도 주셧네요: ) 감사합니다~ 
개인적으로는 무엇보다 동물복지라는 점이 참 마음에 들고 좋았습니다 ~ : )"
300,자담치킨-종로점,4.9,서울특별시 종로구 관철동 13-9 1층,ek**님,5.0,2021년 5월 5일,배달도 엄청 빠르고 맛있어요 ㅠㅠ 왜 맵슐랭 맵슐랭 하는지 알겠네요
301,자담치킨-종로점,4.9,서울특별시 종로구 관철동 13-9 1층,zw**님,5.0,2021년 5월 5일,"자담치킨 자잠치킨 하는 이유를 알겠어요!
너무 맛있게 먹었습니다!"
302,자담치킨-종로점,4.9,서울특별시 종로구 관철동 13-9 1층,   손님,5.0,2021년 5월 4일,맛이 맜있고 배탈이 빠르다
303,자담치킨-종로점,4.9,서울특별시 종로구 관철동 13-9 1층,an**님,5.0,2021년 5월 3일,"다 먹어버렸네요~ㅋㅋ 
한번더 주문해서 사진올릴께용..."
304,자담치킨-종로점,4.9,서울특별시 종로구 관철동 13-9 1층,ds**님,5.0,2021년 5월 2일,잘 먹었습니당~~~~|
305,자담치킨-종로점,4.9,서울특별시 종로구 관철동 13-9 1층,so**님,5.0,2021년 5월 1일,"강정 맛 나는 치킨이예요 진짜 맛있게 먹었어요
감튀도 넣어주셔서 좋아요!!!"
306,자담치킨-종로점,4.9,서울특별시 종로구 관철동 13-9 1층,am**님,5.0,2021년 4월 30일,맛나게 잘먹었습니다
307,자담치킨-종로점,4.9,서울특별시 종로구 관철동 13-9 1층,na**님,5.0,2021년 4월 25일,맵슐랭 너무 맛있어요~
308,자담치킨-종로점,4.9,서울특별시 종로구 관철동 13-9 1층,ch**님,3.0,2021년 4월 21일,마일드 주문했는데 마일드 맞나요? 속이 아팠습니다
309,자담치킨-종로점,4.9,서울특별시 종로구 관철동 13-9 1층,ls**님,5.0,2021년 4월 18일,치킨진짜맛있어요ㅠㅠㅠ감사합니다잘먹었습니다!
310,자담치킨-종로점,4.9,서울특별시 종로구 관철동 13-9 1층,   손님,5.0,2021년 4월 16일,호캉스 와서 밖에서 못 먹으니 배달했는데 진짜 넘나 맛잇어요!!!!! 자담치킨 맵슐랭 마일드 최고예요!!!!!!!!!!!!! 바삭 쫀득 달달 매콤 알싸!! 편지도 감사합니다-♡
311,자담치킨-종로점,4.9,서울특별시 종로구 관철동 13-9 1층,po**님,5.0,2021년 4월 12일,친구 추천으로 먹었읍니다. 적당히 맵네요. 같이 먹은 친구는 매워서 많이 못 먹네요 잘먹었습니다.
312,자담치킨-종로점,4.9,서울특별시 종로구 관철동 13-9 1층,tr**님,5.0,2021년 4월 10일,너무 너무 맛있어용. 감자도 맛있어요😋😋
313,자담치킨-종로점,4.9,서울특별시 종로구 관철동 13-9 1층,ph**님,5.0,2021년 4월 9일,맛있게 잘 먹었습니다
314,자담치킨-종로점,4.9,서울특별시 종로구 관철동 13-9 1층,su**님,5.0,2021년 3월 20일,"왜 자담치킨 하면 설사가 연관검색어에 있는지 알았어요 ㅠㅠ

정말 맛있었는데

정말 계속 배아팟습니다 ㅠㅠ

음식이 잘못된건 아닌데 자담에서 쓰는 매운게 안맞는거 같아요"
315,자담치킨-종로점,4.9,서울특별시 종로구 관철동 13-9 1층,a0**님,3.3333333333333335,2021년 3월 18일,맛있게 잘먹었어요 ㅎㅎ
316,자담치킨-종로점,4.9,서울특별시 종로구 관철동 13-9 1층,03**님,5.0,2021년 3월 18일,매콤하고 맛있었어요
317,자담치킨-종로점,4.9,서울특별시 종로구 관철동 13-9 1층,pp**님,5.0,2021년 3월 11일,"후기가 좋아서 먹었는데 역시 맛있었어요
바삭하고 따끈해요
손글씨 메모도 너무 감동 받았어요ㅠㅠ"
318,자담치킨-종로점,4.9,서울특별시 종로구 관철동 13-9 1층,yb**님,5.0,2021년 2월 28일,이번에도 맛있게 잘먹었습니다~~역시 핫합니다~
319,자담치킨-종로점,4.9,서울특별시 종로구 관철동 13-9 1층,bo**님,5.0,2021년 2월 18일,정말 맛있게 잘 먹었습니다
320,자담치킨-종로점,4.9,서울특별시 종로구 관철동 13-9 1층,gr**님,4.0,2021년 2월 17일,오징어튀김 2개 시켰는데 박스가 1개 밖에 안 와서 매장에 문의하려고 전화했었는데 안 받으시네요. 박스 하나에 오징어튀김 2개 분량을 모조히 넣으신건지 아니면 1개만 담으신건지 궁금해서요. 오해의 소지가 없도록 각각 1개씩 담아주시면 제가 헷갈릴 일이 없을 텐데 말이죠.
321,자담치킨-종로점,4.9,서울특별시 종로구 관철동 13-9 1층,ur**님,5.0,2021년 2월 16일,배달도 빨랐고 맛있게 먹었습니다.
322,자담치킨-종로점,4.9,서울특별시 종로구 관철동 13-9 1층,dg**님,4.0,2021년 2월 16일,맛있어요. 감사합니다.
323,자담치킨-종로점,4.9,서울특별시 종로구 관철동 13-9 1층,oo**님,5.0,2021년 2월 8일,"배달 담당자 분께서 날아오셨다고 하실 정도로, 배달이 정말 빨랐습니다! 그래서 더 바삭하고 따뜻하게 먹을 수 있었어요 너무 맛있어서 친구한테 기프티콘도 선물했네용 맛있는 음식 감사합니다~"
324,자담치킨-종로점,4.9,서울특별시 종로구 관철동 13-9 1층,   손님,5.0,2021년 2월 6일,넘무맛있었어서 서비스로 주신 과자에 편지까지 주셔서 광광울었어요 번창하세요오오
325,자담치킨-종로점,4.9,서울특별시 종로구 관철동 13-9 1층,yu**님,5.0,2021년 2월 4일,배달도 원래 시간보다 빨리오고 골뱅이무침도 치킨도 다 너무 맛있었어요! 후라이드 완전 바삭바삭 ㅠㅠ
326,자담치킨-종로점,4.9,서울특별시 종로구 관철동 13-9 1층,yb**님,5.0,2021년 1월 30일,두번째 주문 입니다~~역시 👍👍👍
327,자담치킨-종로점,4.9,서울특별시 종로구 관철동 13-9 1층,sk**님,5.0,2021년 1월 29일,자담은 뭐든 맛있어여 ㅎㅎㅎ
328,자담치킨-종로점,4.9,서울특별시 종로구 관철동 13-9 1층,in**님,3.3333333333333335,2021년 1월 24일,양과 배달 시간 모두 적절했습니다
329,자담치킨-종로점,4.9,서울특별시 종로구 관철동 13-9 1층,ho**님,5.0,2021년 1월 20일,배달도 빠르고 맛도 맛있습니다
330,자담치킨-종로점,4.9,서울특별시 종로구 관철동 13-9 1층,sn**님,5.0,2021년 1월 18일,자담치킨 처음 먹어봤어용 토욜날 호텔서 주문했는데  너무 맛있어서 저희 동네와서 또 주문해먹습니다~^^
331,자담치킨-종로점,4.9,서울특별시 종로구 관철동 13-9 1층,bs**님,5.0,2021년 1월 13일,"과자에 직접 쓴 메시지랑 포장해서 주셨어요. 너무 감동했어요. 감사합니다. 맛도 있고, 배달도 빨라서 만족합니다."
332,자담치킨-종로점,4.9,서울특별시 종로구 관철동 13-9 1층,sk**님,5.0,2021년 1월 11일,진짜 맛있습니다 ㅎㅎㅎ
333,자담치킨-종로점,4.9,서울특별시 종로구 관철동 13-9 1층,yj**님,4.666666666666667,2021년 1월 10일,먹고 나서 둘다 배가 조금 아팠어요
334,자담치킨-종로점,4.9,서울특별시 종로구 관철동 13-9 1층,sn**님,5.0,2021년 1월 9일,매콤하니 맛있어요! 무엇보다 닭이 너무 부드러워서 만족합니다
335,자담치킨-종로점,4.9,서울특별시 종로구 관철동 13-9 1층,ti**님,4.666666666666667,2021년 1월 5일,"서비스 진짜 짱이다!! 과자까지 주셔서 맛있게 먹었어용~
튀김옷도 바삭바삭하고~ 시간 좀 걸리더라도 맛있어요!! 
근데 너무 매워요 ㅠㅠㅠ 워낙 매운게 못 먹는데 맛있지만 매워서 못 먹어요 ㅠㅠ 아쉬움.."
336,자담치킨-종로점,4.9,서울특별시 종로구 관철동 13-9 1층,ca**님,3.6666666666666665,2021년 1월 2일,양념이 느끼하고 다른곳에 비해별로
337,자담치킨-종로점,4.9,서울특별시 종로구 관철동 13-9 1층,   손님,5.0,2020년 12월 31일,한국치킨은다맛잇어요 유일하게3번시킨집 감사합니다
338,자담치킨-종로점,4.9,서울특별시 종로구 관철동 13-9 1층,sa**님,5.0,2020년 12월 30일,"너무 맛있게 잘먹었습니다 
사장님의 정성 가득한 마음
전달 받았습니다"
339,자담치킨-종로점,4.9,서울특별시 종로구 관철동 13-9 1층,gu**님,5.0,2020년 12월 30일,여긴 진짜 맛있어요
340,자담치킨-종로점,4.9,서울특별시 종로구 관철동 13-9 1층,ba**님,5.0,2020년 12월 30일,완전 맛있어용~~~ 진짜 바삭바삭하고 순살도 촉촉하고 좋습니다!!! 반반 시켰는데 후라이드는 매운거 많이 못드시는 분한테는 좀 매울거 같아요! 전 완전 맛있게 잘 먹었어요 감사합니다~~^^
341,자담치킨-종로점,4.9,서울특별시 종로구 관철동 13-9 1층,gr**님,5.0,2020년 12월 25일,먹방에서 맵술랭 넘 맛나게 드시길래 충동적으로 시켰는데 진짜 이거 물건이네요~~ 깔끔하게 매우면서도 달짝하기도 하고. 소스가 많이 발라져있었는데도 튀김이 눅눅지않고 바삭하니 넘 맛나고. 무엇보다 고기가 퍽퍽하지않고 부드럽고 촉촉하니 끊임없이 입안으로 쏙쏙. b!
342,자담치킨-종로점,4.9,서울특별시 종로구 관철동 13-9 1층,li**님,5.0,2020년 12월 24일,"역시 맛있어요!!ㅎㅎ
핫후라이드도 맛있었었요!
그치만 맵슐랭이 더 땡기는 ㅎㅎ"
343,자담치킨-종로점,4.9,서울특별시 종로구 관철동 13-9 1층,oh**님,4.333333333333333,2020년 12월 24일,그냥 적당히 맛있어요! 양이 엄청 많아요! 그래서 좋았어요
344,자담치킨-종로점,4.9,서울특별시 종로구 관철동 13-9 1층,mj**님,4.666666666666667,2020년 12월 23일,"광고 보고 맵슐량 주문했는데 기대가 코서 였는지
샹각보다는 좀... 그래도 맛있었어요.
배달도 생각보다 빠르고"
345,자담치킨-종로점,4.9,서울특별시 종로구 관철동 13-9 1층,db**님,4.333333333333333,2020년 12월 23일,오전에 시켰는데도 배달이 한시간 넘게 걸려서 좀 아쉬웠습니다ㅜ 그래도 맛있게 잘먹었습니다~!
346,자담치킨-종로점,4.9,서울특별시 종로구 관철동 13-9 1층,ju**님,5.0,2020년 12월 20일,먹어본 후라이드중에 최고바삭바삭
347,자담치킨-종로점,4.9,서울특별시 종로구 관철동 13-9 1층,a0**님,5.0,2020년 12월 19일,벌써 치즈볼 이벤트가 끝나다니 ㅜㅜ
348,자담치킨-종로점,4.9,서울특별시 종로구 관철동 13-9 1층,dr**님,4.666666666666667,2020년 12월 17일,맵슐랭 궁금해서 시켜봤는데 정말 맛있네요! 맵찔이라 마일드가 딱이었어요. 맛있게 잘먹었습니다:)
349,자담치킨-종로점,4.9,서울특별시 종로구 관철동 13-9 1층,kd**님,4.666666666666667,2020년 12월 17일,감자는 좀 탄맛이 났지만 치킨은 정말 너무 맛있었습니다. 매콤하니 촉촉한 속살이 일품!
350,자담치킨-종로점,4.9,서울특별시 종로구 관철동 13-9 1층,ju**님,5.0,2020년 12월 17일,"맛있어요~~~~
다먹구찍었네요;;;;;^^"
351,자담치킨-종로점,4.9,서울특별시 종로구 관철동 13-9 1층,dj**님,5.0,2020년 12월 14일,"신메뉴라 시켜봤는데 너무 맛있구요
깨알 편지랑 간식에 감동ㅜㅜ
배달도 빠르고 너무조아욧
리뷰이벤트 치즈볼 존맛탱"
352,자담치킨-종로점,4.9,서울특별시 종로구 관철동 13-9 1층,re**님,4.333333333333333,2020년 12월 13일,"진~~짜 맛있는데 평일인데도 배달이 딱 1시간 40분 걸렸어요ㅜㅜ 배달만 좀 빨라지면 매주시켜먹고 싶어요 
치킨은 진짜진짜 맛있습니다"
353,자담치킨-종로점,4.9,서울특별시 종로구 관철동 13-9 1층,   손님,5.0,2020년 12월 12일,핫후라이드 정말 맛잇어요
354,자담치킨-종로점,4.9,서울특별시 종로구 관철동 13-9 1층,su**님,5.0,2020년 12월 12일,"너무 맛있게 잘 먹었습니다! 맵슐랭 처음 먹어보는 거라서 입에 안맞을까봐 반반으로 시켰는데, 다음에는 맵슐랭 한마리로 먹고싶어요😽 서비스로 주신 치즈볼도 너무 맛있었고, 쪽지와 과자까지 너무 감사했습니다💕"
355,자담치킨-종로점,4.9,서울특별시 종로구 관철동 13-9 1층,la**님,5.0,2020년 12월 11일,너무 맛있었어요. 서비스도 감사합니다 😀
356,자담치킨-종로점,4.9,서울특별시 종로구 관철동 13-9 1층,   손님,5.0,2020년 12월 8일,맛은 물론이고 서비스에 만점드립니다 정말 잘먹었습니다 감사합니다
357,자담치킨-종로점,4.9,서울특별시 종로구 관철동 13-9 1층,rb**님,5.0,2020년 12월 7일,배달도 빠르고 맛도 좋습니다.
358,자담치킨-종로점,4.9,서울특별시 종로구 관철동 13-9 1층,do**님,4.333333333333333,2020년 12월 6일,맛있게 잘 먹었습니다:) 리뷰 이벤트로 주신 치즈볼도 맛있었어요~~! 따뜻했으면 더더 맛있었을거 같아요😭
359,자담치킨-종로점,4.9,서울특별시 종로구 관철동 13-9 1층,   손님,5.0,2020년 12월 4일,처음시켰는데. 배달도빠르고 사장님도 요청잘들어주시고 감사합니다 그럼. 이만 뿅
360,자담치킨-종로점,4.9,서울특별시 종로구 관철동 13-9 1층,   손님,5.0,2020년 12월 3일,"사실 리뷰가 없어서 좀 망설였는데 배달도 예상시간보다 빨리 왔어요
음식사진은 오자마자 바로 먹느라 깜빡했어요~ㅠㅠ
여기 치킨무는 당근이랑 오이도 들어있네요??
좀 독특햤아요
서비스로 주신 음료수도 감사해요
너무 맛있게 잘 먹었습니다~~ 다음에 또 주문할게요!
번창하세요^^"
