﻿0,큰집닭강정-성대점,5.0,서울특별시 종로구 명륜2가 148 1층 우측호,ju**님,4.333333333333333,16시간 전,명불허전이네요 맛있게 먹었습니다
1,큰집닭강정-성대점,5.0,서울특별시 종로구 명륜2가 148 1층 우측호,zz**님,5.0,16시간 전,"언제나 맛있어요.
오랜만에 간장맛으로 먹었는데 너무 맛있었습니다..."
2,큰집닭강정-성대점,5.0,서울특별시 종로구 명륜2가 148 1층 우측호,hh**님,5.0,21시간 전,양도 많고 배달도 빨라요 맛있어요!
3,큰집닭강정-성대점,5.0,서울특별시 종로구 명륜2가 148 1층 우측호,nx**님,5.0,4일 전,양 진짜 많고 포장도 깔끔해요 요청사항도 너무 잘 들어주셔서 감사합니다!
4,큰집닭강정-성대점,5.0,서울특별시 종로구 명륜2가 148 1층 우측호,je**님,4.666666666666667,일주일 전,배달이 엄청 빨랐어요!
5,큰집닭강정-성대점,5.0,서울특별시 종로구 명륜2가 148 1층 우측호,ev**님,5.0,2022년 4월 13일,"익스프레스 여러번 주문해봤지만 정말 빠릅니다
닭강정 특성상 조금남겼다 먹어도 맛있구요 특히 사이드나 소스를 소량으로 다양하게 시킬수 있어서 혼자먹기 딱 좋습니다
다만 매장이 11시까지니까 미리 주문해야해요"
6,큰집닭강정-성대점,5.0,서울특별시 종로구 명륜2가 148 1층 우측호,dk**님,5.0,2022년 4월 9일,정말 맛있습니다… 꼭 드세요 서비스까지 최고네요 ㅎ
7,큰집닭강정-성대점,5.0,서울특별시 종로구 명륜2가 148 1층 우측호,wo**님,5.0,2022년 4월 9일,양도 많고 맛있어요~~
8,큰집닭강정-성대점,5.0,서울특별시 종로구 명륜2가 148 1층 우측호,bo**님,5.0,2022년 4월 8일,움 너무마쉬쒀요 다들시켜드쉐여
9,큰집닭강정-성대점,5.0,서울특별시 종로구 명륜2가 148 1층 우측호,b_**님,5.0,2022년 4월 7일,"#식후감
맛있게 잘 먹었습니다!"
10,큰집닭강정-성대점,5.0,서울특별시 종로구 명륜2가 148 1층 우측호,ho**님,5.0,2022년 4월 3일,양이많아요 맛잇엇어요~~~~~~~
11,큰집닭강정-성대점,5.0,서울특별시 종로구 명륜2가 148 1층 우측호,bb**님,5.0,2022년 3월 31일,맛있게 잘 먹었습니다
12,큰집닭강정-성대점,5.0,서울특별시 종로구 명륜2가 148 1층 우측호,93**님,5.0,2022년 3월 30일,양이 많고 맛있어요
13,큰집닭강정-성대점,5.0,서울특별시 종로구 명륜2가 148 1층 우측호,dk**님,5.0,2022년 3월 29일,"너무 맛잇고,,, 간단히 먹기 좋습니다."
14,큰집닭강정-성대점,5.0,서울특별시 종로구 명륜2가 148 1층 우측호,mn**님,5.0,2022년 3월 27일,정말 맛있게 먹었습니다~
15,큰집닭강정-성대점,5.0,서울특별시 종로구 명륜2가 148 1층 우측호,gu**님,5.0,2022년 3월 26일,맛있게 잘 먹었습니다~
16,큰집닭강정-성대점,5.0,서울특별시 종로구 명륜2가 148 1층 우측호,gu**님,5.0,2022년 3월 25일,맛있었어요!! 닭강정먹고싶을때는 이집 시켜야겠어요
17,큰집닭강정-성대점,5.0,서울특별시 종로구 명륜2가 148 1층 우측호,jo**님,4.666666666666667,2022년 3월 23일,맛있어서 항상 여기서 먹어요
18,큰집닭강정-성대점,5.0,서울특별시 종로구 명륜2가 148 1층 우측호,ar**님,5.0,2022년 3월 20일,"리뷰평들이 좋아서 주문했는데, 양도 많고 맛있어요.
다른곳에서 강정 사먹으면 기름씹히고 닭비린내 나는 경우가 있어서 걱정했었는데, 전혀 그런 걱정할 필요가 없네요. 주문 잘 한것 같아요. 다음에도 또 주문할께요"
19,큰집닭강정-성대점,5.0,서울특별시 종로구 명륜2가 148 1층 우측호,wl**님,5.0,2022년 3월 20일,맛있어요 나중에 또 주문
20,큰집닭강정-성대점,5.0,서울특별시 종로구 명륜2가 148 1층 우측호,on**님,5.0,2022년 3월 20일,외국인인대도 좋아하는맛입니당!
21,큰집닭강정-성대점,5.0,서울특별시 종로구 명륜2가 148 1층 우측호,on**님,5.0,2022년 3월 20일,정말 맛있어요 계속 주문할게요
22,큰집닭강정-성대점,5.0,서울특별시 종로구 명륜2가 148 1층 우측호,am**님,5.0,2022년 3월 18일,첨먹어 보는데 맛있어요!
23,큰집닭강정-성대점,5.0,서울특별시 종로구 명륜2가 148 1층 우측호,ch**님,5.0,2022년 3월 17일,2~3인 짜리였는데 맛도 좋고 양도 딱 적당했어요. 두명이서 먹으면 딱 좋게 먹을 수 있을 듯! 맥주랑 궁합이 기가 막힙니다. 양념 굿굿!!!
24,큰집닭강정-성대점,5.0,서울특별시 종로구 명륜2가 148 1층 우측호,sa**님,5.0,2022년 3월 16일,오늘도 맛있습니다 ㅎㅎ
25,큰집닭강정-성대점,5.0,서울특별시 종로구 명륜2가 148 1층 우측호,ra**님,4.666666666666667,2022년 3월 16일,항상 다른지점 시켜먹었는데 성대점도 맛있어요👍👍👍
26,큰집닭강정-성대점,5.0,서울특별시 종로구 명륜2가 148 1층 우측호,ki**님,5.0,2022년 3월 15일,"맛있네요!
매운거 못먹는 아이도 맛있게 잘 먹었어요~
배송도 엄청 빨리 왔어요!"
27,큰집닭강정-성대점,5.0,서울특별시 종로구 명륜2가 148 1층 우측호,h8**님,5.0,2022년 3월 15일,최고의 맛과 양이에여~~!!!❤️❤️❤️
28,큰집닭강정-성대점,5.0,서울특별시 종로구 명륜2가 148 1층 우측호,kh**님,5.0,2022년 3월 15일,맛있게 먹엇습니다!
29,큰집닭강정-성대점,5.0,서울특별시 종로구 명륜2가 148 1층 우측호,du**님,5.0,2022년 3월 14일,개꿀맛에 양도 푸짐
30,큰집닭강정-성대점,5.0,서울특별시 종로구 명륜2가 148 1층 우측호,me**님,5.0,2022년 3월 14일,오늘도 잘 먹었습니다~
31,큰집닭강정-성대점,5.0,서울특별시 종로구 명륜2가 148 1층 우측호,ka**님,5.0,2022년 3월 13일,같이 들어있는 떡이 진짜 맛있어요! 양도 엄청 많아서 좋아요 잘 먹었습니다
32,큰집닭강정-성대점,5.0,서울특별시 종로구 명륜2가 148 1층 우측호,bb**님,5.0,2022년 3월 12일,맛있게 잘 먹었습니다
33,큰집닭강정-성대점,5.0,서울특별시 종로구 명륜2가 148 1층 우측호,01**님,5.0,2022년 3월 7일,"야식으로 시켰는데 양도 적당하고 맛있게 잘 먹었어요 
치즈스틱도 맛있어요"
34,큰집닭강정-성대점,5.0,서울특별시 종로구 명륜2가 148 1층 우측호,rh**님,5.0,2022년 3월 5일,"요구사항도 다 들어주시고, 맛있게 잘 먹었습니다!"
35,큰집닭강정-성대점,5.0,서울특별시 종로구 명륜2가 148 1층 우측호,67**님,5.0,2022년 3월 4일,놀러와서 맛있는 닭강정먹고가네여~~
36,큰집닭강정-성대점,5.0,서울특별시 종로구 명륜2가 148 1층 우측호,bb**님,5.0,2022년 3월 4일,맛있게 잘 먹었습니다
37,큰집닭강정-성대점,5.0,서울특별시 종로구 명륜2가 148 1층 우측호,to**님,5.0,2022년 3월 1일,잘먹었습니다~~!!!!
38,큰집닭강정-성대점,5.0,서울특별시 종로구 명륜2가 148 1층 우측호,s5**님,5.0,2022년 3월 1일,맛있네요 다음에 또 시킬듯 ㅎㅎ
39,큰집닭강정-성대점,5.0,서울특별시 종로구 명륜2가 148 1층 우측호,se**님,5.0,2022년 3월 1일,전에 시켜먹고 생각나서 재주문 했어요~! 사장님께서 추천해주신 간장맛으로 먹었는데 역시 맛있네용👍 양도 많고 식어도 맛있어요ㅎㅎㅎ
40,큰집닭강정-성대점,5.0,서울특별시 종로구 명륜2가 148 1층 우측호,bb**님,5.0,2022년 2월 28일,맛있게 잘 먹었습니다
41,큰집닭강정-성대점,5.0,서울특별시 종로구 명륜2가 148 1층 우측호,bb**님,5.0,2022년 2월 28일,맛있게 잘 먹었습니다
42,큰집닭강정-성대점,5.0,서울특별시 종로구 명륜2가 148 1층 우측호,ch**님,4.333333333333333,2022년 2월 28일,껍데기?자투리? 부분이 꽤 많아서 아쉬웠습니다ㅠㅠ 그래도 맛은 정말 맛있었어요!!!!
43,큰집닭강정-성대점,5.0,서울특별시 종로구 명륜2가 148 1층 우측호,gl**님,5.0,2022년 2월 27일,너무 맛있어요 감사합니다
44,큰집닭강정-성대점,5.0,서울특별시 종로구 명륜2가 148 1층 우측호,ch**님,3.6666666666666665,2022년 2월 24일,먹을만합니다 치킨무 추가가 안오거 빼곤 맛남
45,큰집닭강정-성대점,5.0,서울특별시 종로구 명륜2가 148 1층 우측호,bb**님,5.0,2022년 2월 24일,맛있게 잘 먹었습니다
46,큰집닭강정-성대점,5.0,서울특별시 종로구 명륜2가 148 1층 우측호,kj**님,5.0,2022년 2월 20일,정말 맛있어요! 양도 충분해서 모두가 만족하면서 즐겁게 먹었어요! 닭강정 중 최고입니다!
47,큰집닭강정-성대점,5.0,서울특별시 종로구 명륜2가 148 1층 우측호,kj**님,5.0,2022년 2월 15일,너무 맛있게 먹느라 사진 찍는 것도 잊었습니다. 후라이드 맛도 바삭한 게 맛있고 약간 매운맛도 아주 맛있었습니다! 이제부터 닭강정은 여기서만 먹어야갰네요!
48,큰집닭강정-성대점,5.0,서울특별시 종로구 명륜2가 148 1층 우측호,na**님,5.0,2022년 2월 14일,😊😊😊😊😊😊😊😊😊😊
49,큰집닭강정-성대점,5.0,서울특별시 종로구 명륜2가 148 1층 우측호,hj**님,5.0,2022년 2월 13일,너무 맛있어요!!!!
50,큰집닭강정-성대점,5.0,서울특별시 종로구 명륜2가 148 1층 우측호,sh**님,5.0,2022년 2월 13일,"식물등 근처라서 사이버펑크 제삼다
너무너무 촉촉하고 맛있어요
근데 저번에 먹었던 중간매운맛과요번 중간매운맛에
차이가 좀 있어서 아쉬워요ㅠㅠ 저번에 딱좋았는데
요번엔 하나도 안맵더라구요... 단계를 더 올려야하나...
허니소스는 허니버터 가루라고 보시면됩니다 단짠 ㅎㅎ"
51,큰집닭강정-성대점,5.0,서울특별시 종로구 명륜2가 148 1층 우측호,st**님,5.0,2022년 2월 12일,배달도 빠르고 맛도 좋아요
52,큰집닭강정-성대점,5.0,서울특별시 종로구 명륜2가 148 1층 우측호,ch**님,5.0,2022년 2월 12일,"믿고 주문해 봤는데
맛있네요"
53,큰집닭강정-성대점,5.0,서울특별시 종로구 명륜2가 148 1층 우측호,on**님,5.0,2022년 2월 12일,아무리바빠도 시켜먹어야징~^^ 맛있어
54,큰집닭강정-성대점,5.0,서울특별시 종로구 명륜2가 148 1층 우측호,cj**님,5.0,2022년 2월 12일,"음료 대신 치즈스틱 선택할 수 있어 좋네요♡
닭강정 먹고싶을 때마다 애용합니다 :-)"
55,큰집닭강정-성대점,5.0,서울특별시 종로구 명륜2가 148 1층 우측호,kj**님,5.0,2022년 2월 11일,아주 맛있게 잘 먹었어요! 양도 푸짐하고 맛도 최고에요!
56,큰집닭강정-성대점,5.0,서울특별시 종로구 명륜2가 148 1층 우측호,kj**님,5.0,2022년 2월 11일,후라이드 맛과 약간 매운맛 둘 다 만족스럽습니다! 아주 맛있게 먹었어요. 다음에도 또 시켜 먹게 될 것 같아요!
57,큰집닭강정-성대점,5.0,서울특별시 종로구 명륜2가 148 1층 우측호,hw**님,5.0,2022년 2월 9일,정 말 맛있게 잘 먹었습니다   ㅎㅎㅎ
58,큰집닭강정-성대점,5.0,서울특별시 종로구 명륜2가 148 1층 우측호,ip**님,5.0,2022년 2월 9일,빠르고 맛이ㅛ어요ㅎㅎ
59,큰집닭강정-성대점,5.0,서울특별시 종로구 명륜2가 148 1층 우측호,zz**님,5.0,2022년 2월 9일,"치킨 시킬 때마다 매번 고민했었는데 이제는 고민하지 않습니다.
무조건 여기서 시켜요. 리뷰 남기고 또 주문하러 가려구요..."
60,큰집닭강정-성대점,5.0,서울특별시 종로구 명륜2가 148 1층 우측호,mj**님,5.0,2022년 2월 7일,배달빠르고 양이 많아여
61,큰집닭강정-성대점,5.0,서울특별시 종로구 명륜2가 148 1층 우측호,oh**님,5.0,2022년 2월 6일,맛있어요! 둘이서 먹었움
62,큰집닭강정-성대점,5.0,서울특별시 종로구 명륜2가 148 1층 우측호,ki**님,5.0,2022년 2월 6일,잘먹었습니다 사장님!
63,큰집닭강정-성대점,5.0,서울특별시 종로구 명륜2가 148 1층 우측호,ta**님,5.0,2022년 2월 6일,초등 저학년 아이들이 먹기엔 매웠어요 ㅠㅠ
64,큰집닭강정-성대점,5.0,서울특별시 종로구 명륜2가 148 1층 우측호,fl**님,5.0,2022년 2월 6일,맛집입니다 닭강정부터 치즈스틱 치즈볼까지 안맛있는게 없어요
65,큰집닭강정-성대점,5.0,서울특별시 종로구 명륜2가 148 1층 우측호,jw**님,5.0,2022년 2월 5일,푸짐하고 맛있어요!!!
66,큰집닭강정-성대점,5.0,서울특별시 종로구 명륜2가 148 1층 우측호,ym**님,5.0,2022년 2월 5일,잘 먹겠습니다.감사합니다.
67,큰집닭강정-성대점,5.0,서울특별시 종로구 명륜2가 148 1층 우측호,wn**님,5.0,2022년 2월 5일,리뷰 이벤트는 참여 안했지만 배달도 엄청 빠르고 양도 많고 맛도 있네요. 자주 시켜 먹겠습니다.
68,큰집닭강정-성대점,5.0,서울특별시 종로구 명륜2가 148 1층 우측호,ym**님,4.0,2022년 1월 31일,감사합니다 잘 받았습니다.
69,큰집닭강정-성대점,5.0,서울특별시 종로구 명륜2가 148 1층 우측호,jj**님,5.0,2022년 1월 31일,"맛있어요
맵찔이라 겁먹고 약매 시켰는데 안 매워서 다음에는 중간매운맛 도전입니다
떡강정 추가했는데 음료수컵으로 한컵가득 주셨어요
가성비 짱!"
70,큰집닭강정-성대점,5.0,서울특별시 종로구 명륜2가 148 1층 우측호,wl**님,5.0,2022년 1월 30일,"치킨무 추가하려고 전화드렸는데 사장님 친절함에 1차 감동, 서비스로 주신다는 말에 2차 감동, 새해 인사까지 친절하게 해주신 사장님 덕에 아주 기분 좋게 전화를 끊고, 배달 오자마자 후다닥 사진찍고 한입 먹었는데 너무 맛있어서 또 감동 ㅠㅠ 맛있게 만들어주셔서 감사합니다 덕분에 기분 좋게, 배부르고 맛있게 잘 먹었습니다 너무 만족스러운 주문이였어요! 복 많이 받으시고 대박나세요 ❤️"
71,큰집닭강정-성대점,5.0,서울특별시 종로구 명륜2가 148 1층 우측호,sh**님,5.0,2022년 1월 26일,"중간매운맛 완전 딱 취저!!! 
넘 맵지않고 다 먹을때쯤 씁하 하면서 매워지는
최적의 매운맛...♡
닭강정도 퍽살 하나 없이 다 넘 부드럽고 맛있어요ㅠㅠ
제 최애 닭강정집!!!!! 최고입니다
돈 추가하고 반반맛이 가능해지는 날이 오길...☆"
72,큰집닭강정-성대점,5.0,서울특별시 종로구 명륜2가 148 1층 우측호,bb**님,5.0,2022년 1월 25일,강정 먹고싶으면 시키는 곳!!
73,큰집닭강정-성대점,5.0,서울특별시 종로구 명륜2가 148 1층 우측호,ho**님,5.0,2022년 1월 24일,양도많고 맛잇어요~~~~~~~
74,큰집닭강정-성대점,5.0,서울특별시 종로구 명륜2가 148 1층 우측호,ka**님,5.0,2022년 1월 23일,맛있습니다. 배달도 빠릅니다^^
75,큰집닭강정-성대점,5.0,서울특별시 종로구 명륜2가 148 1층 우측호,kd**님,5.0,2022년 1월 23일,맛있어요 나중에 또 주문 예정입니다
76,큰집닭강정-성대점,5.0,서울특별시 종로구 명륜2가 148 1층 우측호,py**님,5.0,2022년 1월 23일,잘먹었습니다 자주 시킬 것 같네요 ㅎㅎ
77,큰집닭강정-성대점,5.0,서울특별시 종로구 명륜2가 148 1층 우측호,pw**님,4.0,2022년 1월 23일,맛있었어요~~~~~~
78,큰집닭강정-성대점,5.0,서울특별시 종로구 명륜2가 148 1층 우측호,si**님,5.0,2022년 1월 21일,강정랑 떡이 너무 맛있어요. 사장님도 너무 친절하십니다!
79,큰집닭강정-성대점,5.0,서울특별시 종로구 명륜2가 148 1층 우측호,se**님,5.0,2022년 1월 21일,맛잇게 잘 먹었습니다. 약간 매운맛 좋네요. 음료 대신 양 많이를 선택했지만 2인분까지는 안되어 보였습니다. 아무래도 제가 돼지인거겠죠? 배달은 요기요 익스프레스다보니 후다닥 와주셨습니다.
80,큰집닭강정-성대점,5.0,서울특별시 종로구 명륜2가 148 1층 우측호,bm**님,4.666666666666667,2022년 1월 21일,"진짜 맛있었습니다
감사합니다"
81,큰집닭강정-성대점,5.0,서울특별시 종로구 명륜2가 148 1층 우측호,dh**님,5.0,2022년 1월 20일,맛있어요!! 잘 먹었습니다!
82,큰집닭강정-성대점,5.0,서울특별시 종로구 명륜2가 148 1층 우측호,el**님,5.0,2022년 1월 19일,맛있게 먹었습니다 약간매운맛 딱 좋았음
83,큰집닭강정-성대점,5.0,서울특별시 종로구 명륜2가 148 1층 우측호,go**님,5.0,2022년 1월 19일,맛있습니다. 이런 맛은 기분을 업시켜주네요^^ 사업 번성하세요~~
84,큰집닭강정-성대점,5.0,서울특별시 종로구 명륜2가 148 1층 우측호,to**님,5.0,2022년 1월 19일,배달도 빠르고 맛있습니다
85,큰집닭강정-성대점,5.0,서울특별시 종로구 명륜2가 148 1층 우측호,gm**님,5.0,2022년 1월 18일,맛잇어요 닭강정은 여기서 시키면 됨
86,큰집닭강정-성대점,5.0,서울특별시 종로구 명륜2가 148 1층 우측호,cj**님,5.0,2022년 1월 17일,항상 맛있게 먹고 있습니다 :-)
87,큰집닭강정-성대점,5.0,서울특별시 종로구 명륜2가 148 1층 우측호,jo**님,5.0,2022년 1월 17일,너무 맛있게 먹었어요 닭강정은 항상 여기서만 먹습니다
88,큰집닭강정-성대점,5.0,서울특별시 종로구 명륜2가 148 1층 우측호,jy**님,5.0,2022년 1월 16일,오랫만에 또 주문햇는데 여전히맛나네옹 ㅎㅎ 고구마스틱도 감사해영!
89,큰집닭강정-성대점,5.0,서울특별시 종로구 명륜2가 148 1층 우측호,bb**님,5.0,2022년 1월 12일,양이랑 맛이 완전 만족해요!!
90,큰집닭강정-성대점,5.0,서울특별시 종로구 명륜2가 148 1층 우측호,ji**님,4.666666666666667,2022년 1월 11일,양이 많아서 만족합니다 잘먹을게요^^
91,큰집닭강정-성대점,5.0,서울특별시 종로구 명륜2가 148 1층 우측호,jo**님,5.0,2022년 1월 11일,너무 맛있게 잘 먹었습니다 !!!
92,큰집닭강정-성대점,5.0,서울특별시 종로구 명륜2가 148 1층 우측호,da**님,5.0,2022년 1월 9일,맛있게 잘먹었습니당
93,큰집닭강정-성대점,5.0,서울특별시 종로구 명륜2가 148 1층 우측호,kd**님,5.0,2022년 1월 9일,맛있어요 나중에 또 주문 예정입니다
94,큰집닭강정-성대점,5.0,서울특별시 종로구 명륜2가 148 1층 우측호,gu**님,5.0,2022년 1월 8일,맛있네요! 고구마스틱이랑 닭강정 다 👍👍
95,큰집닭강정-성대점,5.0,서울특별시 종로구 명륜2가 148 1층 우측호,kd**님,5.0,2022년 1월 7일,맛있어요 나중에 또 주문 예정입니다
96,큰집닭강정-성대점,5.0,서울특별시 종로구 명륜2가 148 1층 우측호,zz**님,5.0,2022년 1월 6일,"사진을 찍은 줄 알았는데 안 찍었었네요...
서비스도 많이 주시고 새해 복 많이 받으라는 쪽지까지 보내주시니 맛이야 말할 필요도 없지만 배달 시키면서 이렇게 감동 받은 건 처음인 것 같습니다.
이렇게 제가 단골이 되었네요. 사장님도 새해 복 많이 받으시고 올해 장사 잘 되시기를 바라겠습니다."
97,큰집닭강정-성대점,5.0,서울특별시 종로구 명륜2가 148 1층 우측호,bi**님,5.0,2022년 1월 4일,아주 존맛탱입니다
98,큰집닭강정-성대점,5.0,서울특별시 종로구 명륜2가 148 1층 우측호,jo**님,5.0,2022년 1월 3일,너무 맛있게 잘 먹었습니다
99,큰집닭강정-성대점,5.0,서울특별시 종로구 명륜2가 148 1층 우측호,ji**님,5.0,2022년 1월 2일,닭강정도 맛있도 고구마스틱도 마싯어용
100,큰집닭강정-성대점,5.0,서울특별시 종로구 명륜2가 148 1층 우측호,rh**님,5.0,2022년 1월 1일,맛있게 잘 먹었습니다! 새해 복 많이 받으세요!
101,큰집닭강정-성대점,5.0,서울특별시 종로구 명륜2가 148 1층 우측호,zz**님,5.0,2022년 1월 1일,"바로 바로 리뷰를 작성했어야 되는데 까먹어서 몰아서 쓰고 있습니다...
저번에 중간 매운 맛 먹은 지 얼마 안 됐는데 이번에는 간장 맛으로 먹어보았습니다. 사진 찍는 것도 까먹지 않았지요. 먹어본 결과, 간장 맛도 충분히 맛있습니다. 양념 vs 간장 누가 이겼을까요? 정답은 그때그때 다릅니다. 그날 먹고 싶은 걸 고르면 될 것 같네요. 우열을 가리기가 힘듭니다. 어쨌든 큰집닭강정은 제겐 훌륭한 음식이네요. 한 가지 인상적이었던 점은 음료를 받지 않고 고기 추가를 할 수 있다는 점입니다. 저같이 제로만 먹는 사람에게는 더없이 좋네요."
102,큰집닭강정-성대점,5.0,서울특별시 종로구 명륜2가 148 1층 우측호,zz**님,5.0,2022년 1월 1일,"저 맵찔이인데 중간 매운맛 괜찮았어요. 좀 매콤한 정도네요.
일단 양이 많아서 보통 치킨 시키면 한 번에 클리어할 때가 많은데 여기서 시키면 두 번에 나눠 먹어요. 맛도 좋고, 가성비도 훌륭한 큰집닭강정...
묻지도 따지지도 말고 한번 드셔보세요. 앞으로도 여기서 자주 시켜먹을 것 같아요."
103,큰집닭강정-성대점,5.0,서울특별시 종로구 명륜2가 148 1층 우측호,se**님,5.0,2021년 12월 31일,너무 맛있어요ㅠㅠ 다른 맛들도 궁금해지네용!! 담에 도장깨기 하듯이 다 먹어볼게요~~
104,큰집닭강정-성대점,5.0,서울특별시 종로구 명륜2가 148 1층 우측호,wl**님,5.0,2021년 12월 30일,맛있어요 나중에 또 주문 예정입니다
105,큰집닭강정-성대점,5.0,서울특별시 종로구 명륜2가 148 1층 우측호,ha**님,5.0,2021년 12월 29일,맛있게 잘 먹었습니당
106,큰집닭강정-성대점,5.0,서울특별시 종로구 명륜2가 148 1층 우측호,qw**님,5.0,2021년 12월 28일,맛있게 먹었습니다.
107,큰집닭강정-성대점,5.0,서울특별시 종로구 명륜2가 148 1층 우측호,dk**님,5.0,2021년 12월 28일,너무 맛있어요 배달도 적당하고 좋아요
108,큰집닭강정-성대점,5.0,서울특별시 종로구 명륜2가 148 1층 우측호,jy**님,5.0,2021년 12월 27일,항상주문해서먹는데 맛있어용:)
109,큰집닭강정-성대점,5.0,서울특별시 종로구 명륜2가 148 1층 우측호,ji**님,5.0,2021년 12월 24일,치즈스틱 서비스 와우.. 감사합니다. 맛있게 잘 먹고 있습니다. 파이팅 !
110,큰집닭강정-성대점,5.0,서울특별시 종로구 명륜2가 148 1층 우측호,ai**님,5.0,2021년 12월 17일,닭강정 맛있네요! 맵찔이라 순한맛 시켰는데 정말 잘 선택한것 같아요! 먹은뒤에 적당히 알싸한 맛이 좋아요!
111,큰집닭강정-성대점,5.0,서울특별시 종로구 명륜2가 148 1층 우측호,cj**님,5.0,2021년 12월 16일,"너무 맛있게 먹었어요♡
치즈스틱 서비스도 조합 최고!!"
112,큰집닭강정-성대점,5.0,서울특별시 종로구 명륜2가 148 1층 우측호,jy**님,5.0,2021년 12월 16일,큰집닭강정알게된후로는 항상 여기서 주문해서먹어용!! 감사합니다><
113,큰집닭강정-성대점,5.0,서울특별시 종로구 명륜2가 148 1층 우측호,gb**님,5.0,2021년 12월 15일,신선하고  담백 쫄기한 닭강정 절대지존  떡볶이떡는 찹쌀떡 처럼 쫄깃 방앗간 에서 맛 뽑은듯한 식감 양념도 넉넉히 묻혀주셔서  양념에 밥 비벼서 먹었어요  짱 입니다  정성스러운 손편지또한 감동 백배입니다
114,큰집닭강정-성대점,5.0,서울특별시 종로구 명륜2가 148 1층 우측호,rh**님,5.0,2021년 12월 11일,소스도 듬뿍! 맛있게 잘 먹었습니다!
115,큰집닭강정-성대점,5.0,서울특별시 종로구 명륜2가 148 1층 우측호,su**님,5.0,2021년 12월 9일,맛있어서 먹다가 사진 안 찍은거 생각남...
116,큰집닭강정-성대점,5.0,서울특별시 종로구 명륜2가 148 1층 우측호,jy**님,5.0,2021년 12월 9일,항상 손편지 정성스럽게 써주셔서 감사합니당~~~!!😍이번에도 맛잇게 잘먹었어요:)
117,큰집닭강정-성대점,5.0,서울특별시 종로구 명륜2가 148 1층 우측호,ka**님,5.0,2021년 12월 6일,닭강정이 맛나고 떡도 많아 좋아요
118,큰집닭강정-성대점,5.0,서울특별시 종로구 명륜2가 148 1층 우측호,wl**님,5.0,2021년 12월 5일,맛있어요 나중에 재구매
119,큰집닭강정-성대점,5.0,서울특별시 종로구 명륜2가 148 1층 우측호,me**님,5.0,2021년 12월 4일,딱 옛날 닭강정 맛으로 달달매콤 맛있어요! 떡도 많이 넣어주셔서 좋아용
120,큰집닭강정-성대점,5.0,서울특별시 종로구 명륜2가 148 1층 우측호,gb**님,5.0,2021년 12월 3일,깔끔 담백 쫄깃 육즙  팡팡 떡볶이떡 직접뽑은듯 명품 쫄깃함  양념은 국가 대표급 이네요  쿠킹호일 뚤릴때 까지 한방울 까지 싹싹 먹었어요  대한민국  닭강정의 전설적 상아탑을 쌓을 전설이 네요
121,큰집닭강정-성대점,5.0,서울특별시 종로구 명륜2가 148 1층 우측호,kd**님,5.0,2021년 12월 2일,익스프레스 배달 나중에 또 주문 예정입니다
122,큰집닭강정-성대점,5.0,서울특별시 종로구 명륜2가 148 1층 우측호,ri**님,5.0,2021년 12월 1일,완전빠르고 맛있어요!!!!
123,큰집닭강정-성대점,5.0,서울특별시 종로구 명륜2가 148 1층 우측호,kd**님,5.0,2021년 12월 1일,익스프레스 배달 ㅇ재구매 예정
124,큰집닭강정-성대점,5.0,서울특별시 종로구 명륜2가 148 1층 우측호,kd**님,5.0,2021년 11월 30일,익스프레스 배달 추후 재주문
125,큰집닭강정-성대점,5.0,서울특별시 종로구 명륜2가 148 1층 우측호,co**님,5.0,2021년 11월 28일,배달도 엄청 빨리왔고 닭강정 정말 맛있네요~
126,큰집닭강정-성대점,5.0,서울특별시 종로구 명륜2가 148 1층 우측호,jy**님,5.0,2021년 11월 27일,직접 손편지도 써주시고 잘 챙겨주셔서 감사합니다:) 자주  주문할께용^*
127,큰집닭강정-성대점,5.0,서울특별시 종로구 명륜2가 148 1층 우측호,it**님,5.0,2021년 11월 27일,싱싱한 닭으로 조리한 느낌이 듭니다. 양은 아주 푸짐하지도 않고 적지도 않은 적당하게 들어있고요. 양념은 간이 조금 더 세지면 좋을듯해요. 감사히 잘 먹었습니다 ^^
128,큰집닭강정-성대점,5.0,서울특별시 종로구 명륜2가 148 1층 우측호,sh**님,5.0,2021년 11월 26일,"양 정말 많구 맛있어요~~~~~☆
맵찔이인 저한테 약간 매운맛이 딱 좋고
좀더 먀운게 땡기는날에는 중간 매운맛! 
많이 맵지는 않지만 먹으면서 살짝 씁 하 하게 되는 맛이에요ㅎㅎㅎ 맛있어요~~~☆
많이먹는편이라 음료대신 고기더 했는데
양이 생각보다도 엄청 많아서 음료선택해도 후회 안할것같아요!! 
번창하세요~~~~"
129,큰집닭강정-성대점,5.0,서울특별시 종로구 명륜2가 148 1층 우측호,jy**님,5.0,2021년 11월 24일,"닭강정도 맛있고 빠른배달항상 감사합니당:) 탄산안마셔서 항상 주문할때 힘들었는데, 음료대신 고기추가하는 옵션도 너무 좋아용! 번창하세요~"
130,큰집닭강정-성대점,5.0,서울특별시 종로구 명륜2가 148 1층 우측호,rh**님,5.0,2021년 11월 22일,잘 먹었습니다! 맨날 포장만 하다가 요기요에 새로 생겨서 주문해 봤어요!
131,큰집닭강정-성대점,5.0,서울특별시 종로구 명륜2가 148 1층 우측호,jy**님,5.0,2021년 11월 21일,먹다가 찍었는데!! 정말맛있어요!! 따뜻할때먹으면 더더더맛잇고 식어도 맛있네용!! 고구마 치즈스틱도 짱맛잇습니당! 강추요!
132,큰집닭강정-성대점,5.0,서울특별시 종로구 명륜2가 148 1층 우측호,co**님,5.0,2021년 11월 19일,양념이 푸짐하고 단짠으로 아주 좋네요
