0,푸라닭-대학로점,4.8,서울 종로구 동숭동 1-89 석마빌딩 1층 102호,wj**님,5.0,어제,항상 믿고 시키는  푸라닭
1,푸라닭-대학로점,4.8,서울 종로구 동숭동 1-89 석마빌딩 1층 102호,in**님,4.333333333333333,어제,"예전엔 맛났었는데,, 이번에는 염지를 너무 강하게 한듯 많이 짜네요~"
2,푸라닭-대학로점,4.8,서울 종로구 동숭동 1-89 석마빌딩 1층 102호,   손님,4.666666666666667,2일 전,"잘먹었습니다.
또 배달시킬게요."
0,푸라닭-대학로점,4.8,서울 종로구 동숭동 1-89 석마빌딩 1층 102호,wj**님,5.0,어제,항상 믿고 시키는  푸라닭
1,푸라닭-대학로점,4.8,서울 종로구 동숭동 1-89 석마빌딩 1층 102호,in**님,4.333333333333333,어제,"예전엔 맛났었는데,, 이번에는 염지를 너무 강하게 한듯 많이 짜네요~"
2,푸라닭-대학로점,4.8,서울 종로구 동숭동 1-89 석마빌딩 1층 102호,   손님,4.666666666666667,2일 전,"잘먹었습니다.
또 배달시킬게요."
0,푸라닭-대학로점,4.8,서울 종로구 동숭동 1-89 석마빌딩 1층 102호,wj**님,5.0,어제,항상 믿고 시키는  푸라닭
1,푸라닭-대학로점,4.8,서울 종로구 동숭동 1-89 석마빌딩 1층 102호,in**님,4.333333333333333,어제,"예전엔 맛났었는데,, 이번에는 염지를 너무 강하게 한듯 많이 짜네요~"
2,푸라닭-대학로점,4.8,서울 종로구 동숭동 1-89 석마빌딩 1층 102호,   손님,4.666666666666667,2일 전,"잘먹었습니다.
또 배달시킬게요."
0,푸라닭-대학로점,4.8,서울 종로구 동숭동 1-89 석마빌딩 1층 102호,wj**님,5.0,어제,항상 믿고 시키는  푸라닭
1,푸라닭-대학로점,4.8,서울 종로구 동숭동 1-89 석마빌딩 1층 102호,in**님,4.333333333333333,어제,"예전엔 맛났었는데,, 이번에는 염지를 너무 강하게 한듯 많이 짜네요~"
2,푸라닭-대학로점,4.8,서울 종로구 동숭동 1-89 석마빌딩 1층 102호,   손님,4.666666666666667,2일 전,"잘먹었습니다.
또 배달시킬게요."
3,푸라닭-대학로점,4.8,서울 종로구 동숭동 1-89 석마빌딩 1층 102호,se**님,5.0,3일 전,서비스도 주시고 따뜻하게 왔어요! 닭 자체가 맛있는 것 같아요. 오븐에 구운 치킨이라 그런지 고소하고 너무 기름지지도 않고 딱이에요. 정말 맛있게 잘 먹었습니다!
4,푸라닭-대학로점,4.8,서울 종로구 동숭동 1-89 석마빌딩 1층 102호,sk**님,5.0,4일 전,"역시 실망시키지 않음
너무너무. 맛있어요. 제 입맛에 딱ㅡㅡㅡㅡ"
5,푸라닭-대학로점,4.8,서울 종로구 동숭동 1-89 석마빌딩 1층 102호,dl**님,5.0,4일 전,잘 먹었습니다 :)
6,푸라닭-대학로점,4.8,서울 종로구 동숭동 1-89 석마빌딩 1층 102호,ar**님,5.0,5일 전,JMT JMT JMT JMT JMT
7,푸라닭-대학로점,4.8,서울 종로구 동숭동 1-89 석마빌딩 1층 102호,ar**님,5.0,5일 전,"너무 급하게 먹어 사진이 없네용
이틀연속 콘소어쩌구 시켜먹네요 존맛탱입니다"
8,푸라닭-대학로점,4.8,서울 종로구 동숭동 1-89 석마빌딩 1층 102호,te**님,5.0,5일 전,넘 마시써요!! 옥시시 꼭  추가하세요~~
9,푸라닭-대학로점,4.8,서울 종로구 동숭동 1-89 석마빌딩 1층 102호,de**님,5.0,2022년 4월 12일,떡을 좋아하는 여자친구 덕분에 푸라닭 떡이 꽤 맛있다는 걸 알게 됐네요! 마늘 양이 살짝 아쉽긴 한데 진성 한국인이라 그런가봐요ㅎㅎ 맛있고 양도 만족스러웠습니다
10,푸라닭-대학로점,4.8,서울 종로구 동숭동 1-89 석마빌딩 1층 102호,ti**님,5.0,2022년 4월 11일,배달도 빠르고 맛있어요
11,푸라닭-대학로점,4.8,서울 종로구 동숭동 1-89 석마빌딩 1층 102호,mk**님,4.0,2022년 4월 10일,퍽퍽푹탁퍽퍼퍽퍽퍽퍽
12,푸라닭-대학로점,4.8,서울 종로구 동숭동 1-89 석마빌딩 1층 102호,gu**님,5.0,2022년 4월 10일,배달 정말 빨리왔네요 맛있어요
13,푸라닭-대학로점,4.8,서울 종로구 동숭동 1-89 석마빌딩 1층 102호,gu**님,5.0,2022년 4월 9일,맛있게 잘먹었어요!!
14,푸라닭-대학로점,4.8,서울 종로구 동숭동 1-89 석마빌딩 1층 102호,yo**님,5.0,2022년 4월 8일,맛있습니다♡♡♡♡♡♡♡
15,푸라닭-대학로점,4.8,서울 종로구 동숭동 1-89 석마빌딩 1층 102호,wj**님,5.0,2022년 4월 7일,진짜 맛있게 먹었어요 리뷰이벤트로 주신 포테이토도 맛있었어요~
16,푸라닭-대학로점,4.8,서울 종로구 동숭동 1-89 석마빌딩 1층 102호,po**님,4.666666666666667,2022년 4월 6일,맛있게 잘 먹었습니다 감사합니다
17,푸라닭-대학로점,4.8,서울 종로구 동숭동 1-89 석마빌딩 1층 102호,jj**님,5.0,2022년 4월 6일,"배달 복잡한 상가건물이라 찾느라 라이더님이 고생하셨어요 
그래도 식지않게 잘 와서 맛있게 먹었어요 
요청사항대로 알새우칩도 따로 넣어주셔서 잘 먹었습니다"
18,푸라닭-대학로점,4.8,서울 종로구 동숭동 1-89 석마빌딩 1층 102호,ve**님,5.0,2022년 4월 5일,잘먹겠습니다감사합니다
19,푸라닭-대학로점,4.8,서울 종로구 동숭동 1-89 석마빌딩 1층 102호,rl**님,5.0,2022년 4월 4일,너무 맛있어요 역시 믿고 먹는 푸라닭 ㅎㅎㅎ
20,푸라닭-대학로점,4.8,서울 종로구 동숭동 1-89 석마빌딩 1층 102호,eg**님,5.0,2022년 4월 4일,맛있게 잘멀었습니다
21,푸라닭-대학로점,4.8,서울 종로구 동숭동 1-89 석마빌딩 1층 102호,ac**님,3.3333333333333335,2022년 4월 4일,롤챔스보는데 맛있게 잘먹었습니다
22,푸라닭-대학로점,4.8,서울 종로구 동숭동 1-89 석마빌딩 1층 102호,76**님,4.666666666666667,2022년 4월 3일,맛있어요!
23,푸라닭-대학로점,4.8,서울 종로구 동숭동 1-89 석마빌딩 1층 102호,tm**님,3.0,2022년 4월 3일,대학로점 맛잇어요~~ 푸라닭은 지점마다 살짝 차이가 있는데 대학로점은 믿고 먹습니다 ㅎㅎ
24,푸라닭-대학로점,4.8,서울 종로구 동숭동 1-89 석마빌딩 1층 102호,yd**님,5.0,2022년 4월 2일,잘 먹었습니다
25,푸라닭-대학로점,4.8,서울 종로구 동숭동 1-89 석마빌딩 1층 102호,jj**님,5.0,2022년 4월 2일,완전 바삭바삭하고 넘 맛있어용~~♡♡
26,푸라닭-대학로점,4.8,서울 종로구 동숭동 1-89 석마빌딩 1층 102호,nn**님,5.0,2022년 4월 1일,맛있어요 다들 드셔요
27,푸라닭-대학로점,4.8,서울 종로구 동숭동 1-89 석마빌딩 1층 102호,ja**님,4.666666666666667,2022년 3월 31일,"배달 시간이 조금 넘어서 와서 아쉽긴 했지만 맛과 양은 굉장히 만족했습니다!
다만 가게 소개에 써있는대로 알새우칩을 먹고 싶어서 따로 빼달라고 요청을 했는데 잘못 받아들이셨는지 알새우칩이 안온게 조금 아쉽네요!"
28,푸라닭-대학로점,4.8,서울 종로구 동숭동 1-89 석마빌딩 1층 102호,al**님,5.0,2022년 3월 30일,맛있어용!! 갑자기 생각나서 시켰는데 배달도 예상시간보다 일찍와서 좋았어요! 근데 이제 쿠폰은 안주는건가요? 쿠폰이 없네요ㅠㅠ
29,푸라닭-대학로점,4.8,서울 종로구 동숭동 1-89 석마빌딩 1층 102호,th**님,5.0,2022년 3월 30일,음.. 오늘은 웨지감자만 시켰는데 떡볶이도 넣어주신 넉넉함 ㅎ.. 사장님 덕분에 잘 먹었습니다.. 오늘은 꿔바로우 다른맛으로 시켰는데 매운거 먹고 번갈아 가면서 먹으니 좋네여.. 날씨가 흐린날은 저녁 늦은것 보다는 좀더 일찌기 시켯는데 저녁시간에 딱 맞춰서 온거 같네요.. 글구 여러변동이 많고 모든면에 노출된 시국에 사장님도 더욱이 힘내시구 건강유이 하십시오.. 고맙습니다......^^
30,푸라닭-대학로점,4.8,서울 종로구 동숭동 1-89 석마빌딩 1층 102호,ga**님,5.0,2022년 3월 30일,달콤짭짤한 블랙알리오랑 매콤달콤한 고추마요랑 같이 먹으면 어울리고 더 맛있어서 한번씩 생각나요 오늘도 맛있게 잘 먹었습니다 서비스 떡사리 추가해주셔서 감사합니다~
31,푸라닭-대학로점,4.8,서울 종로구 동숭동 1-89 석마빌딩 1층 102호,92**님,3.6666666666666665,2022년 3월 30일,떡추가해서 먹었는데 너무 맛있어요.
32,푸라닭-대학로점,4.8,서울 종로구 동숭동 1-89 석마빌딩 1층 102호,ve**님,5.0,2022년 3월 29일,감사합니다 잘먹을게요
33,푸라닭-대학로점,4.8,서울 종로구 동숭동 1-89 석마빌딩 1층 102호,os**님,5.0,2022년 3월 29일,역시 진리의 블랙알리오~~ 떡사리 양도 많고 치킨 넘나 맛있어용
34,푸라닭-대학로점,4.8,서울 종로구 동숭동 1-89 석마빌딩 1층 102호,lo**님,5.0,2022년 3월 29일,"역시나 맛있었어요👍👍 절대 실패하지 않은 맛👍👍
근데 감튀며 치킨이며 식어서왔오요 차갑...ㅠ 
그래도 식어도 맛있는 푸라닭❤"
35,푸라닭-대학로점,4.8,서울 종로구 동숭동 1-89 석마빌딩 1층 102호,je**님,5.0,2022년 3월 28일,진짜진짜 맛있어요ㅠㅠㅠㅠ옥수수 최고예요
36,푸라닭-대학로점,4.8,서울 종로구 동숭동 1-89 석마빌딩 1층 102호,ph**님,4.0,2022년 3월 28일,음식을 잘못 배달했어요 ㅠㅠ
37,푸라닭-대학로점,4.8,서울 종로구 동숭동 1-89 석마빌딩 1층 102호,kt**님,5.0,2022년 3월 27일,"다른식당들은 재료소진이면 아무말없이 취소시키던데 따로 전화해서 설명해주셔서 다른메뉴로바꿀수있었어요 감사합니다
고추마요만먹다가 블랙알리오는 처음먹어봤는데 대표메뉴인 이유가있네요 리뷰이벤트 포테이토도 푸짐하게 들어있어서 배부르게먹을수있을거같아요~"
38,푸라닭-대학로점,4.8,서울 종로구 동숭동 1-89 석마빌딩 1층 102호,os**님,4.666666666666667,2022년 3월 27일,처음 먹어봤는데 고추마요 진짜 맛있었네요 ㅎㅎ 배달이 좀 늦어서 대실퇴식시간 간당간당해서 먹을때 급하게 먹었던게 좀 아쉽네요 그래도 뭐 이건 배달대행 문제니까 넘어가고 맛있게 먹었어요~
39,푸라닭-대학로점,4.8,서울 종로구 동숭동 1-89 석마빌딩 1층 102호,ja**님,5.0,2022년 3월 26일,콘소메이징 너무 마싯어요!!! 옥수수 추가 할 수 있어 넘 좋네용😍😍 떡볶이도 쫀득하니 굿굿
40,푸라닭-대학로점,4.8,서울 종로구 동숭동 1-89 석마빌딩 1층 102호,gp**님,4.666666666666667,2022년 3월 26일,푸라닭 정말 맛있어요 고추마요는 다시 데워먹어도 맛있네요
41,푸라닭-대학로점,4.8,서울 종로구 동숭동 1-89 석마빌딩 1층 102호,ac**님,3.3333333333333335,2022년 3월 26일,오랜만에 먹는데 역시나 맛있습니다
42,푸라닭-대학로점,4.8,서울 종로구 동숭동 1-89 석마빌딩 1층 102호,lo**님,5.0,2022년 3월 26일,리뷰이벤트로 주신 떡과 치킨이 정말 잘어울려요
43,푸라닭-대학로점,4.8,서울 종로구 동숭동 1-89 석마빌딩 1층 102호,ss**님,5.0,2022년 3월 26일,배달도 빨리오고 맛도 기가 막히네요. 양도 충분해요 역시 명품치킨..^^ 또 시킬게요
44,푸라닭-대학로점,4.8,서울 종로구 동숭동 1-89 석마빌딩 1층 102호,j3**님,5.0,2022년 3월 26일,역시 맛있어요!!비왔는데 배달도 생각보다 빨리오고 요청 사항도 다 들어주셨어요:D 다음에 또 주문할께요
45,푸라닭-대학로점,4.8,서울 종로구 동숭동 1-89 석마빌딩 1층 102호,xo**님,5.0,2022년 3월 26일,진짜 너무 맛있네요. 알리오는 처음먹어보는 맛인데 고급스럽고 정말 만족한 야식이었습니다!
46,푸라닭-대학로점,4.8,서울 종로구 동숭동 1-89 석마빌딩 1층 102호,eu**님,5.0,2022년 3월 25일,배달도 빠르고 맛도 너무 좋아요!!!배부르고 맛나게 잘 먹었습니당~
47,푸라닭-대학로점,4.8,서울 종로구 동숭동 1-89 석마빌딩 1층 102호,do**님,5.0,2022년 3월 25일,맛있게 잘 먹었어요. 역시 고추마요가 짱!!
48,푸라닭-대학로점,4.8,서울 종로구 동숭동 1-89 석마빌딩 1층 102호,04**님,5.0,2022년 3월 25일,맛있게 잘먹었습니다ㅎㅎ
49,푸라닭-대학로점,4.8,서울 종로구 동숭동 1-89 석마빌딩 1층 102호,gu**님,5.0,2022년 3월 25일,신메뉴 처음 먹어봤는데 맛있어요~
50,푸라닭-대학로점,4.8,서울 종로구 동숭동 1-89 석마빌딩 1층 102호,gk**님,5.0,2022년 3월 24일,맛있게 잘 먹었습니다
51,푸라닭-대학로점,4.8,서울 종로구 동숭동 1-89 석마빌딩 1층 102호,se**님,3.3333333333333335,2022년 3월 23일,한 조각 먹고 찍었어요 ㅎㅎ 역시 블랙마요 맛있네요
52,푸라닭-대학로점,4.8,서울 종로구 동숭동 1-89 석마빌딩 1층 102호,rl**님,5.0,2022년 3월 23일,치킨은 맛있는데 옥수수는 그닥
53,푸라닭-대학로점,4.8,서울 종로구 동숭동 1-89 석마빌딩 1층 102호,yo**님,5.0,2022년 3월 23일,"배달 시간을 약간 오버했지만
애초에 바삭보다는 소스 위주였기에 딱히 문제 없이 잘 먹었어요

잘 먹었습니다~~"
54,푸라닭-대학로점,4.8,서울 종로구 동숭동 1-89 석마빌딩 1층 102호,51**님,5.0,2022년 3월 22일,맛있네요 둘다존맛 추천
55,푸라닭-대학로점,4.8,서울 종로구 동숭동 1-89 석마빌딩 1층 102호,ys**님,5.0,2022년 3월 22일,역시 치킨은 푸라닭!
56,푸라닭-대학로점,4.8,서울 종로구 동숭동 1-89 석마빌딩 1층 102호,ha**님,5.0,2022년 3월 21일,잘 먹었습니다 덕분에 치밥했어요
57,푸라닭-대학로점,4.8,서울 종로구 동숭동 1-89 석마빌딩 1층 102호,hs**님,5.0,2022년 3월 20일,푸라닭 역시 맛있네요 양도 이렇게 많은줄 몰랐어요 잘 먹었습니다~~ 또 시켜 먹을게요
58,푸라닭-대학로점,4.8,서울 종로구 동숭동 1-89 석마빌딩 1층 102호,po**님,5.0,2022년 3월 19일,늘 먹는 블랙알리오와 기름떡볶이 레드!!  맛있었다^^
59,푸라닭-대학로점,4.8,서울 종로구 동숭동 1-89 석마빌딩 1층 102호,fa**님,4.0,2022년 3월 19일,따듯해서 좋았어요 배달짱
60,푸라닭-대학로점,4.8,서울 종로구 동숭동 1-89 석마빌딩 1층 102호,ha**님,5.0,2022년 3월 18일,이 집 떡이 맛집이네여 맛있게 잘 묵었습니다ㅎ
61,푸라닭-대학로점,4.8,서울 종로구 동숭동 1-89 석마빌딩 1층 102호,al**님,5.0,2022년 3월 18일,맛있게 잘먹었습니다
62,푸라닭-대학로점,4.8,서울 종로구 동숭동 1-89 석마빌딩 1층 102호,l1**님,5.0,2022년 3월 17일,잘 먹었어요. 너무 너무 맛있어요
63,푸라닭-대학로점,4.8,서울 종로구 동숭동 1-89 석마빌딩 1층 102호,bb**님,5.0,2022년 3월 16일,"빠른배달, 너무 맛있습니다"
64,푸라닭-대학로점,4.8,서울 종로구 동숭동 1-89 석마빌딩 1층 102호,ga**님,5.0,2022년 3월 15일,치킨 제시간에 따뜻하게 잘 와서 맛있게 먹었습니다~ 서비스 떡사리 감사합니다! 배달해주신 분도 친절하셨어요
65,푸라닭-대학로점,4.8,서울 종로구 동숭동 1-89 석마빌딩 1층 102호,ww**님,4.666666666666667,2022년 3월 13일,맛있었어요! 배달은 좀늦었어요ㅠ 양많아요!
66,푸라닭-대학로점,4.8,서울 종로구 동숭동 1-89 석마빌딩 1층 102호,ec**님,5.0,2022년 3월 13일,ㅎㅎㅎㅎㅎㅎㅎㅎ맛있어!ㅠ
67,푸라닭-대학로점,4.8,서울 종로구 동숭동 1-89 석마빌딩 1층 102호,18**님,5.0,2022년 3월 13일,잘 먹었어요 너무 맛있어요!
68,푸라닭-대학로점,4.8,서울 종로구 동숭동 1-89 석마빌딩 1층 102호,pl**님,5.0,2022년 3월 12일,치킨 완전 뜨겁고 배달도 빨리 왔어요 너무 맛있게 먹고 있어요 지금!!
69,푸라닭-대학로점,4.8,서울 종로구 동숭동 1-89 석마빌딩 1층 102호,rl**님,5.0,2022년 3월 12일,헐 짱이에요 콘소메이징 처음 먹었는데 완전 취향저격 패키지도 귀엽습니다
70,푸라닭-대학로점,4.8,서울 종로구 동숭동 1-89 석마빌딩 1층 102호,eu**님,5.0,2022년 3월 9일,맛있게 잘 먹었습니다!! 서비스두 감사합니다:) 진짜 맛있어요!
71,푸라닭-대학로점,4.8,서울 종로구 동숭동 1-89 석마빌딩 1층 102호,18**님,5.0,2022년 3월 8일,너무너무 맛있어요 !!!!
72,푸라닭-대학로점,4.8,서울 종로구 동숭동 1-89 석마빌딩 1층 102호,th**님,5.0,2022년 3월 7일,빠르고 오늘은 매콤이 땡겨서 꿔바로우도 매운맛으로 시켯는데 오늘도 역시나 맛나게 먹엇습니다 ㅎ.. 윙봉은 어무니가 먹기 편하시다구 해서 몇가지 종류별 시키고 있는데 실패가 없네여.. 담에는 다른맛으루 도전 하겟습니다.. with covid시대라 많은 변수가 있는데 이제 곧 정착되겟죠.. 사장님도 라이더분들도 좀더 힘내시구 오늘두 소중한 한끼 덕분에 잘먹었습니다.. 고맙습니다......^^
73,푸라닭-대학로점,4.8,서울 종로구 동숭동 1-89 석마빌딩 1층 102호,db**님,5.0,2022년 3월 6일,"존맛
시즈닝이 위와 바닥에 많으니 잘 섞어 드세요
옥수수 추가할껄 대박
콘소메이징 처음인데 넘 맛있어요 😹"
74,푸라닭-대학로점,4.8,서울 종로구 동숭동 1-89 석마빌딩 1층 102호,ph**님,5.0,2022년 3월 5일,배달도빠르고 맛도 최고네요! 다음에 또 시킬게요
75,푸라닭-대학로점,4.8,서울 종로구 동숭동 1-89 석마빌딩 1층 102호,me**님,5.0,2022년 3월 4일,맛있게잘먹었습니다!
76,푸라닭-대학로점,4.8,서울 종로구 동숭동 1-89 석마빌딩 1층 102호,bb**님,5.0,2022년 2월 25일,와 정말 맛있게 먹었습니다 ㅎㅎ 재주문할게요!
77,푸라닭-대학로점,4.8,서울 종로구 동숭동 1-89 석마빌딩 1층 102호,go**님,4.0,2022년 2월 21일,서비스로 포테이토 주셔서 감사해요!
78,푸라닭-대학로점,4.8,서울 종로구 동숭동 1-89 석마빌딩 1층 102호,da**님,5.0,2022년 2월 21일,배달도 빠르고 치킨도 맛있어요~
79,푸라닭-대학로점,4.8,서울 종로구 동숭동 1-89 석마빌딩 1층 102호,ph**님,4.666666666666667,2022년 2월 21일,정말   맜있어요~
80,푸라닭-대학로점,4.8,서울 종로구 동숭동 1-89 석마빌딩 1층 102호,nr**님,5.0,2022년 2월 20일,쪼꿈 식어서 왔지만 잘 먹었어요ㅠㅠㅠ
81,푸라닭-대학로점,4.8,서울 종로구 동숭동 1-89 석마빌딩 1층 102호,th**님,5.0,2022년 2월 19일,오 👍 👍.. 아주 따끈하다 몬해 뜨거운 음식 첨 받아봐여.. 거짓이 아닌 입천장 데일뻔 햇습니다 ㅎ.. 윙봉은 어무니가 잘드셔서 시키는거구 매운건 첨 도전 해봣는데 그리 맵지도 않구 숯불구이 맛도 나는듯 하구 무튼 맛있었어요.. 오늘두 덕분에 오랜만에 야식 배부르게 잘 먹었습니다.. 고맙습니다.. 글구 요즘이도 코로나가 식을줄 모르는데 좀더 힘내시구 감기 유의하십시오......
82,푸라닭-대학로점,4.8,서울 종로구 동숭동 1-89 석마빌딩 1층 102호,ch**님,5.0,2022년 2월 18일,너무 맛있었어요 배달도 빨리 왔던 걸로 기억하고 리뷰이벤트 없는줄 알았는데 딱 제가 원하는 감자 주셨어요!! 감자도 가루도 가득가득 쿠폰도 있어요 ~~
83,푸라닭-대학로점,4.8,서울 종로구 동숭동 1-89 석마빌딩 1층 102호,eg**님,5.0,2022년 2월 13일,"맛있게먹었다합니다
가방도 이쁘네요"
84,푸라닭-대학로점,4.8,서울 종로구 동숭동 1-89 석마빌딩 1층 102호,o3**님,5.0,2022년 2월 12일,맛있게 먹었삼요 ㅎㅎ
85,푸라닭-대학로점,4.8,서울 종로구 동숭동 1-89 석마빌딩 1층 102호,wo**님,5.0,2022년 2월 10일,"예정시간보다 빨리와서 좋았고,
종종 주문하는데 맛있게 잘 먹었습니다.
아! 콜라가 500ml라서 너무 좋아요."
86,푸라닭-대학로점,4.8,서울 종로구 동숭동 1-89 석마빌딩 1층 102호,di**님,5.0,2022년 2월 9일,푸라닭 첨 먹어봤는데 듣던대로 맛있었어요 ㅎㅎ 기름떡볶이도 생각보다 양도 많고 좋았어요
87,푸라닭-대학로점,4.8,서울 종로구 동숭동 1-89 석마빌딩 1층 102호,ja**님,4.0,2022년 2월 8일,역시 푸라닭은 스크린에서 먹는게 최고네요
88,푸라닭-대학로점,4.8,서울 종로구 동숭동 1-89 석마빌딩 1층 102호,ak**님,4.666666666666667,2022년 2월 8일,"생각보다 배송이 빨라서 좋았어요.
쿠폰은 왜 안주신건지 깜빡하신건가
다음에 두장 주세요."
89,푸라닭-대학로점,4.8,서울 종로구 동숭동 1-89 석마빌딩 1층 102호,ea**님,5.0,2022년 2월 7일,yummyyummy
90,푸라닭-대학로점,4.8,서울 종로구 동숭동 1-89 석마빌딩 1층 102호,gh**님,5.0,2022년 2월 7일,역시 푸라닭이에요 진짜 맛있네요
91,푸라닭-대학로점,4.8,서울 종로구 동숭동 1-89 석마빌딩 1층 102호,   손님,5.0,2022년 2월 5일,"🥰🥰🥰맛있다
빨리배송하고
빨리 먹고 짱"
92,푸라닭-대학로점,4.8,서울 종로구 동숭동 1-89 석마빌딩 1층 102호,mi**님,5.0,2022년 2월 3일,명품 답게 맛있습니다. 포장도 너무 고급져요
93,푸라닭-대학로점,4.8,서울 종로구 동숭동 1-89 석마빌딩 1층 102호,bj**님,5.0,2022년 2월 3일,"맛있어요
배달이 좀 식어서 아쉽지만요"
94,푸라닭-대학로점,4.8,서울 종로구 동숭동 1-89 석마빌딩 1층 102호,al**님,3.3333333333333335,2022년 2월 3일,믿먹푸 순살진짜 맛있어요
95,푸라닭-대학로점,4.8,서울 종로구 동숭동 1-89 석마빌딩 1층 102호,jj**님,5.0,2022년 2월 2일,"역시 믿고먹는 푸라닭 너무맛있게잘먹었습니다!
순살도 너무부드럽고맛있네요"
96,푸라닭-대학로점,4.8,서울 종로구 동숭동 1-89 석마빌딩 1층 102호,sn**님,5.0,2022년 2월 2일,가루풍성 맛있습니다아앗
97,푸라닭-대학로점,4.8,서울 종로구 동숭동 1-89 석마빌딩 1층 102호,zi**님,5.0,2022년 2월 2일,문앞에 살포시 두고 가신 치킨뉨의 코카콜라 빨간 보따리가 왠지 선물을 받은 기분이 듭니당~^_< 자꾸 먹어지게되는 고추마요 치킨을 촌스럽게도 이제서야 먹어봤네요~ 달큰하니 맛있어요~ 추천할만해요~!!! 맛있게 잘 먹었습니당~
98,푸라닭-대학로점,4.8,서울 종로구 동숭동 1-89 석마빌딩 1층 102호,dk**님,5.0,2022년 1월 31일,맛있게 잘먹었습니다
99,푸라닭-대학로점,4.8,서울 종로구 동숭동 1-89 석마빌딩 1층 102호,ah**님,4.0,2022년 1월 31일,맛은 있는데 양이 부족해서 조금 아쉬워요
100,푸라닭-대학로점,4.8,서울 종로구 동숭동 1-89 석마빌딩 1층 102호,lo**님,5.0,2022년 1월 30일,여기 푸라닭 진짜 맛있어서 단골이예요~오늘 배송도 빨랐고 치킨도 엄청 뜨겁고 맛있어서 너무 좋았어요~다들 대학로점에서 시켜드셔보심 좋을거 같네요~새해복 많이 받으세요 ~
101,푸라닭-대학로점,4.8,서울 종로구 동숭동 1-89 석마빌딩 1층 102호,qk**님,5.0,2022년 1월 30일,넘 맛있어요 배달도 빠르고 잘 먹었습니다
102,푸라닭-대학로점,4.8,서울 종로구 동숭동 1-89 석마빌딩 1층 102호,an**님,5.0,2022년 1월 27일,역시 블랙알리오가 최고입니다. 감자튀김도 많이 주셨고 배달도 빨랐습니다. 감사합니다.^^
103,푸라닭-대학로점,4.8,서울 종로구 동숭동 1-89 석마빌딩 1층 102호,ph**님,5.0,2022년 1월 27일,맛있어요 배달하시는 분도 친절해서 기분좋게 먹을 수 있었던거같아요
104,푸라닭-대학로점,4.8,서울 종로구 동숭동 1-89 석마빌딩 1층 102호,ea**님,5.0,2022년 1월 26일,yummy yummy
105,푸라닭-대학로점,4.8,서울 종로구 동숭동 1-89 석마빌딩 1층 102호,ze**님,4.333333333333333,2022년 1월 25일,배달이 예상시간보다 지연되길래 매장에 전화문의했더니 바로 상황파악해서 친절하게 알려주셨어요 많이 식은채로 와서 바삭하지않아 아쉬웠지만 그래도 맛있게 잘먹었습니다 양은 다른 브랜드보다는 좀 적은것같아요
106,푸라닭-대학로점,4.8,서울 종로구 동숭동 1-89 석마빌딩 1층 102호,ni**님,5.0,2022년 1월 25일,맛있네요 익숙하지만 매력적인 맛이에욤
107,푸라닭-대학로점,4.8,서울 종로구 동숭동 1-89 석마빌딩 1층 102호,ri**님,5.0,2022년 1월 25일,조아요 맛있습니다 늘 시켜먹어요
108,푸라닭-대학로점,4.8,서울 종로구 동숭동 1-89 석마빌딩 1층 102호,th**님,5.0,2022년 1월 23일,너무 깔끔하고 배달 빠르고 뜨끈뜨끈 맛있습니다 최고에요
109,푸라닭-대학로점,4.8,서울 종로구 동숭동 1-89 석마빌딩 1층 102호,an**님,5.0,2022년 1월 22일,리뷰가 많이 늦어서 죄송요. 순살이 다 떨어졌지만 윙콤보가 남아있어서 다행이었어요. 치킨도 감튀도 다 맛있었습니다. 감사합니다^^
110,푸라닭-대학로점,4.8,서울 종로구 동숭동 1-89 석마빌딩 1층 102호,fu**님,5.0,2022년 1월 20일,맛잇게잘먹엇읍니덩~
111,푸라닭-대학로점,4.8,서울 종로구 동숭동 1-89 석마빌딩 1층 102호,go**님,5.0,2022년 1월 19일,"처음 시켜봤는데 맛있게 잘 먹었습니다 :)
또 주문할게요~"
112,푸라닭-대학로점,4.8,서울 종로구 동숭동 1-89 석마빌딩 1층 102호,k5**님,4.666666666666667,2022년 1월 18일,맛있어여~~! 배부르게 잘 먹었습니다~!
113,푸라닭-대학로점,4.8,서울 종로구 동숭동 1-89 석마빌딩 1층 102호,   손님,4.333333333333333,2022년 1월 17일,맛있습니다!! 고추마요가 너무 맛있어 블랙에 손이 안 가게 되더라고요ㅋ
114,푸라닭-대학로점,4.8,서울 종로구 동숭동 1-89 석마빌딩 1층 102호,ha**님,5.0,2022년 1월 13일,너무맛있게잘먹었습니다ㅎㅎ
115,푸라닭-대학로점,4.8,서울 종로구 동숭동 1-89 석마빌딩 1층 102호,rl**님,5.0,2022년 1월 12일,너무 맛있어요 역시 프라닥닥~!
116,푸라닭-대학로점,4.8,서울 종로구 동숭동 1-89 석마빌딩 1층 102호,ha**님,4.666666666666667,2022년 1월 12일,맛있게잘먹었습니다.
117,푸라닭-대학로점,4.8,서울 종로구 동숭동 1-89 석마빌딩 1층 102호,go**님,5.0,2022년 1월 12일,"웨지감자를 서비스로 주셨어요~^^ 
양도 푸짐하고요 다 맛있고요~
특히 고추마요가 느끼하지 않고 맛있네요~
배부르고 맛있게 잘먹었습니다~"
118,푸라닭-대학로점,4.8,서울 종로구 동숭동 1-89 석마빌딩 1층 102호,th**님,5.0,2022년 1월 11일,오늘 시킨 오리지널 윙봉셋은 타브랜드 보다 우월해서 나름 셀프 칭찬중입니다 ㅎ.. 글구 새우칩 서비스 더 주셔서 잘 먹고 오늘도 가족들과 잘 먹었습니다.. 전번 사장님께서 대댓글 주신것처럼 정착하겟습니다.. 비록 자주는 아니지만 좀더 힘내시구 임인년 새해 건강하십시오......^^
119,푸라닭-대학로점,4.8,서울 종로구 동숭동 1-89 석마빌딩 1층 102호,39**님,5.0,2022년 1월 11일,너무너무너무 맛있어요. 서비스도 주고 정말 감사합니다
120,푸라닭-대학로점,4.8,서울 종로구 동숭동 1-89 석마빌딩 1층 102호,co**님,5.0,2022년 1월 11일,맛있게 잘 먹었습니다
121,푸라닭-대학로점,4.8,서울 종로구 동숭동 1-89 석마빌딩 1층 102호,da**님,5.0,2022년 1월 10일,존맛딱따구리구리구리였습니다
122,푸라닭-대학로점,4.8,서울 종로구 동숭동 1-89 석마빌딩 1층 102호,si**님,5.0,2022년 1월 10일,"푸라닭 이메뉴 추천받아서 먹어는데 신세계네요.
또 시켜먹어야 겠어요."
123,푸라닭-대학로점,4.8,서울 종로구 동숭동 1-89 석마빌딩 1층 102호,mi**님,5.0,2022년 1월 9일,배달 진짜 빠르고 맛있었어요
124,푸라닭-대학로점,4.8,서울 종로구 동숭동 1-89 석마빌딩 1층 102호,op**님,5.0,2022년 1월 9일,"예상배달시간보다 빨리 와서 좋았어요ㅎㅎ
음식도 맛있습니다ㅎㅎ"
125,푸라닭-대학로점,4.8,서울 종로구 동숭동 1-89 석마빌딩 1층 102호,99**님,5.0,2022년 1월 9일,오랜만에 먹으니 완전 맛있었어용!😋
126,푸라닭-대학로점,4.8,서울 종로구 동숭동 1-89 석마빌딩 1층 102호,ki**님,5.0,2022년 1월 7일,말해뭐해 최고에용👍👍👍👍
127,푸라닭-대학로점,4.8,서울 종로구 동숭동 1-89 석마빌딩 1층 102호,su**님,5.0,2022년 1월 7일,너무 깔끔하고 맛도 좋아요
128,푸라닭-대학로점,4.8,서울 종로구 동숭동 1-89 석마빌딩 1층 102호,li**님,5.0,2022년 1월 5일,사진이 이쁘진 않지만 정말 맛있게 먹었습니다.
129,푸라닭-대학로점,4.8,서울 종로구 동숭동 1-89 석마빌딩 1층 102호,kj**님,5.0,2022년 1월 4일,진짜 맛있어요~ 콘소메 가루 팍팍 뿌려주셔서 전혀 부족하지 않았고요. 닭을 튀긴 게 아니라 구운 치킨이더라고요. 그래서 덜 느끼하고 살이 야들야들해요. 가슴살도 촉촉해서 맛있게 먹었어요. 가루가 표면에 잘 안 묻어나긴 한데 구운 치킨이라서 그런 거니까 이해해요. 무튼 푸라닭 첨 먹어봤는데 사먹길 잘했어요. #식후감 #힘내세요
130,푸라닭-대학로점,4.8,서울 종로구 동숭동 1-89 석마빌딩 1층 102호,co**님,5.0,2022년 1월 3일,너무 맛있습니다 ! ! ! 잘먹었습니다
131,푸라닭-대학로점,4.8,서울 종로구 동숭동 1-89 석마빌딩 1층 102호,co**님,5.0,2022년 1월 3일,굿굿굿 굿굿굿 굿굿굿
132,푸라닭-대학로점,4.8,서울 종로구 동숭동 1-89 석마빌딩 1층 102호,am**님,5.0,2022년 1월 2일,신년에 덕분에 잘먹었습니다. 부직포 가방도 유용하게 썼어요
133,푸라닭-대학로점,4.8,서울 종로구 동숭동 1-89 석마빌딩 1층 102호,tn**님,5.0,2022년 1월 2일,정말 맛있었습니다!!
134,푸라닭-대학로점,4.8,서울 종로구 동숭동 1-89 석마빌딩 1층 102호,tk**님,5.0,2022년 1월 2일,동생 최애 치킨이에요
135,푸라닭-대학로점,4.8,서울 종로구 동숭동 1-89 석마빌딩 1층 102호,5x**님,5.0,2022년 1월 2일,크크 너무 맛있었습니당!! 배달도 빠르고 오랜만에 잘 먹었어요:)
136,푸라닭-대학로점,4.8,서울 종로구 동숭동 1-89 석마빌딩 1층 102호,se**님,5.0,2022년 1월 2일,배송도 빠르고 맛도 아주 일품입니다!!
137,푸라닭-대학로점,4.8,서울 종로구 동숭동 1-89 석마빌딩 1층 102호,al**님,5.0,2022년 1월 1일,맛있어요 단짠단짠의 최고에요
138,푸라닭-대학로점,4.8,서울 종로구 동숭동 1-89 석마빌딩 1층 102호,lo**님,5.0,2021년 12월 31일,"맛도 좋고 배달도 빠르고 양도많아요
주변 푸라닭 돌아가며 시켜 먹어 봤는데 여기가 젤 맛있어요~
그리고 여기 직원분도 너무 친절하시더라구요~몇번씩 전화해서 챙겨주셔서 넘 감사했어요~잘먹었습니다!!"
139,푸라닭-대학로점,4.8,서울 종로구 동숭동 1-89 석마빌딩 1층 102호,lo**님,5.0,2021년 12월 31일,"푸라닭은 여기가 짱이예요
항상 너무 맛있어요, 너무 춥거나 배달시간이 80분내외라고 떠도 빨리오고 맛있고 뜨겁게 와요~떡사리 너무 맛있어용 추천해요!!!"
140,푸라닭-대학로점,4.8,서울 종로구 동숭동 1-89 석마빌딩 1층 102호,le**님,3.3333333333333335,2021년 12월 31일,블랙알리오 맛있어요
141,푸라닭-대학로점,4.8,서울 종로구 동숭동 1-89 석마빌딩 1층 102호,11**님,5.0,2021년 12월 31일,넘 맛있어요 재 주문할게요
142,푸라닭-대학로점,4.8,서울 종로구 동숭동 1-89 석마빌딩 1층 102호,ak**님,5.0,2021년 12월 31일,소스파우더 아래까지 골고루 많이 뿌려주셨어요.
143,푸라닭-대학로점,4.8,서울 종로구 동숭동 1-89 석마빌딩 1층 102호,93**님,5.0,2021년 12월 31일,또 시켰어요 너무 맛있어요
144,푸라닭-대학로점,4.8,서울 종로구 동숭동 1-89 석마빌딩 1층 102호,hs**님,5.0,2021년 12월 30일,역시 맛잇어요 ㅋㅋ
145,푸라닭-대학로점,4.8,서울 종로구 동숭동 1-89 석마빌딩 1층 102호,ch**님,5.0,2021년 12월 30일,맛있게 잘먹었습니다
146,푸라닭-대학로점,4.8,서울 종로구 동숭동 1-89 석마빌딩 1층 102호,fi**님,4.666666666666667,2021년 12월 30일,푸라닭이 처음먹었을땐 좀 비싸지만 양은 많다…이런 인식이 있었는데 이제는 작은닭을 쓰는지 양이 적어요 반마리 추가했는데도 그냥 그렇습니다
147,푸라닭-대학로점,4.8,서울 종로구 동숭동 1-89 석마빌딩 1층 102호,la**님,5.0,2021년 12월 30일,"한가지 아쉬운점이 있다면 치킨이 바삭하진 않아서 좀 그랬고, 나머진 맛있게 잘 먹었어요"
148,푸라닭-대학로점,4.8,서울 종로구 동숭동 1-89 석마빌딩 1층 102호,ke**님,4.666666666666667,2021년 12월 30일,"요즘 콘소메이징에 빠져서 계속 시켜먹고 있어요!  너무 맛있어요~ 포장도 깔끔, 배달시간도 맞춰주시고! 별 하나 뺀건... 다른 지점에 비해 가루가 충분히 뿌려져있지 않았던 것 같았어용ㅠ 그래도 또 시켜먹을거예요!"
149,푸라닭-대학로점,4.8,서울 종로구 동숭동 1-89 석마빌딩 1층 102호,pa**님,5.0,2021년 12월 29일,넘 맛있게 먹었어요 블랙알리오 최애였는데 악마치킨 최애 됐어요!! 매콤하고 약간 이국적인 맛도 나면서(? 존맛입니다~~~~~ㅠㅠ
150,푸라닭-대학로점,4.8,서울 종로구 동숭동 1-89 석마빌딩 1층 102호,fi**님,5.0,2021년 12월 29일,배달도 빨리 온거같고 살도 촉촉해서 너무너무 맛있었어요~재구매의사 완젼 있습니다 🥰
151,푸라닭-대학로점,4.8,서울 종로구 동숭동 1-89 석마빌딩 1층 102호,le**님,3.3333333333333335,2021년 12월 29일,순살 고추마요 맛있어요
152,푸라닭-대학로점,4.8,서울 종로구 동숭동 1-89 석마빌딩 1층 102호,sm**님,5.0,2021년 12월 28일,푸라닭 치킨은 추천받아 처음 시켜봤는데 소문대로 맛있네요! 잘 먹었습니다.~
153,푸라닭-대학로점,4.8,서울 종로구 동숭동 1-89 석마빌딩 1층 102호,da**님,5.0,2021년 12월 28일,"역시 제 최애치킨💕💕
배달도 빨리 왔고 넘 맛있어요~~요청사항 들어주신 것도 감사합니다!!"
154,푸라닭-대학로점,4.8,서울 종로구 동숭동 1-89 석마빌딩 1층 102호,tk**님,4.666666666666667,2021년 12월 27일,맛있어서 순식간에 뚝딱했어요
155,푸라닭-대학로점,4.8,서울 종로구 동숭동 1-89 석마빌딩 1층 102호,   손님,2.0,2021년 12월 27일,배달이 너무 늦었고 음식이 다 식어서 눅눅해져서 전자렌지에 다시 돌려서 먹음.ㅠㅜ  새우칲. 정말실망했음. 뭐 따로 챙겨주셨지만.. 차라리 새우칲은 따로 챙겨주시는게 좋을것같네요.. 닭이랑 같이 넣으니 추져서 못먹겠음...
156,푸라닭-대학로점,4.8,서울 종로구 동숭동 1-89 석마빌딩 1층 102호,sy**님,5.0,2021년 12월 27일,역시 전 세계 3대 치킨의 색다른 기분 좋은 맛이었습니다. 명품은 다 이유가 있네요. 주문도 안 했는데 별도로 팍팍 넣어주신 음료랑 소스들 덕에 다양하게 맛 봤습니다. 크리스마스도 메리했네요.
157,푸라닭-대학로점,4.8,서울 종로구 동숭동 1-89 석마빌딩 1층 102호,th**님,5.0,2021년 12월 25일,멋잇었음10자는왜해
158,푸라닭-대학로점,4.8,서울 종로구 동숭동 1-89 석마빌딩 1층 102호,zz**님,5.0,2021년 12월 25일,"배달도 빠르고 치킨도 맛있어요!!!
마늘칩이 쪼금만 더 들어가면 더 좋을거 같아요~"
159,푸라닭-대학로점,4.8,서울 종로구 동숭동 1-89 석마빌딩 1층 102호,dk**님,5.0,2021년 12월 25일,"크리스마스 에디션인가봐요! 예쁘네용
치킨도 맛있었어요! 잘 먹었습니다!!"
160,푸라닭-대학로점,4.8,서울 종로구 동숭동 1-89 석마빌딩 1층 102호,ak**님,4.666666666666667,2021년 12월 24일,이브라서 쫌 늦긴했는데 맛있어유~~
161,푸라닭-대학로점,4.8,서울 종로구 동숭동 1-89 석마빌딩 1층 102호,ju**님,5.0,2021년 12월 23일,완전 맛있어ㅆ습니다!
162,푸라닭-대학로점,4.8,서울 종로구 동숭동 1-89 석마빌딩 1층 102호,93**님,5.0,2021년 12월 22일,맛있게 잘 먹었어요 포장은 크리스마스네
163,푸라닭-대학로점,4.8,서울 종로구 동숭동 1-89 석마빌딩 1층 102호,he**님,5.0,2021년 12월 22일,"이번주만 두 번 먹네요 ㅋㅋㅋㅋㅋㅋ
마약같아요
계속 생각나요... 퓨"
164,푸라닭-대학로점,4.8,서울 종로구 동숭동 1-89 석마빌딩 1층 102호,he**님,5.0,2021년 12월 22일,"아, 빠른 배송 
감격스러운 맛입니다
콘소메~~이징 굳"
165,푸라닭-대학로점,4.8,서울 종로구 동숭동 1-89 석마빌딩 1층 102호,rt**님,5.0,2021년 12월 22일,"코카콜라 500ml 마요소스 서비스 감사합니다. 
맛있게 먹었습니다."
166,푸라닭-대학로점,4.8,서울 종로구 동숭동 1-89 석마빌딩 1층 102호,ru**님,5.0,2021년 12월 22일,맛있어요!!!!!!
167,푸라닭-대학로점,4.8,서울 종로구 동숭동 1-89 석마빌딩 1층 102호,az**님,2.6666666666666665,2021년 12월 20일,이날은 비가온후라 그런지 눅눅해서 별로였음
168,푸라닭-대학로점,4.8,서울 종로구 동숭동 1-89 석마빌딩 1층 102호,ti**님,5.0,2021년 12월 19일,"주문 폭주로 인해, 긴 기다림 후에 푸라닭을 먹었습니다. 순살블랙마요에서 마요와 할라피뇨 조합이 좋네요. 푸라닭은 처음이라, 노란색 치킨무도 특이하네요. 배달 기사님이 조금 늦어진다고 전화까지 주셨어요. 덕분에 편안하게 잘 먹었습니다. 감사합니다."
169,푸라닭-대학로점,4.8,서울 종로구 동숭동 1-89 석마빌딩 1층 102호,ji**님,5.0,2021년 12월 19일,눈길이 미끄러운데 배달해주셔서 너무 고생 많으셨습니다~맛있게 잘 먹었습니다
170,푸라닭-대학로점,4.8,서울 종로구 동숭동 1-89 석마빌딩 1층 102호,kw**님,1.0,2021년 12월 19일,배달은 제시간에 왔으나 기사의 일방적인 통보식으로 고시원 입구에 가방채로 놓아두고 간것도 좀 불만족스러웠고 가방을 열었을때 치킨 박스가 살짝 오픈되어 있어서 며칠전 기사에서 배달기사들이 빼먹는다는걸 들었는데 의심스럽기도 했고 치킨에 들어있는 과자가 너무 눅눅해서 이걸 왜 넣은건지 차라리 별도포장 과자에 추가해주지.. 하는 아쉬움이 있었음
171,푸라닭-대학로점,4.8,서울 종로구 동숭동 1-89 석마빌딩 1층 102호,ja**님,5.0,2021년 12월 13일,아 정말 맛있네요 :) 정성스런 배달 감사합니다.
172,푸라닭-대학로점,4.8,서울 종로구 동숭동 1-89 석마빌딩 1층 102호,na**님,4.666666666666667,2021년 12월 12일,"고추마요소스 대신 치킨무 변경 요청했는데  신경써서  교체해 주시고  새우칩도 따로 담아주신거 맛있게 잘 먹었습니다.

담백하게  오븐에 구운 푸라닭을 먹고 싶었는데 오늘 치킨은 손에 기름이 많이  묻어나면서 조금 기름진 느낌이라 살짝 아쉬웠어요."
173,푸라닭-대학로점,4.8,서울 종로구 동숭동 1-89 석마빌딩 1층 102호,th**님,5.0,2021년 12월 12일,"죄송해요.. 사진이 없써요..
예상시간보다 빨리오고 늦은시간 시킨 치킨인데 두가지 완벽클리어로 아주아주 맛잇게 먹었습니다..
맛은 보장이지만 요즘 힘드실텐데 사장님 힘내십시오..
다시금 고맙습니다......^^"
174,푸라닭-대학로점,4.8,서울 종로구 동숭동 1-89 석마빌딩 1층 102호,se**님,5.0,2021년 12월 9일,너무맛나요 추천드려요
175,푸라닭-대학로점,4.8,서울 종로구 동숭동 1-89 석마빌딩 1층 102호,da**님,5.0,2021년 12월 7일,구운치킨인데도 메마르지 않고 촉촉해서 너무 좋아요 닭도 신선하고 맛있었어요 :)
176,푸라닭-대학로점,4.8,서울 종로구 동숭동 1-89 석마빌딩 1층 102호,po**님,5.0,2021년 12월 5일,맛있게 잘 먹었습니다!
177,푸라닭-대학로점,4.8,서울 종로구 동숭동 1-89 석마빌딩 1층 102호,91**님,5.0,2021년 12월 4일,"푸라닭운 여기가 맛있어요
갈수록 더 맛있어서 다음이 기대되네요~
항상 2마리 시켜서 맛나게 싹싹 먹습니다ㅎㅎ"
178,푸라닭-대학로점,4.8,서울 종로구 동숭동 1-89 석마빌딩 1층 102호,a0**님,4.333333333333333,2021년 12월 3일,"푸라닭은 자주 시켜먹어서 맛을 잘아는데 
이번엔 튀긴지 오래된 맛이나서..너무 아쉬웠습니다"
179,푸라닭-대학로점,4.8,서울 종로구 동숭동 1-89 석마빌딩 1층 102호,se**님,5.0,2021년 12월 2일,요청사항도 들어주시고 양도많고 넘넘 맛있었어요!!!
180,푸라닭-대학로점,4.8,서울 종로구 동숭동 1-89 석마빌딩 1층 102호,93**님,5.0,2021년 11월 30일,잘 받았어요!! 너무 맛있어요 굿굿!!
181,푸라닭-대학로점,4.8,서울 종로구 동숭동 1-89 석마빌딩 1층 102호,   손님,5.0,2021년 11월 30일,맛나게 먹었습니다용
182,푸라닭-대학로점,4.8,서울 종로구 동숭동 1-89 석마빌딩 1층 102호,pa**님,5.0,2021년 11월 30일,첨 먹어봤는데 맛있디유
183,푸라닭-대학로점,4.8,서울 종로구 동숭동 1-89 석마빌딩 1층 102호,xx**님,5.0,2021년 11월 29일,맛있게 잘 먹었습니다
184,푸라닭-대학로점,4.8,서울 종로구 동숭동 1-89 석마빌딩 1층 102호,kt**님,5.0,2021년 11월 29일,기대이상존맛탱 나즁에 기름떡볶이랑  꼭먹울께요
185,푸라닭-대학로점,4.8,서울 종로구 동숭동 1-89 석마빌딩 1층 102호,pi**님,5.0,2021년 11월 26일,새로나온 콘소메이징 콤보 맛있네요. 서비스로 주신 웨지감자도 좋아요. 블랙치즈볼도 달콤고소하니 맛있어요. 빅치즈스틱은 제 입맛에는 안맞네요.
186,푸라닭-대학로점,4.8,서울 종로구 동숭동 1-89 석마빌딩 1층 102호,se**님,5.0,2021년 11월 19일,"배달도 빠르고 배달해주시는 분도 친절하셨어요
잘 먹었습니다!!"
187,푸라닭-대학로점,4.8,서울 종로구 동숭동 1-89 석마빌딩 1층 102호,aa**님,5.0,2021년 11월 18일,"몇 개는 스알짝 오버쿡 된 느낌이 있었지만
치즈볼이랑 같이 잘 먹었어요. 
배달 빨랐습니당"
188,푸라닭-대학로점,4.8,서울 종로구 동숭동 1-89 석마빌딩 1층 102호,fe**님,5.0,2021년 11월 17일,최애치킨이에요ㅠㅠ 진짜 맛있어요! 최고!
189,푸라닭-대학로점,4.8,서울 종로구 동숭동 1-89 석마빌딩 1층 102호,la**님,5.0,2021년 11월 14일,잘 받았아요!!!!!!
190,푸라닭-대학로점,4.8,서울 종로구 동숭동 1-89 석마빌딩 1층 102호,ju**님,4.666666666666667,2021년 11월 11일,"먹어봤던 치킨 중에 제일 맛있는 것 같아요
근데 양이 조금 적어요... 그래도 다음에 또 시킬거예요 나무 맛있으니까여"
191,푸라닭-대학로점,4.8,서울 종로구 동숭동 1-89 석마빌딩 1층 102호,jo**님,5.0,2021년 10월 31일,배달시간도 좋고 맛도 넘 좋아요
192,푸라닭-대학로점,4.8,서울 종로구 동숭동 1-89 석마빌딩 1층 102호,ws**님,5.0,2021년 10월 30일,배달 빠르구 완전 잘 먹겠습니다!!
193,푸라닭-대학로점,4.8,서울 종로구 동숭동 1-89 석마빌딩 1층 102호,w.**님,5.0,2021년 10월 29일,"맛도 있고 배달도 좋고 한데....

쿠폰은 복불복으로 주는거에요??"
194,푸라닭-대학로점,4.8,서울 종로구 동숭동 1-89 석마빌딩 1층 102호,ja**님,5.0,2021년 10월 26일,배달기사님이 달려왔나봐요 예상시간보다 빨리와주셨어요! 순살도 역시 맛있네요bbb
195,푸라닭-대학로점,4.8,서울 종로구 동숭동 1-89 석마빌딩 1층 102호,cj**님,5.0,2021년 10월 24일,믿고 먹는 푸라닭입니다 반반에 파채 뿌려 먹으니 극락이네요…
196,푸라닭-대학로점,4.8,서울 종로구 동숭동 1-89 석마빌딩 1층 102호,eg**님,4.666666666666667,2021년 10월 22일,"악마소스 제취향,아들은 블랙알릴오,딸은 투움바,한마리반시켜 4식구 잘먹었습니다 따듯하게 와서 바삭하니 더맛났어요"
197,푸라닭-대학로점,4.8,서울 종로구 동숭동 1-89 석마빌딩 1층 102호,61**님,4.666666666666667,2021년 10월 16일,"투움바 소스가 좀 부족한 느낌이었어용,,"
198,푸라닭-대학로점,4.8,서울 종로구 동숭동 1-89 석마빌딩 1층 102호,ru**님,3.3333333333333335,2021년 10월 15일,요청사항도 잘 들어주시공 언제나 맛있어요
199,푸라닭-대학로점,4.8,서울 종로구 동숭동 1-89 석마빌딩 1층 102호,kk**님,5.0,2021년 10월 12일,"너무  맛있어요
치킨 좋아하지않는데
많이 먹게되는"
200,푸라닭-대학로점,4.8,서울 종로구 동숭동 1-89 석마빌딩 1층 102호,66**님,3.6666666666666665,2021년 10월 10일,맛있었어요~~~~~~~~~
201,푸라닭-대학로점,4.8,서울 종로구 동숭동 1-89 석마빌딩 1층 102호,91**님,5.0,2021년 10월 9일,"맛도 좋고 떡도 맛있어요
언제나 맛있게 잘 먹고 있습니다~^^"
202,푸라닭-대학로점,4.8,서울 종로구 동숭동 1-89 석마빌딩 1층 102호,tj**님,5.0,2021년 10월 5일,완젼 맛있어요~~~
203,푸라닭-대학로점,4.8,서울 종로구 동숭동 1-89 석마빌딩 1층 102호,rg**님,5.0,2021년 10월 4일,매운데 넘 맛있어요
204,푸라닭-대학로점,4.8,서울 종로구 동숭동 1-89 석마빌딩 1층 102호,rn**님,5.0,2021년 10월 4일,"순살이 품절이라 아쉬워요~
부드럽고 맛있습니다!!"
205,푸라닭-대학로점,4.8,서울 종로구 동숭동 1-89 석마빌딩 1층 102호,26**님,5.0,2021년 10월 3일,맛있게 잘 먹었습니당ㅇㅇㅇㅇ
206,푸라닭-대학로점,4.8,서울 종로구 동숭동 1-89 석마빌딩 1층 102호,xx**님,5.0,2021년 10월 1일,아주 맛있게 잘 먹었습니다!
207,푸라닭-대학로점,4.8,서울 종로구 동숭동 1-89 석마빌딩 1층 102호,kk**님,5.0,2021년 9월 30일,베스트 메뉴 두개 한번에 먹을수있어서 좋아요
208,푸라닭-대학로점,4.8,서울 종로구 동숭동 1-89 석마빌딩 1층 102호,jo**님,5.0,2021년 9월 28일,맞있게 잘먹었습니다
209,푸라닭-대학로점,4.8,서울 종로구 동숭동 1-89 석마빌딩 1층 102호,dr**님,5.0,2021년 9월 27일,♡♡♡♡♡♡♡♡♡♡♡♡
210,푸라닭-대학로점,4.8,서울 종로구 동숭동 1-89 석마빌딩 1층 102호,le**님,5.0,2021년 9월 26일,맛있어영~!~!!~!!~!!
211,푸라닭-대학로점,4.8,서울 종로구 동숭동 1-89 석마빌딩 1층 102호,es**님,5.0,2021년 9월 25일,배달 빠르고 맛있어요 !!
212,푸라닭-대학로점,4.8,서울 종로구 동숭동 1-89 석마빌딩 1층 102호,26**님,5.0,2021년 9월 25일,맛있게 잘 먹었습니당ㅇㅇㅇㅇㅇㅇㅇㅇㅇ
213,푸라닭-대학로점,4.8,서울 종로구 동숭동 1-89 석마빌딩 1층 102호,xx**님,5.0,2021년 9월 24일,정말 오랜만에 맛있게 잘 먹었습니다 번창하세요
214,푸라닭-대학로점,4.8,서울 종로구 동숭동 1-89 석마빌딩 1층 102호,pu**님,5.0,2021년 9월 22일,맛있게 잘먹었습니다
215,푸라닭-대학로점,4.8,서울 종로구 동숭동 1-89 석마빌딩 1층 102호,hl**님,5.0,2021년 9월 21일,🥰🥰🥰🥰🥰🥰🥰🥰🥰🥰🥰😑😑😑🥰🥰🥰🥰🥰🥰🥰🥰🥰🥰🥰🥰🥰🥰🥰🥰
216,푸라닭-대학로점,4.8,서울 종로구 동숭동 1-89 석마빌딩 1층 102호,tk**님,4.333333333333333,2021년 9월 13일,"리뷰 이벤트 없어서 아쉽다 생각했는데, 새우칩을 따로 주시네요!!
너무 감사합니다ㅎㅎㅎ
배달해주시는 분도 엄청 친절해요!
오늘은 약간 맛이... 다른 때에 비해 짜고, 조금 탔나? 싶더라구요ㅠㅠ
그래도 맛있게 먹었습니다!"
217,푸라닭-대학로점,4.8,서울 종로구 동숭동 1-89 석마빌딩 1층 102호,ng**님,5.0,2021년 9월 8일,맛나게 잘먹었습니다 ~
218,푸라닭-대학로점,4.8,서울 종로구 동숭동 1-89 석마빌딩 1층 102호,lo**님,5.0,2021년 9월 7일,맛있어요 좀 식어서 와서 아쉽긴한데 기본적으로 맛있어요
219,푸라닭-대학로점,4.8,서울 종로구 동숭동 1-89 석마빌딩 1층 102호,ha**님,4.666666666666667,2021년 9월 5일,항상 믿고 먹는 맛...언제나....
220,푸라닭-대학로점,4.8,서울 종로구 동숭동 1-89 석마빌딩 1층 102호,   손님,5.0,2021년 9월 3일,너무너무 만족해요~~^^
221,푸라닭-대학로점,4.8,서울 종로구 동숭동 1-89 석마빌딩 1층 102호,an**님,5.0,2021년 8월 29일,블랙 알리오 또 생각나서 시켰어요. 투움바 기름떡볶이와 정말 잘 어울리는 조합이에요. 감자튀김 서비스도 감사히 잘 먹었습니다.^^
222,푸라닭-대학로점,4.8,서울 종로구 동숭동 1-89 석마빌딩 1층 102호,qu**님,5.0,2021년 8월 29일,"부모님께서 과자를 아무도 안드셨어 버리기 아까워서
매번 빼달라고 했는데 매번 넣어주셨어..또~~ㅜㅜ
맛있게 잘먹었는데...
이번에는 조금 바쁘셨는지...
박스부터 치킨까지...그래도 잘해서 먹었습니다.
고맙습니다."
223,푸라닭-대학로점,4.8,서울 종로구 동숭동 1-89 석마빌딩 1층 102호,me**님,5.0,2021년 8월 22일,"맛있어요~~
잘먹엇습니다^^"
224,푸라닭-대학로점,4.8,서울 종로구 동숭동 1-89 석마빌딩 1층 102호,ys**님,4.333333333333333,2021년 8월 21일,맛은있는데  양이 너무적어서 좀 아쉬웠어요
225,푸라닭-대학로점,4.8,서울 종로구 동숭동 1-89 석마빌딩 1층 102호,ho**님,3.3333333333333335,2021년 8월 21일,"너무 맛있어서 3주연속 주문했어요!
불맛도 나고 양념도 너무 맛있네요!
맛있게 잘 먹었습니다~!"
226,푸라닭-대학로점,4.8,서울 종로구 동숭동 1-89 석마빌딩 1층 102호,an**님,5.0,2021년 8월 20일,맛있게 잘 먹었습니다. 다음에도 맛있게 부탁드려요^^
227,푸라닭-대학로점,4.8,서울 종로구 동숭동 1-89 석마빌딩 1층 102호,ls**님,2.0,2021년 8월 18일,"배달 사고, 이미 식어버린 치킨. 
짜기만 함.
내가 먹던 푸라닭 치킨맛이 아님"
228,푸라닭-대학로점,4.8,서울 종로구 동숭동 1-89 석마빌딩 1층 102호,ji**님,4.666666666666667,2021년 8월 18일,맛있어요 양이 적어 아쉬움
229,푸라닭-대학로점,4.8,서울 종로구 동숭동 1-89 석마빌딩 1층 102호,ho**님,3.3333333333333335,2021년 8월 13일,"너무 맛있어서 일주일만에 또 시켰습니다!
너무 맛있게 잘먹었습니다^^"
230,푸라닭-대학로점,4.8,서울 종로구 동숭동 1-89 석마빌딩 1층 102호,ha**님,4.666666666666667,2021년 8월 11일,"저번에는 뜨겁게 왔는데..
어제는 식어서 왔어요... 감자도 없었어요...
치킨은 매우 맛있어요"
231,푸라닭-대학로점,4.8,서울 종로구 동숭동 1-89 석마빌딩 1층 102호,dl**님,3.3333333333333335,2021년 8월 10일,푸라닭 고추마요는 늘 맛있어요!
232,푸라닭-대학로점,4.8,서울 종로구 동숭동 1-89 석마빌딩 1층 102호,hu**님,5.0,2021년 8월 10일,맛있게 잘 먹었습니다!
233,푸라닭-대학로점,4.8,서울 종로구 동숭동 1-89 석마빌딩 1층 102호,le**님,3.3333333333333335,2021년 8월 9일,순살 블랙알리오 맛있어요
234,푸라닭-대학로점,4.8,서울 종로구 동숭동 1-89 석마빌딩 1층 102호,10**님,5.0,2021년 8월 8일,너무너무 맛있어요~다음에 또 주문할게요!!!
235,푸라닭-대학로점,4.8,서울 종로구 동숭동 1-89 석마빌딩 1층 102호,qu**님,5.0,2021년 8월 8일,오늘도 잘먹었습니다..
236,푸라닭-대학로점,4.8,서울 종로구 동숭동 1-89 석마빌딩 1층 102호,ki**님,5.0,2021년 8월 7일,맛없게찍혔네요...잘먹어ㅉ어요
237,푸라닭-대학로점,4.8,서울 종로구 동숭동 1-89 석마빌딩 1층 102호,ho**님,3.3333333333333335,2021년 8월 6일,너무 맛있게 잘 먹었습니다~^^
238,푸라닭-대학로점,4.8,서울 종로구 동숭동 1-89 석마빌딩 1층 102호,re**님,4.666666666666667,2021년 8월 6일,"소스는 안느끼한데 닭껍데기부분?이 느끼해요 ㅜㅜ 
소스는 엄청 맛있습니다."
239,푸라닭-대학로점,4.8,서울 종로구 동숭동 1-89 석마빌딩 1층 102호,so**님,5.0,2021년 8월 5일,살도 부드럽고 단짠단짠 맛있게 먹었어요~~
240,푸라닭-대학로점,4.8,서울 종로구 동숭동 1-89 석마빌딩 1층 102호,ho**님,5.0,2021년 8월 4일,맛있습니다 감사합니다
241,푸라닭-대학로점,4.8,서울 종로구 동숭동 1-89 석마빌딩 1층 102호,qu**님,5.0,2021년 8월 3일,"잘먹었습니다.
우리동네 NO1.
맛있죠."
242,푸라닭-대학로점,4.8,서울 종로구 동숭동 1-89 석마빌딩 1층 102호,oh**님,5.0,2021년 8월 1일,"맵찔이도 맛있게 먹을 수있는 고추마요!
요새 최애픽입니다 ❣️❣️

떡볶이(달콤), 처음시켜봤는데
취양저격 ㅠㅠ 어릴적 학교앞 떡꼬치 맛이어서 진짜 잘먹었어요!! 이맛 찾고있었는데 ㅠㅠ우연히 이렇게 먹게되니 순삭해버렸습니다 🥰"
243,푸라닭-대학로점,4.8,서울 종로구 동숭동 1-89 석마빌딩 1층 102호,45**님,3.6666666666666665,2021년 7월 31일,"음식은맛있는데,배달원혹시외국인이세요?요청사항은 직접받으러간다고썼는데 땅에두고"
244,푸라닭-대학로점,4.8,서울 종로구 동숭동 1-89 석마빌딩 1층 102호,on**님,4.666666666666667,2021년 7월 30일,언제나 맛나는 푸라닭! 잘 먹었어요
245,푸라닭-대학로점,4.8,서울 종로구 동숭동 1-89 석마빌딩 1층 102호,db**님,5.0,2021년 7월 29일,처음 먹어봤는데 매콤하고 맛있어요!
246,푸라닭-대학로점,4.8,서울 종로구 동숭동 1-89 석마빌딩 1층 102호,na**님,4.666666666666667,2021년 7월 26일,"푸라닭 블랙 알리오 소문대로 깔끔하고 맛있고 포장도 고급스럽고  치킨무도  천연색소인  치자 우려 만들어서  더  믿음이 갑니다..앞으로 치킨은 푸라닭으로 결정하기로 했어요
배송도  빨라서 좋았어요."
247,푸라닭-대학로점,4.8,서울 종로구 동숭동 1-89 석마빌딩 1층 102호,ha**님,5.0,2021년 7월 26일,"잘 먹었습니다.
오늘은 배달이 빨라서 더 좋았네요.
그래도 푸라닭은 블랙알리오가 최고인
듯 싶습니다 ㅋㅋ.."
248,푸라닭-대학로점,4.8,서울 종로구 동숭동 1-89 석마빌딩 1층 102호,ba**님,3.3333333333333335,2021년 7월 25일,맛있고 양도 많아요
249,푸라닭-대학로점,4.8,서울 종로구 동숭동 1-89 석마빌딩 1층 102호,so**님,5.0,2021년 7월 25일,맛.
250,푸라닭-대학로점,4.8,서울 종로구 동숭동 1-89 석마빌딩 1층 102호,ze**님,5.0,2021년 7월 25일,"굳
굳
굿
굳
굿국"
251,푸라닭-대학로점,4.8,서울 종로구 동숭동 1-89 석마빌딩 1층 102호,sy**님,5.0,2021년 7월 25일,"막내가 광고를 보고 먹고 싶다길래 주문했습니다. 더스트 백에 담긴 명품 치킨은 역시 맛났네요. 블랙투움바, 푸라 그리고 치즈볼 모두, 누군가가 섬세히 컨셉과 맛과 패키지를 기획하고 누군가가 훌륭히 실행하는 느낌이 팍! 났습니다! 먹는내내 즐거웠네요! 콜라랑 소스도 고맙습니다!"
252,푸라닭-대학로점,4.8,서울 종로구 동숭동 1-89 석마빌딩 1층 102호,qu**님,5.0,2021년 7월 24일,"이번에도 너무 맛있게 잘먹었습니다.
우리동네 No1치킨. 
바싹바싹..
고맙습니다.👍"
253,푸라닭-대학로점,4.8,서울 종로구 동숭동 1-89 석마빌딩 1층 102호,mi**님,5.0,2021년 7월 21일,솔직히간장치킨은 푸라닭이젤맛있는듯
254,푸라닭-대학로점,4.8,서울 종로구 동숭동 1-89 석마빌딩 1층 102호,ko**님,5.0,2021년 7월 17일,언제나 같은맛 뻥과자 따로주시는거 너무 좋아요 다른지점은 넣어주시더라구요
255,푸라닭-대학로점,4.8,서울 종로구 동숭동 1-89 석마빌딩 1층 102호,ss**님,5.0,2021년 7월 15일,"고추마요 바삭하고 소스 골고루 발라져있어요!
치바로우 컵라면 육**하고 먹으니까 맵단짠 !!!"
256,푸라닭-대학로점,4.8,서울 종로구 동숭동 1-89 석마빌딩 1층 102호,jo**님,5.0,2021년 7월 15일,참 맛있게 먹었습니다
257,푸라닭-대학로점,4.8,서울 종로구 동숭동 1-89 석마빌딩 1층 102호,zi**님,5.0,2021년 7월 14일,"배송도 빠르고 맛있어요 
다먹고 사진을못찍었어요 ㅜ"
258,푸라닭-대학로점,4.8,서울 종로구 동숭동 1-89 석마빌딩 1층 102호,lu**님,4.0,2021년 7월 14일,맛있었어요. 배달 시간은 20분정도 늦었지만 음식은 맛있었어요.
259,푸라닭-대학로점,4.8,서울 종로구 동숭동 1-89 석마빌딩 1층 102호,ga**님,4.333333333333333,2021년 7월 13일,"생각했던것만큼 맛있지는 않았어요ㅠ
마니짠듯ᆢ"
260,푸라닭-대학로점,4.8,서울 종로구 동숭동 1-89 석마빌딩 1층 102호,62**님,4.666666666666667,2021년 7월 12일,푸라닭은 너무 맛있어서 맥주를 부르네요~~
261,푸라닭-대학로점,4.8,서울 종로구 동숭동 1-89 석마빌딩 1층 102호,dn**님,5.0,2021년 7월 11일,"배달기사님이 집 찾기 힘드셨을텐데 친철하게 끝까지
응대해주시고 안전하게 배달해주셔서 감사합니다^-^"
262,푸라닭-대학로점,4.8,서울 종로구 동숭동 1-89 석마빌딩 1층 102호,qu**님,5.0,2021년 7월 10일,"오늘은 조카와서 사줬는데..
먹어본치킨중에1등이라고하네요..
우리동네 NO1 치킨은 푸라닭.
오늘도 아주 맛있게 잘먹었습니다.
고맙습니다."
263,푸라닭-대학로점,4.8,서울 종로구 동숭동 1-89 석마빌딩 1층 102호,dd**님,4.666666666666667,2021년 7월 10일,맛있게 잘먹었습니다~~
264,푸라닭-대학로점,4.8,서울 종로구 동숭동 1-89 석마빌딩 1층 102호,kv**님,4.0,2021년 7월 7일,"진짜 맛있었어요 ㅠㅠㅠ 푸라닭 못잃어 ,, 쫀맛탱 잘먹엇습니당 ㅎㅎㅎㅎ"
265,푸라닭-대학로점,4.8,서울 종로구 동숭동 1-89 석마빌딩 1층 102호,ha**님,4.666666666666667,2021년 7월 6일,"배달 시간이 조금 길어서 
기다리느라 힘들었습니다.

그외 맛과 양은 훌륭합니다."
266,푸라닭-대학로점,4.8,서울 종로구 동숭동 1-89 석마빌딩 1층 102호,v9**님,5.0,2021년 6월 30일,"요청사항 다 잘 들어주시고 예정보다 빨리 배달왔어요
맛은 역시 넘나 맛있고 최고입니다"
267,푸라닭-대학로점,4.8,서울 종로구 동숭동 1-89 석마빌딩 1층 102호,he**님,5.0,2021년 6월 22일,맛잇어엉  고추마요 ㅅㅌㅊ
268,푸라닭-대학로점,4.8,서울 종로구 동숭동 1-89 석마빌딩 1층 102호,es**님,4.666666666666667,2021년 6월 22일,신내점이랑 다른점은 고기가 탄부분이 보이네요
269,푸라닭-대학로점,4.8,서울 종로구 동숭동 1-89 석마빌딩 1층 102호,ja**님,5.0,2021년 6월 19일,언제 먹어도 맛있어요 :)
270,푸라닭-대학로점,4.8,서울 종로구 동숭동 1-89 석마빌딩 1층 102호,qu**님,5.0,2021년 6월 15일,"오늘도 잘먹었습니다
고맙습니다."
271,푸라닭-대학로점,4.8,서울 종로구 동숭동 1-89 석마빌딩 1층 102호,fl**님,5.0,2021년 6월 12일,잘 먹겠습니다~ㅎㅎ
272,푸라닭-대학로점,4.8,서울 종로구 동숭동 1-89 석마빌딩 1층 102호,xs**님,2.3333333333333335,2021년 6월 10일,"노크하지 말라고 요청란에 썼음에도 노크를 하네요 굳이. 요청 사항 같은걸 안보나봐요. 노크하지 말라하는데 도대체 왜 노크를 하죠 .
박스는 왜저렇게 찌그러져서 왔을까요.
젓가락은 왜 저리 뜯어져서 안이 보이게 된걸까요. 
시간도 예정시간보다 오래 걸렸네요 65분걸렸음

광고보고 한번 시켜봤는데 ..."
273,푸라닭-대학로점,4.8,서울 종로구 동숭동 1-89 석마빌딩 1층 102호,ki**님,3.3333333333333335,2021년 6월 9일,"직원분들이 모두친절하시고 맛도최고~
포장시간 5분정도 늦을거라고 미리양해해주시면서
크로칸슈 드시면서 기다려달라고하시는데
처음먹어봤는데 진짜맛있네요!
치킨도 바삭 소스듬뿍 양가득!
최고였습니다~"
274,푸라닭-대학로점,4.8,서울 종로구 동숭동 1-89 석마빌딩 1층 102호,qu**님,5.0,2021년 6월 8일,"바싹하게..따뜻하게..잘먹었습니다.
우리동네No1..치킨.👏👏👏👍👍"
275,푸라닭-대학로점,4.8,서울 종로구 동숭동 1-89 석마빌딩 1층 102호,si**님,5.0,2021년 6월 7일,너무 맛있고 배달도 빨라요
276,푸라닭-대학로점,4.8,서울 종로구 동숭동 1-89 석마빌딩 1층 102호,po**님,3.3333333333333335,2021년 6월 6일,여기 푸라닭에 진짜 많이 시켰는데... 솔직히 치킨은 반박불가 맛있어요 근데 새우튀김 시켰는데 6개가 다 타서오고... 감튀들은 다 눅눅해져서 한 군데 뭉쳐서 왔네요...
277,푸라닭-대학로점,4.8,서울 종로구 동숭동 1-89 석마빌딩 1층 102호,da**님,5.0,2021년 6월 1일,야식으로 짱인듯!!!!
278,푸라닭-대학로점,4.8,서울 종로구 동숭동 1-89 석마빌딩 1층 102호,qu**님,5.0,2021년 5월 31일,"오늘은 일단 5개.
말하지않아도알아요..
정~~  초코파이."
279,푸라닭-대학로점,4.8,서울 종로구 동숭동 1-89 석마빌딩 1층 102호,ho**님,2.0,2021년 5월 26일,너무 식어서 옴...
280,푸라닭-대학로점,4.8,서울 종로구 동숭동 1-89 석마빌딩 1층 102호,wa**님,5.0,2021년 5월 25일,맛굿굿굿굿담에또시킴
281,푸라닭-대학로점,4.8,서울 종로구 동숭동 1-89 석마빌딩 1층 102호,wl**님,5.0,2021년 5월 24일,동생이 맛있대요 감사합니다!
282,푸라닭-대학로점,4.8,서울 종로구 동숭동 1-89 석마빌딩 1층 102호,sh**님,5.0,2021년 5월 23일,"또따뜻하게맛있게잘먹었습니다.
고맙습니다.."
283,푸라닭-대학로점,4.8,서울 종로구 동숭동 1-89 석마빌딩 1층 102호,ps**님,5.0,2021년 5월 22일,맛있게 잘 먹었습니다.
284,푸라닭-대학로점,4.8,서울 종로구 동숭동 1-89 석마빌딩 1층 102호,ke**님,4.333333333333333,2021년 5월 22일,다른치킨집과 다르게 메뉴가 신선하고 좋았습니다
285,푸라닭-대학로점,4.8,서울 종로구 동숭동 1-89 석마빌딩 1층 102호,sh**님,5.0,2021년 5월 21일,"개인적으로 모든게 찍먹이라서..
이번에도 맛있게 잘먹었습니다."
286,푸라닭-대학로점,4.8,서울 종로구 동숭동 1-89 석마빌딩 1층 102호,po**님,4.0,2021년 5월 20일,"드디어 순살을 먹어보네요 한동안 없어서 못 먹었는데...
잘 먹었습니다"
287,푸라닭-대학로점,4.8,서울 종로구 동숭동 1-89 석마빌딩 1층 102호,qk**님,5.0,2021년 5월 18일,진짜 제 최애 닭입니다 !! 또 시켜먹을게요 ㅎㅎㅎ
288,푸라닭-대학로점,4.8,서울 종로구 동숭동 1-89 석마빌딩 1층 102호,qw**님,3.3333333333333335,2021년 5월 16일,맛있게 잘 먹었습니다
289,푸라닭-대학로점,4.8,서울 종로구 동숭동 1-89 석마빌딩 1층 102호,mi**님,3.3333333333333335,2021년 5월 16일,"친절하게 대해주셔서 넘 감사했어요
블랙알리오 첨 먹어보는데 맛나네요! 또 시킬게용^^"
290,푸라닭-대학로점,4.8,서울 종로구 동숭동 1-89 석마빌딩 1층 102호,to**님,5.0,2021년 5월 15일,처음 주문해봤는데 맛있게 잘 먹었습니다^^ 또 주문할것 같네요~
291,푸라닭-대학로점,4.8,서울 종로구 동숭동 1-89 석마빌딩 1층 102호,ya**님,5.0,2021년 5월 15일,맛나게  먹었어여~배달도 빠르구여
292,푸라닭-대학로점,4.8,서울 종로구 동숭동 1-89 석마빌딩 1층 102호,ps**님,5.0,2021년 5월 14일,맛있어요 잘먹었습니다
293,푸라닭-대학로점,4.8,서울 종로구 동숭동 1-89 석마빌딩 1층 102호,qu**님,5.0,2021년 5월 11일,"첫주문..
그동안 몰라봐서 미안합니다..
우리동네 옆동네 통합 no1 치킨 되었습니다.
이맛 그대로 변치않길 바라며..
따뜻하게 잘먹었습니다.
고맙습니다."
294,푸라닭-대학로점,4.8,서울 종로구 동숭동 1-89 석마빌딩 1층 102호,ro**님,5.0,2021년 5월 7일,감사합니다~~~~~
295,푸라닭-대학로점,4.8,서울 종로구 동숭동 1-89 석마빌딩 1층 102호,le**님,5.0,2021년 5월 3일,악마치킨 첨 먹어봤는데 매운데 엄청 맛있는 매운맛이네요 매운거 잘 못먹는데 매운맛이 입에 오래 남지않아서 좋았습니다 다음에 또 시켜먹을게요
296,푸라닭-대학로점,4.8,서울 종로구 동숭동 1-89 석마빌딩 1층 102호,po**님,3.3333333333333335,2021년 5월 3일,오랫만에 시켰는데 그대로 맛있었어요!!
297,푸라닭-대학로점,4.8,서울 종로구 동숭동 1-89 석마빌딩 1층 102호,am**님,5.0,2021년 5월 2일,맛있습니다 소스는 강렬해도 치킨 자체는 담백하네요 다만 식기 전에 다 먹는 게 좋을 듯!
298,푸라닭-대학로점,4.8,서울 종로구 동숭동 1-89 석마빌딩 1층 102호,oh**님,5.0,2021년 4월 28일,역시 푸라닭 입니다 ~
299,푸라닭-대학로점,4.8,서울 종로구 동숭동 1-89 석마빌딩 1층 102호,oh**님,5.0,2021년 4월 26일,고추마요 짱 투움바도
300,푸라닭-대학로점,4.8,서울 종로구 동숭동 1-89 석마빌딩 1층 102호,su**님,5.0,2021년 4월 25일,신속 정확하고 맛나요.
301,푸라닭-대학로점,4.8,서울 종로구 동숭동 1-89 석마빌딩 1층 102호,sp**님,5.0,2021년 4월 25일,"맛나요 
기름떡볶이 의외의 복병이네요"
302,푸라닭-대학로점,4.8,서울 종로구 동숭동 1-89 석마빌딩 1층 102호,se**님,3.6666666666666665,2021년 4월 18일,"블랙올리오 짱맛
최애 블랙알리오"
303,푸라닭-대학로점,4.8,서울 종로구 동숭동 1-89 석마빌딩 1층 102호,re**님,5.0,2021년 4월 17일,입체적인 맛임 좋아요
304,푸라닭-대학로점,4.8,서울 종로구 동숭동 1-89 석마빌딩 1층 102호,   손님,4.0,2021년 4월 16일,배달 신속했고 맛도 있어요
305,푸라닭-대학로점,4.8,서울 종로구 동숭동 1-89 석마빌딩 1층 102호,hu**님,5.0,2021년 4월 16일,어른이의 입맛을 후려치는 맛이군요
306,푸라닭-대학로점,4.8,서울 종로구 동숭동 1-89 석마빌딩 1층 102호,mj**님,5.0,2021년 4월 14일,푸라닭 몇번을 먹어도 맛있네요 고르곤졸라 피자는 진짜 이게 근본이다 싶네요 맛있게 잘먹었습니다
307,푸라닭-대학로점,4.8,서울 종로구 동숭동 1-89 석마빌딩 1층 102호,an**님,5.0,2021년 4월 9일,정말 맛있게 잘 먹었습니다^^
308,푸라닭-대학로점,4.8,서울 종로구 동숭동 1-89 석마빌딩 1층 102호,kh**님,3.3333333333333335,2021년 4월 7일,맛있게 잘 먹었습니다!!!
309,푸라닭-대학로점,4.8,서울 종로구 동숭동 1-89 석마빌딩 1층 102호,   손님,5.0,2021년 4월 7일,맛있고 배달도 빠름🥰🥰
310,푸라닭-대학로점,4.8,서울 종로구 동숭동 1-89 석마빌딩 1층 102호,gl**님,5.0,2021년 4월 6일,맛나게 잘먹었습니다~^^
311,푸라닭-대학로점,4.8,서울 종로구 동숭동 1-89 석마빌딩 1층 102호,ja**님,5.0,2021년 4월 5일,먹느라 사진이 없지만 말이 필요없어요. 존맛b
312,푸라닭-대학로점,4.8,서울 종로구 동숭동 1-89 석마빌딩 1층 102호,vv**님,5.0,2021년 4월 3일,치킨에 🍺지호 ~
313,푸라닭-대학로점,4.8,서울 종로구 동숭동 1-89 석마빌딩 1층 102호,an**님,4.333333333333333,2021년 4월 3일,맛있어요.떡볶이도들어가있어 조았어요
314,푸라닭-대학로점,4.8,서울 종로구 동숭동 1-89 석마빌딩 1층 102호,ma**님,3.0,2021년 3월 29일,"푸라닭 처음 먹어봤는데 맛있었어요~~~~
왜 다들 반반으로 시키는지 알거같네요 둘이 같이먹어야 더 맛있는듯 ㅠㅠㅠ"
315,푸라닭-대학로점,4.8,서울 종로구 동숭동 1-89 석마빌딩 1층 102호,ks**님,5.0,2021년 3월 26일,"항상 맛있게 잘먹었는데..이제야 댓글 쓰네요~~^^
정말 맛있게 잘 먹었습니다 ^^
번창하세요~~~~"
316,푸라닭-대학로점,4.8,서울 종로구 동숭동 1-89 석마빌딩 1층 102호,go**님,5.0,2021년 3월 24일,맛있고 배달도 빨랐어요
317,푸라닭-대학로점,4.8,서울 종로구 동숭동 1-89 석마빌딩 1층 102호,ye**님,4.333333333333333,2021년 3월 23일,다 좋은데 양이 적은 게 아쉬워요 ㅠㅠ
318,푸라닭-대학로점,4.8,서울 종로구 동숭동 1-89 석마빌딩 1층 102호,ch**님,5.0,2021년 3월 22일,치킨은 블랙알리오가 진리
319,푸라닭-대학로점,4.8,서울 종로구 동숭동 1-89 석마빌딩 1층 102호,ho**님,5.0,2021년 3월 20일,맛있게 잘 먹었어요!! 감사합니다!
320,푸라닭-대학로점,4.8,서울 종로구 동숭동 1-89 석마빌딩 1층 102호,aa**님,5.0,2021년 3월 19일,"잘 먹었습니다
소스  추가하는 걸 깜빡ㅠㅠ"
321,푸라닭-대학로점,4.8,서울 종로구 동숭동 1-89 석마빌딩 1층 102호,xk**님,5.0,2021년 3월 17일,순살이 없는게 아쉬웠어요ㅜㅜ
322,푸라닭-대학로점,4.8,서울 종로구 동숭동 1-89 석마빌딩 1층 102호,dl**님,5.0,2021년 3월 15일,맛은 언제나 맛있구 배달도 완전 빠르게 왔어요!!!
323,푸라닭-대학로점,4.8,서울 종로구 동숭동 1-89 석마빌딩 1층 102호,sj**님,5.0,2021년 3월 14일,푸라닭이 젤 맛나욤
324,푸라닭-대학로점,4.8,서울 종로구 동숭동 1-89 석마빌딩 1층 102호,ye**님,5.0,2021년 3월 14일,처음 시켜봤는데 맛있네요 또 담에 시켜야겠어요 ~
325,푸라닭-대학로점,4.8,서울 종로구 동숭동 1-89 석마빌딩 1층 102호,om**님,5.0,2021년 3월 11일,"푸라닭 맛이 없을 수가 없는조합이에요ㅜㅜㅜㅠ
순살이 없는게 아쉽네여"
326,푸라닭-대학로점,4.8,서울 종로구 동숭동 1-89 석마빌딩 1층 102호,ch**님,5.0,2021년 3월 11일,투움바는 쏘쏘하지만 그래도 푸라닭이 대세네요
327,푸라닭-대학로점,4.8,서울 종로구 동숭동 1-89 석마빌딩 1층 102호,yu**님,5.0,2021년 3월 10일,너무 많이 구워진건지? 좀 딱딱하더군여
328,푸라닭-대학로점,4.8,서울 종로구 동숭동 1-89 석마빌딩 1층 102호,ma**님,4.333333333333333,2021년 3월 9일,명불허전 푸라닭ㅎㅎㅎ 근데 양은 ㅠㅠ 안습.. 그래도 맛있어요 늘
329,푸라닭-대학로점,4.8,서울 종로구 동숭동 1-89 석마빌딩 1층 102호,wn**님,5.0,2021년 3월 9일,.
330,푸라닭-대학로점,4.8,서울 종로구 동숭동 1-89 석마빌딩 1층 102호,ha**님,5.0,2021년 3월 8일,너무 넘 마싯어요👍🏻👍🏻
331,푸라닭-대학로점,4.8,서울 종로구 동숭동 1-89 석마빌딩 1층 102호,sk**님,5.0,2021년 3월 6일,"맛있어요   포장 .맛 뭔가 대접 받는듯
두번째  주문"
332,푸라닭-대학로점,4.8,서울 종로구 동숭동 1-89 석마빌딩 1층 102호,tk**님,5.0,2021년 3월 5일,"정말 고객을 많이 생각해주신다는 생각이 드는 대학로점이에요!!
맛은 말할 것도 없고!!
넘 즐거운 야식이었어요❤
또 시킬거예요!!"
333,푸라닭-대학로점,4.8,서울 종로구 동숭동 1-89 석마빌딩 1층 102호,sa**님,5.0,2021년 3월 4일,넘맛있어요 최고에요
334,푸라닭-대학로점,4.8,서울 종로구 동숭동 1-89 석마빌딩 1층 102호,ps**님,5.0,2021년 3월 1일,맛있게 잘 먹었습니다.
335,푸라닭-대학로점,4.8,서울 종로구 동숭동 1-89 석마빌딩 1층 102호,bt**님,5.0,2021년 3월 1일,"처음 먹어봤는데 소문대로 존맛탱이었습니다!
덕분에 좋은 술자리가 된 것 같습니다 감사합니다:)"
336,푸라닭-대학로점,4.8,서울 종로구 동숭동 1-89 석마빌딩 1층 102호,je**님,5.0,2021년 2월 28일,잘 먹 었 습 니 다
337,푸라닭-대학로점,4.8,서울 종로구 동숭동 1-89 석마빌딩 1층 102호,aa**님,5.0,2021년 2월 25일,"배달도 빨랐고 맛은 말할 필요도 없네용ㅋㅋㅋ
또 주문할게유"
338,푸라닭-대학로점,4.8,서울 종로구 동숭동 1-89 석마빌딩 1층 102호,   손님,5.0,2021년 2월 24일,너무 너무 맛있었어요 감사합니다
339,푸라닭-대학로점,4.8,서울 종로구 동숭동 1-89 석마빌딩 1층 102호,ji**님,5.0,2021년 2월 23일,맛있어요 😍😍😍😍😍😍
340,푸라닭-대학로점,4.8,서울 종로구 동숭동 1-89 석마빌딩 1층 102호,dg**님,5.0,2021년 2월 20일,걍 존맛탱이네여 이번주만 푸라닭3번 먹었어용 최고
341,푸라닭-대학로점,4.8,서울 종로구 동숭동 1-89 석마빌딩 1층 102호,mi**님,3.3333333333333335,2021년 2월 20일,맛있어요ㅜㅜ 푸라닭푸라닭하는 이유가 있네요
342,푸라닭-대학로점,4.8,서울 종로구 동숭동 1-89 석마빌딩 1층 102호,   손님,5.0,2021년 2월 18일,"배달이 왔는데 앱에서는 17분후 도착이라고 되어 있더라구요 ᆢ
치킨맛은 담백하고 맛있었습니다~"
343,푸라닭-대학로점,4.8,서울 종로구 동숭동 1-89 석마빌딩 1층 102호,sk**님,4.666666666666667,2021년 2월 13일,"거리가 멀다 ㅠ   따뜻했으면 더 맛있을텐데 
왜 집근처에 업냐고ㅡㅡㅠ"
344,푸라닭-대학로점,4.8,서울 종로구 동숭동 1-89 석마빌딩 1층 102호,pa**님,5.0,2021년 2월 13일,"덕분에 설날에 잘 먹었습니다.
새해 복 많이 받으세요!!"
345,푸라닭-대학로점,4.8,서울 종로구 동숭동 1-89 석마빌딩 1층 102호,ji**님,5.0,2021년 2월 13일,맛있어요 😍😍😍😍😍
346,푸라닭-대학로점,4.8,서울 종로구 동숭동 1-89 석마빌딩 1층 102호,th**님,5.0,2021년 2월 13일,"배달도 이제 대학로점이 생겨서 빨리오고, 따뜻하게 맛잇게 아주 잘먹었습니다. 새해도 코로나로 힘들지만 힘내시구 대박나길 바라겟습니다."
347,푸라닭-대학로점,4.8,서울 종로구 동숭동 1-89 석마빌딩 1층 102호,lc**님,5.0,2021년 2월 12일,안녕하세요? 언제나 맛있어요.ㅋㅋ
348,푸라닭-대학로점,4.8,서울 종로구 동숭동 1-89 석마빌딩 1층 102호,pi**님,5.0,2021년 2월 8일,"요구사항도 잘 들어주시고 치킨자체는 너무 맛있었는데요.
혹시 이제 소스를 따로 안주시는건가요 아니면 누락된건가요
항상 고추마요 소스가 왔었는데 없어서 당황했네요"
349,푸라닭-대학로점,4.8,서울 종로구 동숭동 1-89 석마빌딩 1층 102호,ny**님,5.0,2021년 2월 8일,빨리 도착했어요 아직 따뜻- 맛있게 잘 먹었습니당
350,푸라닭-대학로점,4.8,서울 종로구 동숭동 1-89 석마빌딩 1층 102호,kr**님,4.333333333333333,2021년 2월 6일,첨먹어보는데 양도 괜찮고 맛있었습니다.
351,푸라닭-대학로점,4.8,서울 종로구 동숭동 1-89 석마빌딩 1층 102호,ki**님,4.666666666666667,2021년 2월 3일,배달도 빠르고 맛있게 잘먹었습니다 근데 계속 먹으니까 좀 느끼하게 물리는 맛이네요ㅠㅜ
352,푸라닭-대학로점,4.8,서울 종로구 동숭동 1-89 석마빌딩 1층 102호,ph**님,3.6666666666666665,2021년 1월 31일,"개비추천

음식 배달 도착했다고 연락한지 1분만에
1층에 놓고 가버리겠다는 사람.

배달 최악 ...다신 안시킴"
353,푸라닭-대학로점,4.8,서울 종로구 동숭동 1-89 석마빌딩 1층 102호,le**님,5.0,2021년 1월 31일,맛있습니다 추천드려요
354,푸라닭-대학로점,4.8,서울 종로구 동숭동 1-89 석마빌딩 1층 102호,se**님,5.0,2021년 1월 29일,배달 엄청  빠르고 양많아요~
355,푸라닭-대학로점,4.8,서울 종로구 동숭동 1-89 석마빌딩 1층 102호,yh**님,5.0,2021년 1월 27일,"깜박해서 먹다 찍었어요 ㅠㅠ
맛있어요!!"
356,푸라닭-대학로점,4.8,서울 종로구 동숭동 1-89 석마빌딩 1층 102호,la**님,5.0,2021년 1월 26일,"처음 시켰는데 맛있게 먹었습니다.
배달은 안내에 나와있는 시간만큼 걸려서 
별 불만은 없었구요. 
앞으로 자주 시켜먹으려구요."
357,푸라닭-대학로점,4.8,서울 종로구 동숭동 1-89 석마빌딩 1층 102호,97**님,5.0,2021년 1월 25일,배달 예정 시간보다 훨씬 빨리 왔어요! 할라피뇨 토핑이 이렇게나 가득!ㅋㅋ 짱좋아요!! 투움바도 맛있고ㅠㅠ 또 시킬게요~!~!
358,푸라닭-대학로점,4.8,서울 종로구 동숭동 1-89 석마빌딩 1층 102호,hi**님,5.0,2021년 1월 25일,항상 맛잇게 잘 먹습니다
359,푸라닭-대학로점,4.8,서울 종로구 동숭동 1-89 석마빌딩 1층 102호,to**님,5.0,2021년 1월 24일,맛있어용!!!!!사장님고친절하셨오욧
360,푸라닭-대학로점,4.8,서울 종로구 동숭동 1-89 석마빌딩 1층 102호,ch**님,5.0,2021년 1월 24일,"푸라닭 처음 시켜먹었는데 정말 대박적,,,,♥️❣️❣️♥️ 저처럼 치즈 러버는 투움바 무!족!권! 시키세요오오!!!! 느끼할 때쯤 살짝 매콤한 소스 정말 최고,,, 사이드로 꼬친새우랑 치즈볼, 케이크, 크로칸슈 시켰는데 오동통 새우 정말 대박이에요...💖 다른 지점들 후기보고 사이드 시킬까말까 했는데 시킨게 정말 다행이에요><>< 치즈케이크는 정말 특별한 맛이고 크로칸슈는 다른 리뷰들과 다르게 이 지점이 특별한지 모르겠지만 저 정말 겉바속촉 느꼈습니다!! 대학로점 푸라닭 쵝오,,,❣️ 콜라 안 먹는거 감안해서 다른 걸로 바꿔주시는 서비스도👍"
361,푸라닭-대학로점,4.8,서울 종로구 동숭동 1-89 석마빌딩 1층 102호,wo**님,4.666666666666667,2021년 1월 24일,"제 취향이 아니지만, 포장이나 스타일은 좋은 것 같아요~"
362,푸라닭-대학로점,4.8,서울 종로구 동숭동 1-89 석마빌딩 1층 102호,wn**님,5.0,2021년 1월 23일,최고! 잘 먹었습니당
363,푸라닭-대학로점,4.8,서울 종로구 동숭동 1-89 석마빌딩 1층 102호,ha**님,4.666666666666667,2021년 1월 21일,고급스러운 쇼핑백에 맛있게 먹었습니다
364,푸라닭-대학로점,4.8,서울 종로구 동숭동 1-89 석마빌딩 1층 102호,ec**님,5.0,2021년 1월 21일,투움바는 첨 시켜봤는데 나쁘지 않아요!
365,푸라닭-대학로점,4.8,서울 종로구 동숭동 1-89 석마빌딩 1층 102호,se**님,5.0,2021년 1월 16일,"맛있게 잘먹었습니다!
배달도 빨리오고 따뜻하고 맛나게 먹었어요!"
366,푸라닭-대학로점,4.8,서울 종로구 동숭동 1-89 석마빌딩 1층 102호,dl**님,5.0,2021년 1월 16일,"푸라닭 처음먹는데 맛나요
배달도 예상시간보다 많이 빨라서 놀랐어요
넘맛나게 잘먹었습니다"
367,푸라닭-대학로점,4.8,서울 종로구 동숭동 1-89 석마빌딩 1층 102호,   손님,5.0,2021년 1월 15일,배달 완전빠르고 처음먹어봣는데 쌉존맛탱구리 ㅠ
368,푸라닭-대학로점,4.8,서울 종로구 동숭동 1-89 석마빌딩 1층 102호,jo**님,3.3333333333333335,2021년 1월 15일,푸라닭 순살은 닭다리살로만 되어 있어서 정말 부드럽고 맛있었습니다! 앞으로 자주 시켜먹을거같아요 ㅎㅎ
369,푸라닭-대학로점,4.8,서울 종로구 동숭동 1-89 석마빌딩 1층 102호,   손님,5.0,2021년 1월 13일,오....투움바 치킨 너무맛있네요
370,푸라닭-대학로점,4.8,서울 종로구 동숭동 1-89 석마빌딩 1층 102호,xu**님,5.0,2021년 1월 12일,좋아요!!!!!!!!!!!!!
371,푸라닭-대학로점,4.8,서울 종로구 동숭동 1-89 석마빌딩 1층 102호,ki**님,4.0,2021년 1월 10일,배달도 예상시간보다 빨리오고 맛있었어요. 좀 잘게 잘라진 편이라 먹기 편했음.
372,푸라닭-대학로점,4.8,서울 종로구 동숭동 1-89 석마빌딩 1층 102호,26**님,5.0,2021년 1월 9일,"포장 럭셔리 보소~
맛도~~ 고급스런 치킨요리를
삼킨듯한~~"
373,푸라닭-대학로점,4.8,서울 종로구 동숭동 1-89 석마빌딩 1층 102호,es**님,5.0,2021년 1월 9일,기대 별로  생각보다 맛있네요. 푸라닭 처음인데 괜찮네요 블랙 알리오 맛있어요 고추 마요는 살짝 좀 느끼한데 마요네즈 좋아하는 사람들은 좋아할 거 같아요
374,푸라닭-대학로점,4.8,서울 종로구 동숭동 1-89 석마빌딩 1층 102호,40**님,5.0,2021년 1월 5일,맛있어요~ 떡추가 서비스도 해줬어요~
375,푸라닭-대학로점,4.8,서울 종로구 동숭동 1-89 석마빌딩 1층 102호,   손님,4.666666666666667,2021년 1월 5일,양이 많아요. 맛있어요
376,푸라닭-대학로점,4.8,서울 종로구 동숭동 1-89 석마빌딩 1층 102호,sk**님,5.0,2021년 1월 5일,맛있습니닾양도 많고 굿입니다
377,푸라닭-대학로점,4.8,서울 종로구 동숭동 1-89 석마빌딩 1층 102호,qm**님,5.0,2021년 1월 3일,마늘 많아서 좋아요ㅎㅎ
378,푸라닭-대학로점,4.8,서울 종로구 동숭동 1-89 석마빌딩 1층 102호,hi**님,4.666666666666667,2021년 1월 3일,엄청 맛있었는데 다 식어서 왓어요ㅠㅠㅠㅠㅠㅠ 거의 차가운치킨...... 뜨거웟음 더 맛잇었을 거 같아서 아쉬워요ㅠㅠ
379,푸라닭-대학로점,4.8,서울 종로구 동숭동 1-89 석마빌딩 1층 102호,s9**님,5.0,2021년 1월 3일,"푸라닭 처음인데 진짜 맛있네요
푸라닭 강추 !!"
380,푸라닭-대학로점,4.8,서울 종로구 동숭동 1-89 석마빌딩 1층 102호,io**님,5.0,2021년 1월 2일,"너무너무 맛있게 잘 먹었습니다~^^
같이 먹었던 분들도 푸라닭 처음 접해봤는데 진짜 맛있다고 잘 시켰다고 아주 극찬을 하시더라구요ㅎㅎ
그래서 또 생각나서 먹자고 해서 두번째 주문이었어요~
자주 이용할게요!!"
381,푸라닭-대학로점,4.8,서울 종로구 동숭동 1-89 석마빌딩 1층 102호,   손님,4.0,2021년 1월 2일,맛은 좋아요  구운 닭
382,푸라닭-대학로점,4.8,서울 종로구 동숭동 1-89 석마빌딩 1층 102호,pe**님,5.0,2021년 1월 2일,대박 이거 왜이렇게 맛있어요??? 블랙홀마냥 흡입하듯이 먹었어요 양도 많고 남자 혼자 먹었는데 1/3정도 남겼어요 ㅋㅋㅋㅋ 대박 다음에 또 시킬게요!!! 푸라닭은 투움바가 짱!!!
383,푸라닭-대학로점,4.8,서울 종로구 동숭동 1-89 석마빌딩 1층 102호,do**님,4.0,2021년 1월 1일,써진 것처럼 기름이 정말 많네요..
384,푸라닭-대학로점,4.8,서울 종로구 동숭동 1-89 석마빌딩 1층 102호,33**님,5.0,2020년 12월 31일,"맛있고 이런시기에 깔끔하게 포장되어서
감사합니다"
385,푸라닭-대학로점,4.8,서울 종로구 동숭동 1-89 석마빌딩 1층 102호,sk**님,5.0,2020년 12월 31일,양도 많고 서비스도 좋습니다
386,푸라닭-대학로점,4.8,서울 종로구 동숭동 1-89 석마빌딩 1층 102호,sh**님,5.0,2020년 12월 30일,푸라닭이 제일 맛있어요 요즘
387,푸라닭-대학로점,4.8,서울 종로구 동숭동 1-89 석마빌딩 1층 102호,ba**님,3.6666666666666665,2020년 12월 29일,맛있습니다ㅎㅎ 배달을 하시며 닭을 던졌는지 겉포장지에 양념이 줄줄 흐르고 내용물은 한쪽에 몰려있어서 받자마자 먹기도 전에 기분이 나빴네요 신경써주시면 감사하겠습니다
388,푸라닭-대학로점,4.8,서울 종로구 동숭동 1-89 석마빌딩 1층 102호,   손님,5.0,2020년 12월 28일,"역시 PURADAK! 치킨 일등! 
맛있어요!!"
389,푸라닭-대학로점,4.8,서울 종로구 동숭동 1-89 석마빌딩 1층 102호,   손님,5.0,2020년 12월 27일,"배달도 너무 빠르고, 무엇보다 치킨이 정말 맛있어요. 오븐에 구운 뒤 튀겨서 그런지 정말 깔끔하네요. 느끼하지도 않구요. 코카콜라 1.25리터!! 이거 실화냐? 하며 놀랐답니다. 거기다가 치즈볼까지 주시고,  사장님~~남는 게 있으실 지~~😅 넘 감사히 잘 먹었어요🙆‍♂️ 고추마요소스 찐 맛있어요. 달콤양념 소스도요. 아이들도 정말 잘 먹었어요^^"
390,푸라닭-대학로점,4.8,서울 종로구 동숭동 1-89 석마빌딩 1층 102호,bo**님,5.0,2020년 12월 27일,"한번 먹어보고 그 후론 계속 푸라닭만 시켜먹고있어요~
사람들마다 블랙알리오 vs 투움바 호불호가 갈리는거 같은데
저는 투움바맛이 좀 더 맛있네요ㅎㅎ 제 입맛에 맛있어요ㅎㅎ 
약간 매콤해서 느끼하지 않아요ㅎㅎ 
맛있게 잘먹었습니다:)"
391,푸라닭-대학로점,4.8,서울 종로구 동숭동 1-89 석마빌딩 1층 102호,   손님,5.0,2020년 12월 26일,좋아요~~~~~~~~
392,푸라닭-대학로점,4.8,서울 종로구 동숭동 1-89 석마빌딩 1층 102호,lh**님,5.0,2020년 12월 24일,"호캉스하면서 친궝
투움바 궁금해서 시켰는데 겁나 느끼! 근데 매콤하고 맛있어요
투움바맛은 안나지만,,
그리고 배달하시는분도 다른분들이랑 다르게 친절해서 너무 기억에 남아요 우리동네에 있었으면 좋았을 점포에요~!
번창하세요!
아맞다 베이비크랩&포테이토 개존맛탱이에요"
393,푸라닭-대학로점,4.8,서울 종로구 동숭동 1-89 석마빌딩 1층 102호,va**님,5.0,2020년 12월 24일,너무 맛잇습니당!!!
394,푸라닭-대학로점,4.8,서울 종로구 동숭동 1-89 석마빌딩 1층 102호,ys**님,4.666666666666667,2020년 12월 23일,배달이 조금 늦어 짜증이 났었지만 음식을 먹고 이 정도 맛이라면 두시간도 기다릴 수 있다고 생각했습니다.
395,푸라닭-대학로점,4.8,서울 종로구 동숭동 1-89 석마빌딩 1층 102호,   손님,5.0,2020년 12월 21일,짝짝짝짝짝짝짝짝짝짝
396,푸라닭-대학로점,4.8,서울 종로구 동숭동 1-89 석마빌딩 1층 102호,sl**님,5.0,2020년 12월 20일,최고에요~ 앞으로 푸라닭만 먹을서같아요~
397,푸라닭-대학로점,4.8,서울 종로구 동숭동 1-89 석마빌딩 1층 102호,lw**님,5.0,2020년 12월 20일,배달 예상시간보다 빨리왔어요 치즈볼 맛있네용 잘 먹었습니다
398,푸라닭-대학로점,4.8,서울 종로구 동숭동 1-89 석마빌딩 1층 102호,31**님,4.666666666666667,2020년 12월 19일,"맛있어요 오징어링은 생각보다 별로
하지만 치킨 치즈볼 존맛탱이요"
399,푸라닭-대학로점,4.8,서울 종로구 동숭동 1-89 석마빌딩 1층 102호,   손님,5.0,2020년 12월 19일,넘 맛나게 잘 먹었습니다
400,푸라닭-대학로점,4.8,서울 종로구 동숭동 1-89 석마빌딩 1층 102호,al**님,5.0,2020년 12월 19일,순살 별로 안좋아하는데 여기는 닭다리살이라서 촉촉쫀득하고 맛있어요ㅎㅅㅎ 블랙알리오랑 투움바 반반 했는데 블랙알리오 이렇게 맛있는지 몰랐어요 진짜 존맛ㅠㅠ 근데 투움바는 맛있긴한데 투움바 소스 맛이 아니라 매운치즈소스맛? 그런 느낌이에요 저는 그냥 그랬는데 남자친구는 존맛이라고 하는 거 보니까 약간 호불호 갈리나봐요 맛 없진 않았어요 근데 담에 또 먹을 때는 블랙알리오로만 시킬래여 떡도 들어있어서 진짜 넘 좋아요 든든해여
401,푸라닭-대학로점,4.8,서울 종로구 동숭동 1-89 석마빌딩 1층 102호,   손님,5.0,2020년 12월 19일,너무 맛있어요! 또 주문하겠습니다
402,푸라닭-대학로점,4.8,서울 종로구 동숭동 1-89 석마빌딩 1층 102호,dy**님,4.333333333333333,2020년 12월 18일,"너무너무 맛나게 먹었어요 
근데 날씨 추워서 인지  식어서 왔어요"
403,푸라닭-대학로점,4.8,서울 종로구 동숭동 1-89 석마빌딩 1층 102호,ch**님,5.0,2020년 12월 17일,푸라닭 맨날 시켜볼까하다가 ㅠㅠ 양념잇는거 눅눅하면 맛없을까봐 안시켯거든요 ㅠㅠ 나레기싀키 왜 그랫을까요ㅠㅠㅠㅠㅠㅠㅠ 넘나 취향 ㅠㅠㅠㅠㅠ 사랑해요 푸라닭
404,푸라닭-대학로점,4.8,서울 종로구 동숭동 1-89 석마빌딩 1층 102호,zy**님,5.0,2020년 12월 17일,푸라닭처음 먹어봤는데 진짜 맛있었어요!!!
405,푸라닭-대학로점,4.8,서울 종로구 동숭동 1-89 석마빌딩 1층 102호,pr**님,4.666666666666667,2020년 12월 16일,푸라닭 너무 좋아해서 치킨은 푸라닭만 시킵니다 ^^ 한성대입구역 근처 살아서 성신여대점으로 항상 시키다가 댈학로점 생겨서 시켜봤는데 여긴 캔콜라가 아닌 1.25리터 콜라와서 좋았습니다. 날씨 추워서 좀 식은거 같았지만 먹을만 했고요. 매드반은 처음 먹어보는데 좀 느끼하네요 ㅜ 원래 먹던 알리오나 다음엔 양념반 시켜 먹을까 생각중입니다. 감사히 잘 먹었습니다 ~
406,푸라닭-대학로점,4.8,서울 종로구 동숭동 1-89 석마빌딩 1층 102호,fu**님,5.0,2020년 12월 15일,맛도있고 배송도 빠릅니다. 재구매각.
407,푸라닭-대학로점,4.8,서울 종로구 동숭동 1-89 석마빌딩 1층 102호,ye**님,3.6666666666666665,2020년 12월 13일,늘 믿고 먹는 푸라닭이에용ㅎㅎ 처음 시켜본 멘보샤는 맛있지만 너무너무 기름져서 한번 기름기 빼고 팔면 더 맛있을 것 같아요ㅠ 그리고 배달시키는 이유가 집 밖으로 안 나가려고 그러는건뎅 난생 첨으로 배달 1층으로 내려오라고 하셔서 당황하기도 했고 마스크 쓰고 준비하고 내려가는 시간 생각하면 직접 올라오시는게 낫지 않았을까요ㅋㅋ 그래서 좀 기분 상했었네요
408,푸라닭-대학로점,4.8,서울 종로구 동숭동 1-89 석마빌딩 1층 102호,pi**님,3.0,2020년 12월 10일,"배달 이십분 늦게온건 이해하는데 배달상태가 말이안되네요 ㅋㅌ 뭐 오면서 치킨으로 저글링이라도 하셨나요?
안에 기름떡볶이양념 고추마요양념 다흘려서 여기저기 묻어있고 심지어 할라피뇨 한조각도 굴러다니더라구요.  뭐하나 꺼낼때마다 손더러워지고 다닦아내느라 고생좀했습니다 맛은 있네요👍🏻수고하세요"
409,푸라닭-대학로점,4.8,서울 종로구 동숭동 1-89 석마빌딩 1층 102호,gu**님,5.0,2020년 12월 10일,넘넘 맛있어요 같이 먹은 사람들도 다 맛있다고 했어요 번창하세요~
410,푸라닭-대학로점,4.8,서울 종로구 동숭동 1-89 석마빌딩 1층 102호,jy**님,4.0,2020년 12월 10일,고추마요~짱입니다^^
411,푸라닭-대학로점,4.8,서울 종로구 동숭동 1-89 석마빌딩 1층 102호,ky**님,5.0,2020년 12월 9일,"예정 시간보다 20분이나 빨리 왔구 서비스로 떡사리 넣어주셨어요ㅎㅎㅎ 블랙 윙콤보 진짜 강추입니다 미쳤어요,,,,"
412,푸라닭-대학로점,4.8,서울 종로구 동숭동 1-89 석마빌딩 1층 102호,   손님,4.666666666666667,2020년 12월 9일,너무 맛있었어요!!!!
413,푸라닭-대학로점,4.8,서울 종로구 동숭동 1-89 석마빌딩 1층 102호,jo**님,4.333333333333333,2020년 12월 8일,투움바보다는 블랙 알리오가 맛있고 푸라닭은 고추마요가 제일맛있는것 같음!
414,푸라닭-대학로점,4.8,서울 종로구 동숭동 1-89 석마빌딩 1층 102호,eg**님,4.666666666666667,2020년 12월 7일,사진이 이것밖에 없어서 이거라도 올립니당ㅠ 다친건 별개구용 치킨은 너무 맛있었는데 양념이 다 새서 먹기전에 애좀 먹었네요ㅠㅜ
415,푸라닭-대학로점,4.8,서울 종로구 동숭동 1-89 석마빌딩 1층 102호,   손님,4.666666666666667,2020년 12월 5일,"맛있어요 배달은 평범합니다 
비닐장갑 두쌍 제 말은 두사람분 부탁한건데 한사람용만 왔어요 ㅠㅠ 떡 많이 부탁했는데 생각보다 떡이 없어서 아쉬웠네요. 떡추가 이천원 하면 몇개가 더 들어가나요? 담엔 추가해볼까해서요.. https://m.blog.naver.com/aniksm28/222163807306 블로그에 자세히 리뷰했습니다 ㅎㅎ 그래도 맛있게 잘 먹었습니다 배달주문 첨해봤어요"
416,푸라닭-대학로점,4.8,서울 종로구 동숭동 1-89 석마빌딩 1층 102호,   손님,4.666666666666667,2020년 12월 5일,맛있습니다. 수고하세요!!
417,푸라닭-대학로점,4.8,서울 종로구 동숭동 1-89 석마빌딩 1층 102호,bo**님,4.0,2020년 12월 3일,맛있음 근데 달콤양념소스 하나 안왔음
418,푸라닭-대학로점,4.8,서울 종로구 동숭동 1-89 석마빌딩 1층 102호,dp**님,2.3333333333333335,2020년 12월 1일,"소스가 다새서 왔네요.... 까만색이라 모르고 들고 내려놨다가 옷이랑  침대에 범벅....
소스가 샌걸 아셧다면 미리말씀해주시지 
모르셧을꺼라고 믿을께요"
419,푸라닭-대학로점,4.8,서울 종로구 동숭동 1-89 석마빌딩 1층 102호,gu**님,4.333333333333333,2020년 12월 1일,살짝 치킨이 식어있는 거 빼고는 맛있었어요! 날씨가 추워서 빨리식은거같아요ㅠㅠ
420,푸라닭-대학로점,4.8,서울 종로구 동숭동 1-89 석마빌딩 1층 102호,gu**님,5.0,2020년 11월 30일,맛있어요ㅎㅎ 배달은 예상 시간대로 왔어요
421,푸라닭-대학로점,4.8,서울 종로구 동숭동 1-89 석마빌딩 1층 102호,bo**님,4.333333333333333,2020년 11월 30일,"매우 맛있습니다^^
근데 식어서 조금 아쉬웟습니다"
422,푸라닭-대학로점,4.8,서울 종로구 동숭동 1-89 석마빌딩 1층 102호,bo**님,4.666666666666667,2020년 11월 29일,"와 푸라닭 처음 먹어봤는데 이렇게 맛있는줄 몰랐네요!
겉바속촉 육즙이 ㄷㄷㄷ
넘나 맛있어요~ 진짜!!"
423,푸라닭-대학로점,4.8,서울 종로구 동숭동 1-89 석마빌딩 1층 102호,al**님,5.0,2020년 11월 29일,배달도 빠르고 음식도 맛있게 잘 먹었어요!
424,푸라닭-대학로점,4.8,서울 종로구 동숭동 1-89 석마빌딩 1층 102호,ri**님,5.0,2020년 11월 28일,"빠르게와서 맛있게 먹었습니다
사장님이 요구사항도 잘들어주시고 다음에도 또 시킬려구요"
425,푸라닭-대학로점,4.8,서울 종로구 동숭동 1-89 석마빌딩 1층 102호,wj**님,5.0,2020년 11월 28일,.
426,푸라닭-대학로점,4.8,서울 종로구 동숭동 1-89 석마빌딩 1층 102호,ki**님,5.0,2020년 11월 27일,고추마요 역대급임 진심 치킨중1등
427,푸라닭-대학로점,4.8,서울 종로구 동숭동 1-89 석마빌딩 1층 102호,ha**님,5.0,2020년 11월 27일,예상80분이라 좌절하고 산책중이었는데 40분만에 왔어요!! 듣던대로 맛과 포장 퀄리티도 지리구요 ㅎㅎ 너무 잘먹었습니다 단짠맵 조합 최고
428,푸라닭-대학로점,4.8,서울 종로구 동숭동 1-89 석마빌딩 1층 102호,rk**님,5.0,2020년 11월 27일,할라피뇨많이부탁드렸어요 ㅋㄱ덕분에 안느끼하게잘먹었숨당!!!역시 최고에용
429,푸라닭-대학로점,4.8,서울 종로구 동숭동 1-89 석마빌딩 1층 102호,aa**님,4.666666666666667,2020년 11월 27일,"배달도 빨랐고 항상 맛있어요
소스도 맛있고 치자치킨무 추가 필수임
근데 누가 뜯어 먹은 것 처럼 사진처럼 저런 게 들어있어서 찜찜했어요 ;;"
430,푸라닭-대학로점,4.8,서울 종로구 동숭동 1-89 석마빌딩 1층 102호,tl**님,5.0,2020년 11월 24일,맛나요 굳굳! 치킨또시켜먹어야지
431,푸라닭-대학로점,4.8,서울 종로구 동숭동 1-89 석마빌딩 1층 102호,ha**님,5.0,2020년 11월 23일,맛있게 잘 먹었어요!!
432,푸라닭-대학로점,4.8,서울 종로구 동숭동 1-89 석마빌딩 1층 102호,yj**님,5.0,2020년 11월 22일,어머니께서 유일하게 찾으시는 치킨이 이거라 항상 주말마다 주문해서 먹고 있습니다. 대학로점은 처음인데 서비스도 너무 좋고 닭 자체도 다른곳보다 깔끔하고 맛있습니다. 양도 어머니랑 저랑 둘이서 한 마리 적당히 먹을 정도로 괜찮습니다. 맛있게 잘 먹었습니다 덕분에 좋은 주말 보냈습니다. 번창하세요.
433,푸라닭-대학로점,4.8,서울 종로구 동숭동 1-89 석마빌딩 1층 102호,cp**님,5.0,2020년 11월 22일,존맛탱입니다👍👍👍👍
434,푸라닭-대학로점,4.8,서울 종로구 동숭동 1-89 석마빌딩 1층 102호,ma**님,5.0,2020년 11월 22일,"짱맛있어용~~ 역시 고추마요ㅠㅠ
따로 주신 새우칩과자까지 완벽쓰!!"
435,푸라닭-대학로점,4.8,서울 종로구 동숭동 1-89 석마빌딩 1층 102호,sk**님,3.3333333333333335,2020년 11월 22일,전체적으로 별루 였습니다  치킨은 다식어서왔구..눅눅하고..담엔 안시킬꺼같아요
436,푸라닭-대학로점,4.8,서울 종로구 동숭동 1-89 석마빌딩 1층 102호,mi**님,3.6666666666666665,2020년 11월 20일,피자는 너무 차가워서 넘 놀랐어요.한시간 넘게 걸려받았는데..치킨은 괜찮았어요..떡이 맛있네요..전체적으로 실망..
437,푸라닭-대학로점,4.8,서울 종로구 동숭동 1-89 석마빌딩 1층 102호,   손님,4.666666666666667,2020년 11월 20일,"한마리 반이라 둘이 먹기 딱이에요. 
맛있고 넘 좋아요. 오자마자 바로 먹어 사진 찍는걸 깜박ㅋㅋ"
438,푸라닭-대학로점,4.8,서울 종로구 동숭동 1-89 석마빌딩 1층 102호,we**님,5.0,2020년 11월 20일,맛있게 잘 먹었습니다. 배달기사님이  아주 친절하시네요 .번창하세요
439,푸라닭-대학로점,4.8,서울 종로구 동숭동 1-89 석마빌딩 1층 102호,   손님,4.666666666666667,2020년 11월 20일,60분 걸린대서 조금 자려했는데 30분만에 와버려서 잠들려고 할 때 도착해버렸네요 ㅡㅡ 맛은 뭐 역시 믿고 먹는 푸라닭이라 좋았어요
